pais,cod_origem,descricao,data,indice
EUA,0,All Items,2013-12-01,100.0
EUA,0,All Items,2014-01-01,100.373
EUA,0,All Items,2014-02-01,100.744
EUA,0,All Items,2014-03-01,101.393
EUA,0,All Items,2014-04-01,101.727
EUA,0,All Items,2014-05-01,102.082
EUA,0,All Items,2014-06-01,102.275
EUA,0,All Items,2014-07-01,102.232
EUA,0,All Items,2014-08-01,102.061
EUA,0,All Items,2014-09-01,102.138
EUA,0,All Items,2014-10-01,101.881
EUA,0,All Items,2014-11-01,101.331
EUA,0,All Items,2014-12-01,100.757
EUA,0,All Items,2015-01-01,100.283
EUA,0,All Items,2015-02-01,100.718
EUA,0,All Items,2015-03-01,101.317
EUA,0,All Items,2015-04-01,101.523
EUA,0,All Items,2015-05-01,102.04
EUA,0,All Items,2015-06-01,102.398
EUA,0,All Items,2015-07-01,102.405
EUA,0,All Items,2015-08-01,102.26
EUA,0,All Items,2015-09-01,102.101
EUA,0,All Items,2015-10-01,102.055
EUA,0,All Items,2015-11-01,101.839
EUA,0,All Items,2015-12-01,101.491
EUA,0,All Items,2016-01-01,101.659
EUA,0,All Items,2016-02-01,101.743
EUA,0,All Items,2016-03-01,102.181
EUA,0,All Items,2016-04-01,102.665
EUA,0,All Items,2016-05-01,103.08
EUA,0,All Items,2016-06-01,103.419
EUA,0,All Items,2016-07-01,103.252
EUA,0,All Items,2016-08-01,103.346
EUA,0,All Items,2016-09-01,103.595
EUA,0,All Items,2016-10-01,103.724
EUA,0,All Items,2016-11-01,103.562
EUA,0,All Items,2016-12-01,103.597
EUA,0,All Items,2017-01-01,104.201
EUA,0,All Items,2017-02-01,104.529
EUA,0,All Items,2017-03-01,104.614
EUA,0,All Items,2017-04-01,104.924
EUA,0,All Items,2017-05-01,105.014
EUA,0,All Items,2017-06-01,105.109
EUA,0,All Items,2017-07-01,105.037
EUA,0,All Items,2017-08-01,105.352
EUA,0,All Items,2017-09-01,105.909
EUA,0,All Items,2017-10-01,105.842
EUA,0,All Items,2017-11-01,105.845
EUA,0,All Items,2017-12-01,105.782
EUA,0,All Items,2018-01-01,106.358
EUA,0,All Items,2018-02-01,106.841
EUA,0,All Items,2018-03-01,107.082
EUA,0,All Items,2018-04-01,107.508
EUA,0,All Items,2018-05-01,107.955
EUA,0,All Items,2018-06-01,108.127
EUA,0,All Items,2018-07-01,108.134
EUA,0,All Items,2018-08-01,108.194
EUA,0,All Items,2018-09-01,108.32
EUA,0,All Items,2018-10-01,108.512
EUA,0,All Items,2018-11-01,108.148
EUA,0,All Items,2018-12-01,107.803
EUA,0,All Items,2019-01-01,108.008
EUA,0,All Items,2019-02-01,108.465
EUA,0,All Items,2019-03-01,109.077
EUA,0,All Items,2019-04-01,109.654
EUA,0,All Items,2019-05-01,109.888
EUA,0,All Items,2019-06-01,109.909
EUA,0,All Items,2019-07-01,110.093
EUA,0,All Items,2019-08-01,110.087
EUA,0,All Items,2019-09-01,110.174
EUA,0,All Items,2019-10-01,110.426
EUA,0,All Items,2019-11-01,110.367
EUA,0,All Items,2019-12-01,110.266
EUA,0,All Items,2020-01-01,110.701
EUA,0,All Items,2020-02-01,111.008
EUA,0,All Items,2020-03-01,110.77
EUA,0,All Items,2020-04-01,110.051
EUA,0,All Items,2020-05-01,110.058
EUA,0,All Items,2020-06-01,110.635
EUA,0,All Items,2020-07-01,111.179
EUA,0,All Items,2020-08-01,111.527
EUA,0,All Items,2020-09-01,111.687
EUA,0,All Items,2020-10-01,111.726
EUA,0,All Items,2020-11-01,111.652
EUA,0,All Items,2020-12-01,111.762
EUA,0,All Items,2021-01-01,112.248
EUA,0,All Items,2021-02-01,112.855
EUA,0,All Items,2021-03-01,113.635
EUA,0,All Items,2021-04-01,114.545
EUA,0,All Items,2021-05-01,115.446
EUA,0,All Items,2021-06-01,116.495
EUA,0,All Items,2021-07-01,117.046
EUA,0,All Items,2021-08-01,117.314
EUA,0,All Items,2021-09-01,117.654
EUA,0,All Items,2021-10-01,118.627
EUA,0,All Items,2021-11-01,119.207
EUA,0,All Items,2021-12-01,119.583
EUA,0,All Items,2022-01-01,120.588
EUA,0,All Items,2022-02-01,121.691
EUA,0,All Items,2022-03-01,123.318
EUA,0,All Items,2022-04-01,124.007
EUA,0,All Items,2022-05-01,125.377
EUA,0,All Items,2022-06-01,127.083
EUA,0,All Items,2022-07-01,127.068
EUA,0,All Items,2022-08-01,127.022
EUA,0,All Items,2022-09-01,127.295
EUA,0,All Items,2022-10-01,127.829
EUA,0,All Items,2022-11-01,127.699
EUA,0,All Items,2022-12-01,127.306
EUA,0,All Items,2023-01-01,128.267
EUA,0,All Items,2023-02-01,128.929
EUA,0,All Items,2023-03-01,129.26
EUA,0,All Items,2023-04-01,129.948
EUA,0,All Items,2023-05-01,130.247
EUA,0,All Items,2023-06-01,130.677
EUA,0,All Items,2023-07-01,130.937
EUA,0,All Items,2023-08-01,131.589
EUA,0,All Items,2023-09-01,131.915
EUA,0,All Items,2023-10-01,131.955
EUA,0,All Items,2023-11-01,131.755
EUA,0,All Items,2023-12-01,131.652
EUA,0,All Items,2024-01-01,132.413
EUA,0,All Items,2024-02-01,132.996
EUA,0,All Items,2024-03-01,133.503
EUA,0,All Items,2024-04-01,133.783
EUA,0,All Items,2024-05-01,134.001
EUA,0,All Items,2024-06-01,134.279
EUA,0,All Items,2024-07-01,134.402
EUA,0,All Items,2024-08-01,134.709
EUA,0,All Items,2024-09-01,135.314
EUA,0,All Items,2024-10-01,135.654
EUA,0,All Items,2024-11-01,135.783
EUA,0,All Items,2024-12-01,135.925
EUA,1,Food and Non-Alcoholic Beverages,2013-12-01,100.0
EUA,1,Food and Non-Alcoholic Beverages,2014-01-01,100.673
EUA,1,Food and Non-Alcoholic Beverages,2014-02-01,100.995
EUA,1,Food and Non-Alcoholic Beverages,2014-03-01,101.372
EUA,1,Food and Non-Alcoholic Beverages,2014-04-01,101.855
EUA,1,Food and Non-Alcoholic Beverages,2014-05-01,102.462
EUA,1,Food and Non-Alcoholic Beverages,2014-06-01,102.302
EUA,1,Food and Non-Alcoholic Beverages,2014-07-01,102.588
EUA,1,Food and Non-Alcoholic Beverages,2014-08-01,102.987
EUA,1,Food and Non-Alcoholic Beverages,2014-09-01,103.357
EUA,1,Food and Non-Alcoholic Beverages,2014-10-01,103.588
EUA,1,Food and Non-Alcoholic Beverages,2014-11-01,103.344
EUA,1,Food and Non-Alcoholic Beverages,2014-12-01,103.72
EUA,1,Food and Non-Alcoholic Beverages,2015-01-01,104.016
EUA,1,Food and Non-Alcoholic Beverages,2015-02-01,103.92
EUA,1,Food and Non-Alcoholic Beverages,2015-03-01,103.351
EUA,1,Food and Non-Alcoholic Beverages,2015-04-01,103.226
EUA,1,Food and Non-Alcoholic Beverages,2015-05-01,103.103
EUA,1,Food and Non-Alcoholic Beverages,2015-06-01,103.309
EUA,1,Food and Non-Alcoholic Beverages,2015-07-01,103.52
EUA,1,Food and Non-Alcoholic Beverages,2015-08-01,103.852
EUA,1,Food and Non-Alcoholic Beverages,2015-09-01,104.145
EUA,1,Food and Non-Alcoholic Beverages,2015-10-01,104.287
EUA,1,Food and Non-Alcoholic Beverages,2015-11-01,103.622
EUA,1,Food and Non-Alcoholic Beverages,2015-12-01,103.246
EUA,1,Food and Non-Alcoholic Beverages,2016-01-01,103.538
EUA,1,Food and Non-Alcoholic Beverages,2016-02-01,103.557
EUA,1,Food and Non-Alcoholic Beverages,2016-03-01,102.808
EUA,1,Food and Non-Alcoholic Beverages,2016-04-01,102.933
EUA,1,Food and Non-Alcoholic Beverages,2016-05-01,102.384
EUA,1,Food and Non-Alcoholic Beverages,2016-06-01,101.981
EUA,1,Food and Non-Alcoholic Beverages,2016-07-01,101.885
EUA,1,Food and Non-Alcoholic Beverages,2016-08-01,101.841
EUA,1,Food and Non-Alcoholic Beverages,2016-09-01,101.855
EUA,1,Food and Non-Alcoholic Beverages,2016-10-01,101.865
EUA,1,Food and Non-Alcoholic Beverages,2016-11-01,101.336
EUA,1,Food and Non-Alcoholic Beverages,2016-12-01,101.132
EUA,1,Food and Non-Alcoholic Beverages,2017-01-01,101.529
EUA,1,Food and Non-Alcoholic Beverages,2017-02-01,101.765
EUA,1,Food and Non-Alcoholic Beverages,2017-03-01,101.908
EUA,1,Food and Non-Alcoholic Beverages,2017-04-01,102.146
EUA,1,Food and Non-Alcoholic Beverages,2017-05-01,102.211
EUA,1,Food and Non-Alcoholic Beverages,2017-06-01,101.927
EUA,1,Food and Non-Alcoholic Beverages,2017-07-01,102.208
EUA,1,Food and Non-Alcoholic Beverages,2017-08-01,102.17
EUA,1,Food and Non-Alcoholic Beverages,2017-09-01,102.288
EUA,1,Food and Non-Alcoholic Beverages,2017-10-01,102.469
EUA,1,Food and Non-Alcoholic Beverages,2017-11-01,101.97
EUA,1,Food and Non-Alcoholic Beverages,2017-12-01,102.043
EUA,1,Food and Non-Alcoholic Beverages,2018-01-01,102.595
EUA,1,Food and Non-Alcoholic Beverages,2018-02-01,102.312
EUA,1,Food and Non-Alcoholic Beverages,2018-03-01,102.3
EUA,1,Food and Non-Alcoholic Beverages,2018-04-01,102.714
EUA,1,Food and Non-Alcoholic Beverages,2018-05-01,102.359
EUA,1,Food and Non-Alcoholic Beverages,2018-06-01,102.304
EUA,1,Food and Non-Alcoholic Beverages,2018-07-01,102.584
EUA,1,Food and Non-Alcoholic Beverages,2018-08-01,102.673
EUA,1,Food and Non-Alcoholic Beverages,2018-09-01,102.723
EUA,1,Food and Non-Alcoholic Beverages,2018-10-01,102.619
EUA,1,Food and Non-Alcoholic Beverages,2018-11-01,102.379
EUA,1,Food and Non-Alcoholic Beverages,2018-12-01,102.651
EUA,1,Food and Non-Alcoholic Beverages,2019-01-01,103.264
EUA,1,Food and Non-Alcoholic Beverages,2019-02-01,103.554
EUA,1,Food and Non-Alcoholic Beverages,2019-03-01,103.766
EUA,1,Food and Non-Alcoholic Beverages,2019-04-01,103.466
EUA,1,Food and Non-Alcoholic Beverages,2019-05-01,103.591
EUA,1,Food and Non-Alcoholic Beverages,2019-06-01,103.266
EUA,1,Food and Non-Alcoholic Beverages,2019-07-01,103.25
EUA,1,Food and Non-Alcoholic Beverages,2019-08-01,103.161
EUA,1,Food and Non-Alcoholic Beverages,2019-09-01,103.327
EUA,1,Food and Non-Alcoholic Beverages,2019-10-01,103.67
EUA,1,Food and Non-Alcoholic Beverages,2019-11-01,103.395
EUA,1,Food and Non-Alcoholic Beverages,2019-12-01,103.392
EUA,1,Food and Non-Alcoholic Beverages,2020-01-01,104.006
EUA,1,Food and Non-Alcoholic Beverages,2020-02-01,104.402
EUA,1,Food and Non-Alcoholic Beverages,2020-03-01,104.879
EUA,1,Food and Non-Alcoholic Beverages,2020-04-01,107.679
EUA,1,Food and Non-Alcoholic Beverages,2020-05-01,108.593
EUA,1,Food and Non-Alcoholic Beverages,2020-06-01,109.119
EUA,1,Food and Non-Alcoholic Beverages,2020-07-01,108.044
EUA,1,Food and Non-Alcoholic Beverages,2020-08-01,107.953
EUA,1,Food and Non-Alcoholic Beverages,2020-09-01,107.543
EUA,1,Food and Non-Alcoholic Beverages,2020-10-01,107.784
EUA,1,Food and Non-Alcoholic Beverages,2020-11-01,107.127
EUA,1,Food and Non-Alcoholic Beverages,2020-12-01,107.474
EUA,1,Food and Non-Alcoholic Beverages,2021-01-01,107.851
EUA,1,Food and Non-Alcoholic Beverages,2021-02-01,108.114
EUA,1,Food and Non-Alcoholic Beverages,2021-03-01,108.334
EUA,1,Food and Non-Alcoholic Beverages,2021-04-01,108.996
EUA,1,Food and Non-Alcoholic Beverages,2021-05-01,109.329
EUA,1,Food and Non-Alcoholic Beverages,2021-06-01,110.14
EUA,1,Food and Non-Alcoholic Beverages,2021-07-01,110.82
EUA,1,Food and Non-Alcoholic Beverages,2021-08-01,111.171
EUA,1,Food and Non-Alcoholic Beverages,2021-09-01,112.4
EUA,1,Food and Non-Alcoholic Beverages,2021-10-01,113.585
EUA,1,Food and Non-Alcoholic Beverages,2021-11-01,113.968
EUA,1,Food and Non-Alcoholic Beverages,2021-12-01,114.46
EUA,1,Food and Non-Alcoholic Beverages,2022-01-01,115.821
EUA,1,Food and Non-Alcoholic Beverages,2022-02-01,117.478
EUA,1,Food and Non-Alcoholic Beverages,2022-03-01,119.207
EUA,1,Food and Non-Alcoholic Beverages,2022-04-01,120.72
EUA,1,Food and Non-Alcoholic Beverages,2022-05-01,122.349
EUA,1,Food and Non-Alcoholic Beverages,2022-06-01,123.578
EUA,1,Food and Non-Alcoholic Beverages,2022-07-01,125.319
EUA,1,Food and Non-Alcoholic Beverages,2022-08-01,126.185
EUA,1,Food and Non-Alcoholic Beverages,2022-09-01,126.954
EUA,1,Food and Non-Alcoholic Beverages,2022-10-01,127.643
EUA,1,Food and Non-Alcoholic Beverages,2022-11-01,127.576
EUA,1,Food and Non-Alcoholic Beverages,2022-12-01,127.922
EUA,1,Food and Non-Alcoholic Beverages,2023-01-01,128.925
EUA,1,Food and Non-Alcoholic Beverages,2023-02-01,129.361
EUA,1,Food and Non-Alcoholic Beverages,2023-03-01,129.11
EUA,1,Food and Non-Alcoholic Beverages,2023-04-01,129.286
EUA,1,Food and Non-Alcoholic Beverages,2023-05-01,129.384
EUA,1,Food and Non-Alcoholic Beverages,2023-06-01,129.276
EUA,1,Food and Non-Alcoholic Beverages,2023-07-01,129.763
EUA,1,Food and Non-Alcoholic Beverages,2023-08-01,129.868
EUA,1,Food and Non-Alcoholic Beverages,2023-09-01,129.947
EUA,1,Food and Non-Alcoholic Beverages,2023-10-01,130.33
EUA,1,Food and Non-Alcoholic Beverages,2023-11-01,129.641
EUA,1,Food and Non-Alcoholic Beverages,2023-12-01,129.554
EUA,1,Food and Non-Alcoholic Beverages,2024-01-01,130.457
EUA,1,Food and Non-Alcoholic Beverages,2024-02-01,130.611
EUA,1,Food and Non-Alcoholic Beverages,2024-03-01,130.6
EUA,1,Food and Non-Alcoholic Beverages,2024-04-01,130.742
EUA,1,Food and Non-Alcoholic Beverages,2024-05-01,130.712
EUA,1,Food and Non-Alcoholic Beverages,2024-06-01,130.69
EUA,1,Food and Non-Alcoholic Beverages,2024-07-01,131.042
EUA,1,Food and Non-Alcoholic Beverages,2024-08-01,130.929
EUA,1,Food and Non-Alcoholic Beverages,2024-09-01,131.467
EUA,1,Food and Non-Alcoholic Beverages,2024-10-01,131.659
EUA,1,Food and Non-Alcoholic Beverages,2024-11-01,131.663
EUA,1,Food and Non-Alcoholic Beverages,2024-12-01,132.0
EUA,1.1.1,Bread and Cereals,2013-12-01,100.0
EUA,1.1.1,Bread and Cereals,2014-01-01,100.63
EUA,1.1.1,Bread and Cereals,2014-02-01,100.51
EUA,1.1.1,Bread and Cereals,2014-03-01,100.479
EUA,1.1.1,Bread and Cereals,2014-04-01,100.594
EUA,1.1.1,Bread and Cereals,2014-05-01,100.779
EUA,1.1.1,Bread and Cereals,2014-06-01,100.52
EUA,1.1.1,Bread and Cereals,2014-07-01,101.005
EUA,1.1.1,Bread and Cereals,2014-08-01,101.045
EUA,1.1.1,Bread and Cereals,2014-09-01,100.57
EUA,1.1.1,Bread and Cereals,2014-10-01,100.832
EUA,1.1.1,Bread and Cereals,2014-11-01,100.537
EUA,1.1.1,Bread and Cereals,2014-12-01,100.68
EUA,1.1.1,Bread and Cereals,2015-01-01,101.546
EUA,1.1.1,Bread and Cereals,2015-02-01,101.731
EUA,1.1.1,Bread and Cereals,2015-03-01,101.902
EUA,1.1.1,Bread and Cereals,2015-04-01,101.715
EUA,1.1.1,Bread and Cereals,2015-05-01,101.77
EUA,1.1.1,Bread and Cereals,2015-06-01,102.143
EUA,1.1.1,Bread and Cereals,2015-07-01,102.479
EUA,1.1.1,Bread and Cereals,2015-08-01,102.344
EUA,1.1.1,Bread and Cereals,2015-09-01,101.915
EUA,1.1.1,Bread and Cereals,2015-10-01,102.57
EUA,1.1.1,Bread and Cereals,2015-11-01,101.939
EUA,1.1.1,Bread and Cereals,2015-12-01,101.775
EUA,1.1.1,Bread and Cereals,2016-01-01,102.224
EUA,1.1.1,Bread and Cereals,2016-02-01,102.254
EUA,1.1.1,Bread and Cereals,2016-03-01,101.874
EUA,1.1.1,Bread and Cereals,2016-04-01,102.133
EUA,1.1.1,Bread and Cereals,2016-05-01,101.853
EUA,1.1.1,Bread and Cereals,2016-06-01,101.892
EUA,1.1.1,Bread and Cereals,2016-07-01,101.874
EUA,1.1.1,Bread and Cereals,2016-08-01,101.849
EUA,1.1.1,Bread and Cereals,2016-09-01,101.391
EUA,1.1.1,Bread and Cereals,2016-10-01,101.572
EUA,1.1.1,Bread and Cereals,2016-11-01,101.267
EUA,1.1.1,Bread and Cereals,2016-12-01,101.053
EUA,1.1.1,Bread and Cereals,2017-01-01,101.638
EUA,1.1.1,Bread and Cereals,2017-02-01,101.184
EUA,1.1.1,Bread and Cereals,2017-03-01,101.537
EUA,1.1.1,Bread and Cereals,2017-04-01,101.497
EUA,1.1.1,Bread and Cereals,2017-05-01,101.564
EUA,1.1.1,Bread and Cereals,2017-06-01,101.462
EUA,1.1.1,Bread and Cereals,2017-07-01,101.213
EUA,1.1.1,Bread and Cereals,2017-08-01,101.607
EUA,1.1.1,Bread and Cereals,2017-09-01,101.263
EUA,1.1.1,Bread and Cereals,2017-10-01,101.042
EUA,1.1.1,Bread and Cereals,2017-11-01,100.76
EUA,1.1.1,Bread and Cereals,2017-12-01,100.641
EUA,1.1.1,Bread and Cereals,2018-01-01,101.545
EUA,1.1.1,Bread and Cereals,2018-02-01,101.162
EUA,1.1.1,Bread and Cereals,2018-03-01,101.572
EUA,1.1.1,Bread and Cereals,2018-04-01,101.357
EUA,1.1.1,Bread and Cereals,2018-05-01,101.41
EUA,1.1.1,Bread and Cereals,2018-06-01,102.07
EUA,1.1.1,Bread and Cereals,2018-07-01,101.913
EUA,1.1.1,Bread and Cereals,2018-08-01,101.943
EUA,1.1.1,Bread and Cereals,2018-09-01,102.089
EUA,1.1.1,Bread and Cereals,2018-10-01,101.542
EUA,1.1.1,Bread and Cereals,2018-11-01,101.908
EUA,1.1.1,Bread and Cereals,2018-12-01,102.309
EUA,1.1.1,Bread and Cereals,2019-01-01,102.58
EUA,1.1.1,Bread and Cereals,2019-02-01,102.933
EUA,1.1.1,Bread and Cereals,2019-03-01,103.41
EUA,1.1.1,Bread and Cereals,2019-04-01,103.173
EUA,1.1.1,Bread and Cereals,2019-05-01,103.603
EUA,1.1.1,Bread and Cereals,2019-06-01,103.267
EUA,1.1.1,Bread and Cereals,2019-07-01,103.488
EUA,1.1.1,Bread and Cereals,2019-08-01,103.164
EUA,1.1.1,Bread and Cereals,2019-09-01,103.421
EUA,1.1.1,Bread and Cereals,2019-10-01,103.109
EUA,1.1.1,Bread and Cereals,2019-11-01,102.996
EUA,1.1.1,Bread and Cereals,2019-12-01,102.573
EUA,1.1.1,Bread and Cereals,2020-01-01,102.902
EUA,1.1.1,Bread and Cereals,2020-02-01,103.172
EUA,1.1.1,Bread and Cereals,2020-03-01,103.547
EUA,1.1.1,Bread and Cereals,2020-04-01,106.349
EUA,1.1.1,Bread and Cereals,2020-05-01,106.266
EUA,1.1.1,Bread and Cereals,2020-06-01,106.697
EUA,1.1.1,Bread and Cereals,2020-07-01,106.365
EUA,1.1.1,Bread and Cereals,2020-08-01,106.092
EUA,1.1.1,Bread and Cereals,2020-09-01,106.072
EUA,1.1.1,Bread and Cereals,2020-10-01,106.192
EUA,1.1.1,Bread and Cereals,2020-11-01,105.462
EUA,1.1.1,Bread and Cereals,2020-12-01,105.818
EUA,1.1.1,Bread and Cereals,2021-01-01,105.511
EUA,1.1.1,Bread and Cereals,2021-02-01,105.952
EUA,1.1.1,Bread and Cereals,2021-03-01,106.195
EUA,1.1.1,Bread and Cereals,2021-04-01,106.43
EUA,1.1.1,Bread and Cereals,2021-05-01,106.904
EUA,1.1.1,Bread and Cereals,2021-06-01,106.946
EUA,1.1.1,Bread and Cereals,2021-07-01,107.98
EUA,1.1.1,Bread and Cereals,2021-08-01,107.778
EUA,1.1.1,Bread and Cereals,2021-09-01,108.926
EUA,1.1.1,Bread and Cereals,2021-10-01,109.879
EUA,1.1.1,Bread and Cereals,2021-11-01,110.358
EUA,1.1.1,Bread and Cereals,2021-12-01,110.869
EUA,1.1.1,Bread and Cereals,2022-01-01,112.72
EUA,1.1.1,Bread and Cereals,2022-02-01,114.193
EUA,1.1.1,Bread and Cereals,2022-03-01,116.212
EUA,1.1.1,Bread and Cereals,2022-04-01,117.399
EUA,1.1.1,Bread and Cereals,2022-05-01,119.316
EUA,1.1.1,Bread and Cereals,2022-06-01,121.721
EUA,1.1.1,Bread and Cereals,2022-07-01,124.179
EUA,1.1.1,Bread and Cereals,2022-08-01,125.459
EUA,1.1.1,Bread and Cereals,2022-09-01,126.554
EUA,1.1.1,Bread and Cereals,2022-10-01,127.358
EUA,1.1.1,Bread and Cereals,2022-11-01,128.44
EUA,1.1.1,Bread and Cereals,2022-12-01,128.677
EUA,1.1.1,Bread and Cereals,2023-01-01,130.268
EUA,1.1.1,Bread and Cereals,2023-02-01,130.819
EUA,1.1.1,Bread and Cereals,2023-03-01,131.973
EUA,1.1.1,Bread and Cereals,2023-04-01,131.926
EUA,1.1.1,Bread and Cereals,2023-05-01,132.095
EUA,1.1.1,Bread and Cereals,2023-06-01,132.423
EUA,1.1.1,Bread and Cereals,2023-07-01,132.909
EUA,1.1.1,Bread and Cereals,2023-08-01,132.978
EUA,1.1.1,Bread and Cereals,2023-09-01,132.611
EUA,1.1.1,Bread and Cereals,2023-10-01,132.676
EUA,1.1.1,Bread and Cereals,2023-11-01,132.832
EUA,1.1.1,Bread and Cereals,2023-12-01,131.965
EUA,1.1.1,Bread and Cereals,2024-01-01,132.249
EUA,1.1.1,Bread and Cereals,2024-02-01,132.693
EUA,1.1.1,Bread and Cereals,2024-03-01,132.095
EUA,1.1.1,Bread and Cereals,2024-04-01,132.777
EUA,1.1.1,Bread and Cereals,2024-05-01,133.194
EUA,1.1.1,Bread and Cereals,2024-06-01,133.312
EUA,1.1.1,Bread and Cereals,2024-07-01,132.909
EUA,1.1.1,Bread and Cereals,2024-08-01,132.554
EUA,1.1.1,Bread and Cereals,2024-09-01,132.39
EUA,1.1.1,Bread and Cereals,2024-10-01,133.991
EUA,1.1.1,Bread and Cereals,2024-11-01,131.727
EUA,1.1.1,Bread and Cereals,2024-12-01,132.845
EUA,1.1.2,Meat,2013-12-01,100.0
EUA,1.1.2,Meat,2014-01-01,100.099
EUA,1.1.2,Meat,2014-02-01,101.206
EUA,1.1.2,Meat,2014-03-01,102.534
EUA,1.1.2,Meat,2014-04-01,104.268
EUA,1.1.2,Meat,2014-05-01,105.354
EUA,1.1.2,Meat,2014-06-01,105.866
EUA,1.1.2,Meat,2014-07-01,106.4
EUA,1.1.2,Meat,2014-08-01,108.55
EUA,1.1.2,Meat,2014-09-01,109.562
EUA,1.1.2,Meat,2014-10-01,109.289
EUA,1.1.2,Meat,2014-11-01,109.414
EUA,1.1.2,Meat,2014-12-01,109.275
EUA,1.1.2,Meat,2015-01-01,109.367
EUA,1.1.2,Meat,2015-02-01,109.405
EUA,1.1.2,Meat,2015-03-01,109.094
EUA,1.1.2,Meat,2015-04-01,108.604
EUA,1.1.2,Meat,2015-05-01,108.0
EUA,1.1.2,Meat,2015-06-01,108.74
EUA,1.1.2,Meat,2015-07-01,108.796
EUA,1.1.2,Meat,2015-08-01,108.657
EUA,1.1.2,Meat,2015-09-01,108.578
EUA,1.1.2,Meat,2015-10-01,108.583
EUA,1.1.2,Meat,2015-11-01,107.537
EUA,1.1.2,Meat,2015-12-01,105.852
EUA,1.1.2,Meat,2016-01-01,104.858
EUA,1.1.2,Meat,2016-02-01,104.964
EUA,1.1.2,Meat,2016-03-01,105.117
EUA,1.1.2,Meat,2016-04-01,105.36
EUA,1.1.2,Meat,2016-05-01,105.017
EUA,1.1.2,Meat,2016-06-01,104.984
EUA,1.1.2,Meat,2016-07-01,104.404
EUA,1.1.2,Meat,2016-08-01,104.575
EUA,1.1.2,Meat,2016-09-01,104.337
EUA,1.1.2,Meat,2016-10-01,103.837
EUA,1.1.2,Meat,2016-11-01,103.109
EUA,1.1.2,Meat,2016-12-01,102.327
EUA,1.1.2,Meat,2017-01-01,101.904
EUA,1.1.2,Meat,2017-02-01,102.441
EUA,1.1.2,Meat,2017-03-01,103.461
EUA,1.1.2,Meat,2017-04-01,103.127
EUA,1.1.2,Meat,2017-05-01,103.385
EUA,1.1.2,Meat,2017-06-01,104.247
EUA,1.1.2,Meat,2017-07-01,105.302
EUA,1.1.2,Meat,2017-08-01,105.213
EUA,1.1.2,Meat,2017-09-01,104.891
EUA,1.1.2,Meat,2017-10-01,104.931
EUA,1.1.2,Meat,2017-11-01,104.221
EUA,1.1.2,Meat,2017-12-01,104.499
EUA,1.1.2,Meat,2018-01-01,103.749
EUA,1.1.2,Meat,2018-02-01,103.721
EUA,1.1.2,Meat,2018-03-01,104.568
EUA,1.1.2,Meat,2018-04-01,104.997
EUA,1.1.2,Meat,2018-05-01,104.368
EUA,1.1.2,Meat,2018-06-01,104.408
EUA,1.1.2,Meat,2018-07-01,104.969
EUA,1.1.2,Meat,2018-08-01,105.005
EUA,1.1.2,Meat,2018-09-01,104.313
EUA,1.1.2,Meat,2018-10-01,103.938
EUA,1.1.2,Meat,2018-11-01,103.816
EUA,1.1.2,Meat,2018-12-01,103.461
EUA,1.1.2,Meat,2019-01-01,103.703
EUA,1.1.2,Meat,2019-02-01,104.118
EUA,1.1.2,Meat,2019-03-01,104.406
EUA,1.1.2,Meat,2019-04-01,104.778
EUA,1.1.2,Meat,2019-05-01,105.394
EUA,1.1.2,Meat,2019-06-01,105.282
EUA,1.1.2,Meat,2019-07-01,105.661
EUA,1.1.2,Meat,2019-08-01,105.33
EUA,1.1.2,Meat,2019-09-01,105.16
EUA,1.1.2,Meat,2019-10-01,105.738
EUA,1.1.2,Meat,2019-11-01,105.701
EUA,1.1.2,Meat,2019-12-01,106.418
EUA,1.1.2,Meat,2020-01-01,106.305
EUA,1.1.2,Meat,2020-02-01,106.813
EUA,1.1.2,Meat,2020-03-01,107.412
EUA,1.1.2,Meat,2020-04-01,111.246
EUA,1.1.2,Meat,2020-05-01,116.314
EUA,1.1.2,Meat,2020-06-01,119.569
EUA,1.1.2,Meat,2020-07-01,115.155
EUA,1.1.2,Meat,2020-08-01,113.361
EUA,1.1.2,Meat,2020-09-01,112.323
EUA,1.1.2,Meat,2020-10-01,112.445
EUA,1.1.2,Meat,2020-11-01,112.005
EUA,1.1.2,Meat,2020-12-01,111.606
EUA,1.1.2,Meat,2021-01-01,112.06
EUA,1.1.2,Meat,2021-02-01,112.252
EUA,1.1.2,Meat,2021-03-01,112.935
EUA,1.1.2,Meat,2021-04-01,114.43
EUA,1.1.2,Meat,2021-05-01,116.273
EUA,1.1.2,Meat,2021-06-01,119.516
EUA,1.1.2,Meat,2021-07-01,121.275
EUA,1.1.2,Meat,2021-08-01,121.867
EUA,1.1.2,Meat,2021-09-01,123.815
EUA,1.1.2,Meat,2021-10-01,125.828
EUA,1.1.2,Meat,2021-11-01,126.811
EUA,1.1.2,Meat,2021-12-01,125.689
EUA,1.1.2,Meat,2022-01-01,125.816
EUA,1.1.2,Meat,2022-02-01,127.116
EUA,1.1.2,Meat,2022-03-01,128.935
EUA,1.1.2,Meat,2022-04-01,130.539
EUA,1.1.2,Meat,2022-05-01,131.813
EUA,1.1.2,Meat,2022-06-01,132.615
EUA,1.1.2,Meat,2022-07-01,133.553
EUA,1.1.2,Meat,2022-08-01,133.762
EUA,1.1.2,Meat,2022-09-01,134.232
EUA,1.1.2,Meat,2022-10-01,134.21
EUA,1.1.2,Meat,2022-11-01,133.013
EUA,1.1.2,Meat,2022-12-01,132.486
EUA,1.1.2,Meat,2023-01-01,132.222
EUA,1.1.2,Meat,2023-02-01,132.702
EUA,1.1.2,Meat,2023-03-01,133.012
EUA,1.1.2,Meat,2023-04-01,133.534
EUA,1.1.2,Meat,2023-05-01,133.962
EUA,1.1.2,Meat,2023-06-01,134.365
EUA,1.1.2,Meat,2023-07-01,135.74
EUA,1.1.2,Meat,2023-08-01,136.481
EUA,1.1.2,Meat,2023-09-01,137.202
EUA,1.1.2,Meat,2023-10-01,138.431
EUA,1.1.2,Meat,2023-11-01,136.707
EUA,1.1.2,Meat,2023-12-01,136.248
EUA,1.1.2,Meat,2024-01-01,135.972
EUA,1.1.2,Meat,2024-02-01,135.335
EUA,1.1.2,Meat,2024-03-01,136.563
EUA,1.1.2,Meat,2024-04-01,136.61
EUA,1.1.2,Meat,2024-05-01,137.34
EUA,1.1.2,Meat,2024-06-01,137.574
EUA,1.1.2,Meat,2024-07-01,138.784
EUA,1.1.2,Meat,2024-08-01,139.07
EUA,1.1.2,Meat,2024-09-01,139.52
EUA,1.1.2,Meat,2024-10-01,138.841
EUA,1.1.2,Meat,2024-11-01,139.381
EUA,1.1.2,Meat,2024-12-01,139.087
EUA,1.1.3,Fish and Seafood,2013-12-01,100.0
EUA,1.1.3,Fish and Seafood,2014-01-01,102.184
EUA,1.1.3,Fish and Seafood,2014-02-01,102.002
EUA,1.1.3,Fish and Seafood,2014-03-01,101.474
EUA,1.1.3,Fish and Seafood,2014-04-01,102.834
EUA,1.1.3,Fish and Seafood,2014-05-01,104.75
EUA,1.1.3,Fish and Seafood,2014-06-01,105.113
EUA,1.1.3,Fish and Seafood,2014-07-01,105.131
EUA,1.1.3,Fish and Seafood,2014-08-01,105.153
EUA,1.1.3,Fish and Seafood,2014-09-01,105.88
EUA,1.1.3,Fish and Seafood,2014-10-01,104.694
EUA,1.1.3,Fish and Seafood,2014-11-01,105.053
EUA,1.1.3,Fish and Seafood,2014-12-01,104.263
EUA,1.1.3,Fish and Seafood,2015-01-01,104.468
EUA,1.1.3,Fish and Seafood,2015-02-01,103.566
EUA,1.1.3,Fish and Seafood,2015-03-01,103.597
EUA,1.1.3,Fish and Seafood,2015-04-01,104.813
EUA,1.1.3,Fish and Seafood,2015-05-01,103.948
EUA,1.1.3,Fish and Seafood,2015-06-01,103.147
EUA,1.1.3,Fish and Seafood,2015-07-01,102.837
EUA,1.1.3,Fish and Seafood,2015-08-01,103.622
EUA,1.1.3,Fish and Seafood,2015-09-01,102.975
EUA,1.1.3,Fish and Seafood,2015-10-01,101.475
EUA,1.1.3,Fish and Seafood,2015-11-01,101.855
EUA,1.1.3,Fish and Seafood,2015-12-01,100.785
EUA,1.1.3,Fish and Seafood,2016-01-01,101.674
EUA,1.1.3,Fish and Seafood,2016-02-01,100.095
EUA,1.1.3,Fish and Seafood,2016-03-01,100.791
EUA,1.1.3,Fish and Seafood,2016-04-01,103.207
EUA,1.1.3,Fish and Seafood,2016-05-01,102.71
EUA,1.1.3,Fish and Seafood,2016-06-01,102.964
EUA,1.1.3,Fish and Seafood,2016-07-01,103.044
EUA,1.1.3,Fish and Seafood,2016-08-01,102.59
EUA,1.1.3,Fish and Seafood,2016-09-01,103.643
EUA,1.1.3,Fish and Seafood,2016-10-01,102.28
EUA,1.1.3,Fish and Seafood,2016-11-01,102.914
EUA,1.1.3,Fish and Seafood,2016-12-01,102.292
EUA,1.1.3,Fish and Seafood,2017-01-01,102.801
EUA,1.1.3,Fish and Seafood,2017-02-01,103.439
EUA,1.1.3,Fish and Seafood,2017-03-01,102.465
EUA,1.1.3,Fish and Seafood,2017-04-01,102.231
EUA,1.1.3,Fish and Seafood,2017-05-01,103.855
EUA,1.1.3,Fish and Seafood,2017-06-01,104.336
EUA,1.1.3,Fish and Seafood,2017-07-01,104.044
EUA,1.1.3,Fish and Seafood,2017-08-01,103.842
EUA,1.1.3,Fish and Seafood,2017-09-01,103.675
EUA,1.1.3,Fish and Seafood,2017-10-01,103.7
EUA,1.1.3,Fish and Seafood,2017-11-01,104.559
EUA,1.1.3,Fish and Seafood,2017-12-01,104.042
EUA,1.1.3,Fish and Seafood,2018-01-01,104.072
EUA,1.1.3,Fish and Seafood,2018-02-01,102.866
EUA,1.1.3,Fish and Seafood,2018-03-01,104.21
EUA,1.1.3,Fish and Seafood,2018-04-01,106.067
EUA,1.1.3,Fish and Seafood,2018-05-01,105.281
EUA,1.1.3,Fish and Seafood,2018-06-01,105.815
EUA,1.1.3,Fish and Seafood,2018-07-01,105.721
EUA,1.1.3,Fish and Seafood,2018-08-01,107.219
EUA,1.1.3,Fish and Seafood,2018-09-01,106.48
EUA,1.1.3,Fish and Seafood,2018-10-01,106.615
EUA,1.1.3,Fish and Seafood,2018-11-01,107.418
EUA,1.1.3,Fish and Seafood,2018-12-01,107.339
EUA,1.1.3,Fish and Seafood,2019-01-01,107.859
EUA,1.1.3,Fish and Seafood,2019-02-01,107.396
EUA,1.1.3,Fish and Seafood,2019-03-01,107.005
EUA,1.1.3,Fish and Seafood,2019-04-01,107.397
EUA,1.1.3,Fish and Seafood,2019-05-01,108.362
EUA,1.1.3,Fish and Seafood,2019-06-01,107.566
EUA,1.1.3,Fish and Seafood,2019-07-01,107.356
EUA,1.1.3,Fish and Seafood,2019-08-01,107.496
EUA,1.1.3,Fish and Seafood,2019-09-01,106.926
EUA,1.1.3,Fish and Seafood,2019-10-01,107.345
EUA,1.1.3,Fish and Seafood,2019-11-01,107.387
EUA,1.1.3,Fish and Seafood,2019-12-01,107.337
EUA,1.1.3,Fish and Seafood,2020-01-01,108.295
EUA,1.1.3,Fish and Seafood,2020-02-01,107.543
EUA,1.1.3,Fish and Seafood,2020-03-01,107.126
EUA,1.1.3,Fish and Seafood,2020-04-01,112.311
EUA,1.1.3,Fish and Seafood,2020-05-01,112.825
EUA,1.1.3,Fish and Seafood,2020-06-01,111.855
EUA,1.1.3,Fish and Seafood,2020-07-01,111.199
EUA,1.1.3,Fish and Seafood,2020-08-01,111.383
EUA,1.1.3,Fish and Seafood,2020-09-01,111.936
EUA,1.1.3,Fish and Seafood,2020-10-01,111.937
EUA,1.1.3,Fish and Seafood,2020-11-01,112.451
EUA,1.1.3,Fish and Seafood,2020-12-01,112.661
EUA,1.1.3,Fish and Seafood,2021-01-01,112.911
EUA,1.1.3,Fish and Seafood,2021-02-01,112.336
EUA,1.1.3,Fish and Seafood,2021-03-01,112.661
EUA,1.1.3,Fish and Seafood,2021-04-01,112.763
EUA,1.1.3,Fish and Seafood,2021-05-01,114.988
EUA,1.1.3,Fish and Seafood,2021-06-01,116.824
EUA,1.1.3,Fish and Seafood,2021-07-01,118.547
EUA,1.1.3,Fish and Seafood,2021-08-01,118.371
EUA,1.1.3,Fish and Seafood,2021-09-01,119.812
EUA,1.1.3,Fish and Seafood,2021-10-01,120.315
EUA,1.1.3,Fish and Seafood,2021-11-01,121.461
EUA,1.1.3,Fish and Seafood,2021-12-01,122.131
EUA,1.1.3,Fish and Seafood,2022-01-01,123.761
EUA,1.1.3,Fish and Seafood,2022-02-01,124.001
EUA,1.1.3,Fish and Seafood,2022-03-01,124.979
EUA,1.1.3,Fish and Seafood,2022-04-01,126.164
EUA,1.1.3,Fish and Seafood,2022-05-01,129.016
EUA,1.1.3,Fish and Seafood,2022-06-01,129.68
EUA,1.1.3,Fish and Seafood,2022-07-01,128.964
EUA,1.1.3,Fish and Seafood,2022-08-01,128.746
EUA,1.1.3,Fish and Seafood,2022-09-01,129.438
EUA,1.1.3,Fish and Seafood,2022-10-01,129.237
EUA,1.1.3,Fish and Seafood,2022-11-01,129.458
EUA,1.1.3,Fish and Seafood,2022-12-01,128.368
EUA,1.1.3,Fish and Seafood,2023-01-01,128.824
EUA,1.1.3,Fish and Seafood,2023-02-01,129.73
EUA,1.1.3,Fish and Seafood,2023-03-01,128.321
EUA,1.1.3,Fish and Seafood,2023-04-01,128.72
EUA,1.1.3,Fish and Seafood,2023-05-01,127.691
EUA,1.1.3,Fish and Seafood,2023-06-01,128.598
EUA,1.1.3,Fish and Seafood,2023-07-01,127.955
EUA,1.1.3,Fish and Seafood,2023-08-01,128.887
EUA,1.1.3,Fish and Seafood,2023-09-01,127.543
EUA,1.1.3,Fish and Seafood,2023-10-01,126.938
EUA,1.1.3,Fish and Seafood,2023-11-01,127.575
EUA,1.1.3,Fish and Seafood,2023-12-01,126.553
EUA,1.1.3,Fish and Seafood,2024-01-01,125.52
EUA,1.1.3,Fish and Seafood,2024-02-01,124.702
EUA,1.1.3,Fish and Seafood,2024-03-01,125.04
EUA,1.1.3,Fish and Seafood,2024-04-01,126.067
EUA,1.1.3,Fish and Seafood,2024-05-01,126.47
EUA,1.1.3,Fish and Seafood,2024-06-01,127.371
EUA,1.1.3,Fish and Seafood,2024-07-01,125.974
EUA,1.1.3,Fish and Seafood,2024-08-01,125.952
EUA,1.1.3,Fish and Seafood,2024-09-01,125.849
EUA,1.1.3,Fish and Seafood,2024-10-01,125.025
EUA,1.1.3,Fish and Seafood,2024-11-01,125.436
EUA,1.1.3,Fish and Seafood,2024-12-01,125.675
EUA,1.1.4,"Milk, Cheese and Eggs",2013-12-01,100.0
EUA,1.1.4,"Milk, Cheese and Eggs",2014-01-01,100.119
EUA,1.1.4,"Milk, Cheese and Eggs",2014-02-01,100.922
EUA,1.1.4,"Milk, Cheese and Eggs",2014-03-01,102.418
EUA,1.1.4,"Milk, Cheese and Eggs",2014-04-01,102.939
EUA,1.1.4,"Milk, Cheese and Eggs",2014-05-01,103.597
EUA,1.1.4,"Milk, Cheese and Eggs",2014-06-01,103.208
EUA,1.1.4,"Milk, Cheese and Eggs",2014-07-01,103.699
EUA,1.1.4,"Milk, Cheese and Eggs",2014-08-01,104.187
EUA,1.1.4,"Milk, Cheese and Eggs",2014-09-01,104.277
EUA,1.1.4,"Milk, Cheese and Eggs",2014-10-01,104.682
EUA,1.1.4,"Milk, Cheese and Eggs",2014-11-01,104.852
EUA,1.1.4,"Milk, Cheese and Eggs",2014-12-01,106.287
EUA,1.1.4,"Milk, Cheese and Eggs",2015-01-01,104.848
EUA,1.1.4,"Milk, Cheese and Eggs",2015-02-01,103.821
EUA,1.1.4,"Milk, Cheese and Eggs",2015-03-01,103.378
EUA,1.1.4,"Milk, Cheese and Eggs",2015-04-01,102.19
EUA,1.1.4,"Milk, Cheese and Eggs",2015-05-01,101.829
EUA,1.1.4,"Milk, Cheese and Eggs",2015-06-01,103.842
EUA,1.1.4,"Milk, Cheese and Eggs",2015-07-01,105.233
EUA,1.1.4,"Milk, Cheese and Eggs",2015-08-01,106.278
EUA,1.1.4,"Milk, Cheese and Eggs",2015-09-01,106.832
EUA,1.1.4,"Milk, Cheese and Eggs",2015-10-01,105.522
EUA,1.1.4,"Milk, Cheese and Eggs",2015-11-01,104.615
EUA,1.1.4,"Milk, Cheese and Eggs",2015-12-01,104.615
EUA,1.1.4,"Milk, Cheese and Eggs",2016-01-01,102.658
EUA,1.1.4,"Milk, Cheese and Eggs",2016-02-01,102.258
EUA,1.1.4,"Milk, Cheese and Eggs",2016-03-01,100.607
EUA,1.1.4,"Milk, Cheese and Eggs",2016-04-01,99.575
EUA,1.1.4,"Milk, Cheese and Eggs",2016-05-01,98.097
EUA,1.1.4,"Milk, Cheese and Eggs",2016-06-01,96.69
EUA,1.1.4,"Milk, Cheese and Eggs",2016-07-01,96.766
EUA,1.1.4,"Milk, Cheese and Eggs",2016-08-01,96.433
EUA,1.1.4,"Milk, Cheese and Eggs",2016-09-01,97.038
EUA,1.1.4,"Milk, Cheese and Eggs",2016-10-01,97.388
EUA,1.1.4,"Milk, Cheese and Eggs",2016-11-01,96.777
EUA,1.1.4,"Milk, Cheese and Eggs",2016-12-01,96.997
EUA,1.1.4,"Milk, Cheese and Eggs",2017-01-01,98.928
EUA,1.1.4,"Milk, Cheese and Eggs",2017-02-01,98.474
EUA,1.1.4,"Milk, Cheese and Eggs",2017-03-01,97.342
EUA,1.1.4,"Milk, Cheese and Eggs",2017-04-01,97.151
EUA,1.1.4,"Milk, Cheese and Eggs",2017-05-01,96.391
EUA,1.1.4,"Milk, Cheese and Eggs",2017-06-01,95.724
EUA,1.1.4,"Milk, Cheese and Eggs",2017-07-01,96.295
EUA,1.1.4,"Milk, Cheese and Eggs",2017-08-01,96.414
EUA,1.1.4,"Milk, Cheese and Eggs",2017-09-01,96.642
EUA,1.1.4,"Milk, Cheese and Eggs",2017-10-01,97.536
EUA,1.1.4,"Milk, Cheese and Eggs",2017-11-01,97.286
EUA,1.1.4,"Milk, Cheese and Eggs",2017-12-01,98.081
EUA,1.1.4,"Milk, Cheese and Eggs",2018-01-01,98.32
EUA,1.1.4,"Milk, Cheese and Eggs",2018-02-01,98.258
EUA,1.1.4,"Milk, Cheese and Eggs",2018-03-01,98.372
EUA,1.1.4,"Milk, Cheese and Eggs",2018-04-01,99.478
EUA,1.1.4,"Milk, Cheese and Eggs",2018-05-01,98.365
EUA,1.1.4,"Milk, Cheese and Eggs",2018-06-01,97.629
EUA,1.1.4,"Milk, Cheese and Eggs",2018-07-01,97.852
EUA,1.1.4,"Milk, Cheese and Eggs",2018-08-01,98.008
EUA,1.1.4,"Milk, Cheese and Eggs",2018-09-01,97.732
EUA,1.1.4,"Milk, Cheese and Eggs",2018-10-01,97.536
EUA,1.1.4,"Milk, Cheese and Eggs",2018-11-01,97.145
EUA,1.1.4,"Milk, Cheese and Eggs",2018-12-01,97.5
EUA,1.1.4,"Milk, Cheese and Eggs",2019-01-01,97.536
EUA,1.1.4,"Milk, Cheese and Eggs",2019-02-01,97.195
EUA,1.1.4,"Milk, Cheese and Eggs",2019-03-01,97.743
EUA,1.1.4,"Milk, Cheese and Eggs",2019-04-01,97.22
EUA,1.1.4,"Milk, Cheese and Eggs",2019-05-01,97.032
EUA,1.1.4,"Milk, Cheese and Eggs",2019-06-01,96.814
EUA,1.1.4,"Milk, Cheese and Eggs",2019-07-01,96.992
EUA,1.1.4,"Milk, Cheese and Eggs",2019-08-01,97.095
EUA,1.1.4,"Milk, Cheese and Eggs",2019-09-01,98.071
EUA,1.1.4,"Milk, Cheese and Eggs",2019-10-01,98.052
EUA,1.1.4,"Milk, Cheese and Eggs",2019-11-01,98.47
EUA,1.1.4,"Milk, Cheese and Eggs",2019-12-01,99.523
EUA,1.1.4,"Milk, Cheese and Eggs",2020-01-01,99.553
EUA,1.1.4,"Milk, Cheese and Eggs",2020-02-01,100.265
EUA,1.1.4,"Milk, Cheese and Eggs",2020-03-01,100.863
EUA,1.1.4,"Milk, Cheese and Eggs",2020-04-01,104.011
EUA,1.1.4,"Milk, Cheese and Eggs",2020-05-01,103.413
EUA,1.1.4,"Milk, Cheese and Eggs",2020-06-01,102.049
EUA,1.1.4,"Milk, Cheese and Eggs",2020-07-01,101.08
EUA,1.1.4,"Milk, Cheese and Eggs",2020-08-01,102.669
EUA,1.1.4,"Milk, Cheese and Eggs",2020-09-01,102.332
EUA,1.1.4,"Milk, Cheese and Eggs",2020-10-01,102.002
EUA,1.1.4,"Milk, Cheese and Eggs",2020-11-01,102.192
EUA,1.1.4,"Milk, Cheese and Eggs",2020-12-01,103.202
EUA,1.1.4,"Milk, Cheese and Eggs",2021-01-01,103.041
EUA,1.1.4,"Milk, Cheese and Eggs",2021-02-01,103.163
EUA,1.1.4,"Milk, Cheese and Eggs",2021-03-01,102.945
EUA,1.1.4,"Milk, Cheese and Eggs",2021-04-01,103.343
EUA,1.1.4,"Milk, Cheese and Eggs",2021-05-01,103.396
EUA,1.1.4,"Milk, Cheese and Eggs",2021-06-01,103.18
EUA,1.1.4,"Milk, Cheese and Eggs",2021-07-01,103.617
EUA,1.1.4,"Milk, Cheese and Eggs",2021-08-01,103.395
EUA,1.1.4,"Milk, Cheese and Eggs",2021-09-01,104.484
EUA,1.1.4,"Milk, Cheese and Eggs",2021-10-01,104.801
EUA,1.1.4,"Milk, Cheese and Eggs",2021-11-01,104.789
EUA,1.1.4,"Milk, Cheese and Eggs",2021-12-01,106.097
EUA,1.1.4,"Milk, Cheese and Eggs",2022-01-01,107.841
EUA,1.1.4,"Milk, Cheese and Eggs",2022-02-01,109.649
EUA,1.1.4,"Milk, Cheese and Eggs",2022-03-01,111.317
EUA,1.1.4,"Milk, Cheese and Eggs",2022-04-01,115.371
EUA,1.1.4,"Milk, Cheese and Eggs",2022-05-01,118.888
EUA,1.1.4,"Milk, Cheese and Eggs",2022-06-01,120.049
EUA,1.1.4,"Milk, Cheese and Eggs",2022-07-01,122.885
EUA,1.1.4,"Milk, Cheese and Eggs",2022-08-01,123.93
EUA,1.1.4,"Milk, Cheese and Eggs",2022-09-01,123.629
EUA,1.1.4,"Milk, Cheese and Eggs",2022-10-01,125.578
EUA,1.1.4,"Milk, Cheese and Eggs",2022-11-01,126.63
EUA,1.1.4,"Milk, Cheese and Eggs",2022-12-01,129.238
EUA,1.1.4,"Milk, Cheese and Eggs",2023-01-01,131.421
EUA,1.1.4,"Milk, Cheese and Eggs",2023-02-01,129.855
EUA,1.1.4,"Milk, Cheese and Eggs",2023-03-01,126.545
EUA,1.1.4,"Milk, Cheese and Eggs",2023-04-01,126.195
EUA,1.1.4,"Milk, Cheese and Eggs",2023-05-01,122.797
EUA,1.1.4,"Milk, Cheese and Eggs",2023-06-01,120.749
EUA,1.1.4,"Milk, Cheese and Eggs",2023-07-01,120.575
EUA,1.1.4,"Milk, Cheese and Eggs",2023-08-01,119.721
EUA,1.1.4,"Milk, Cheese and Eggs",2023-09-01,119.682
EUA,1.1.4,"Milk, Cheese and Eggs",2023-10-01,119.857
EUA,1.1.4,"Milk, Cheese and Eggs",2023-11-01,119.711
EUA,1.1.4,"Milk, Cheese and Eggs",2023-12-01,121.185
EUA,1.1.4,"Milk, Cheese and Eggs",2024-01-01,122.208
EUA,1.1.4,"Milk, Cheese and Eggs",2024-02-01,123.344
EUA,1.1.4,"Milk, Cheese and Eggs",2024-03-01,123.026
EUA,1.1.4,"Milk, Cheese and Eggs",2024-04-01,122.194
EUA,1.1.4,"Milk, Cheese and Eggs",2024-05-01,121.896
EUA,1.1.4,"Milk, Cheese and Eggs",2024-06-01,122.051
EUA,1.1.4,"Milk, Cheese and Eggs",2024-07-01,123.803
EUA,1.1.4,"Milk, Cheese and Eggs",2024-08-01,124.736
EUA,1.1.4,"Milk, Cheese and Eggs",2024-09-01,126.986
EUA,1.1.4,"Milk, Cheese and Eggs",2024-10-01,126.383
EUA,1.1.4,"Milk, Cheese and Eggs",2024-11-01,127.613
EUA,1.1.4,"Milk, Cheese and Eggs",2024-12-01,130.019
EUA,1.1.5,Oils and Fats,2013-12-01,100.0
EUA,1.1.5,Oils and Fats,2014-01-01,102.002
EUA,1.1.5,Oils and Fats,2014-02-01,101.793
EUA,1.1.5,Oils and Fats,2014-03-01,102.516
EUA,1.1.5,Oils and Fats,2014-04-01,101.363
EUA,1.1.5,Oils and Fats,2014-05-01,103.044
EUA,1.1.5,Oils and Fats,2014-06-01,103.099
EUA,1.1.5,Oils and Fats,2014-07-01,104.109
EUA,1.1.5,Oils and Fats,2014-08-01,104.742
EUA,1.1.5,Oils and Fats,2014-09-01,105.274
EUA,1.1.5,Oils and Fats,2014-10-01,105.656
EUA,1.1.5,Oils and Fats,2014-11-01,103.625
EUA,1.1.5,Oils and Fats,2014-12-01,102.915
EUA,1.1.5,Oils and Fats,2015-01-01,103.809
EUA,1.1.5,Oils and Fats,2015-02-01,102.894
EUA,1.1.5,Oils and Fats,2015-03-01,101.419
EUA,1.1.5,Oils and Fats,2015-04-01,101.198
EUA,1.1.5,Oils and Fats,2015-05-01,101.479
EUA,1.1.5,Oils and Fats,2015-06-01,101.708
EUA,1.1.5,Oils and Fats,2015-07-01,101.281
EUA,1.1.5,Oils and Fats,2015-08-01,102.319
EUA,1.1.5,Oils and Fats,2015-09-01,102.634
EUA,1.1.5,Oils and Fats,2015-10-01,103.548
EUA,1.1.5,Oils and Fats,2015-11-01,101.109
EUA,1.1.5,Oils and Fats,2015-12-01,101.578
EUA,1.1.5,Oils and Fats,2016-01-01,102.804
EUA,1.1.5,Oils and Fats,2016-02-01,102.573
EUA,1.1.5,Oils and Fats,2016-03-01,101.826
EUA,1.1.5,Oils and Fats,2016-04-01,102.046
EUA,1.1.5,Oils and Fats,2016-05-01,101.709
EUA,1.1.5,Oils and Fats,2016-06-01,101.593
EUA,1.1.5,Oils and Fats,2016-07-01,101.556
EUA,1.1.5,Oils and Fats,2016-08-01,101.886
EUA,1.1.5,Oils and Fats,2016-09-01,101.994
EUA,1.1.5,Oils and Fats,2016-10-01,101.701
EUA,1.1.5,Oils and Fats,2016-11-01,99.24
EUA,1.1.5,Oils and Fats,2016-12-01,99.882
EUA,1.1.5,Oils and Fats,2017-01-01,100.987
EUA,1.1.5,Oils and Fats,2017-02-01,101.643
EUA,1.1.5,Oils and Fats,2017-03-01,102.075
EUA,1.1.5,Oils and Fats,2017-04-01,102.643
EUA,1.1.5,Oils and Fats,2017-05-01,103.194
EUA,1.1.5,Oils and Fats,2017-06-01,103.125
EUA,1.1.5,Oils and Fats,2017-07-01,103.841
EUA,1.1.5,Oils and Fats,2017-08-01,103.533
EUA,1.1.5,Oils and Fats,2017-09-01,103.909
EUA,1.1.5,Oils and Fats,2017-10-01,103.899
EUA,1.1.5,Oils and Fats,2017-11-01,102.398
EUA,1.1.5,Oils and Fats,2017-12-01,102.261
EUA,1.1.5,Oils and Fats,2018-01-01,103.506
EUA,1.1.5,Oils and Fats,2018-02-01,103.873
EUA,1.1.5,Oils and Fats,2018-03-01,102.807
EUA,1.1.5,Oils and Fats,2018-04-01,103.953
EUA,1.1.5,Oils and Fats,2018-05-01,103.486
EUA,1.1.5,Oils and Fats,2018-06-01,103.311
EUA,1.1.5,Oils and Fats,2018-07-01,104.077
EUA,1.1.5,Oils and Fats,2018-08-01,103.417
EUA,1.1.5,Oils and Fats,2018-09-01,103.637
EUA,1.1.5,Oils and Fats,2018-10-01,103.164
EUA,1.1.5,Oils and Fats,2018-11-01,101.646
EUA,1.1.5,Oils and Fats,2018-12-01,101.201
EUA,1.1.5,Oils and Fats,2019-01-01,103.289
EUA,1.1.5,Oils and Fats,2019-02-01,103.34
EUA,1.1.5,Oils and Fats,2019-03-01,103.59
EUA,1.1.5,Oils and Fats,2019-04-01,101.6
EUA,1.1.5,Oils and Fats,2019-05-01,103.432
EUA,1.1.5,Oils and Fats,2019-06-01,102.471
EUA,1.1.5,Oils and Fats,2019-07-01,102.447
EUA,1.1.5,Oils and Fats,2019-08-01,101.896
EUA,1.1.5,Oils and Fats,2019-09-01,102.02
EUA,1.1.5,Oils and Fats,2019-10-01,102.081
EUA,1.1.5,Oils and Fats,2019-11-01,100.31
EUA,1.1.5,Oils and Fats,2019-12-01,99.123
EUA,1.1.5,Oils and Fats,2020-01-01,101.939
EUA,1.1.5,Oils and Fats,2020-02-01,101.852
EUA,1.1.5,Oils and Fats,2020-03-01,102.338
EUA,1.1.5,Oils and Fats,2020-04-01,103.667
EUA,1.1.5,Oils and Fats,2020-05-01,103.838
EUA,1.1.5,Oils and Fats,2020-06-01,103.834
EUA,1.1.5,Oils and Fats,2020-07-01,104.403
EUA,1.1.5,Oils and Fats,2020-08-01,104.315
EUA,1.1.5,Oils and Fats,2020-09-01,104.027
EUA,1.1.5,Oils and Fats,2020-10-01,103.7
EUA,1.1.5,Oils and Fats,2020-11-01,101.652
EUA,1.1.5,Oils and Fats,2020-12-01,102.022
EUA,1.1.5,Oils and Fats,2021-01-01,103.972
EUA,1.1.5,Oils and Fats,2021-02-01,105.176
EUA,1.1.5,Oils and Fats,2021-03-01,104.589
EUA,1.1.5,Oils and Fats,2021-04-01,105.88
EUA,1.1.5,Oils and Fats,2021-05-01,106.842
EUA,1.1.5,Oils and Fats,2021-06-01,106.722
EUA,1.1.5,Oils and Fats,2021-07-01,108.679
EUA,1.1.5,Oils and Fats,2021-08-01,109.08
EUA,1.1.5,Oils and Fats,2021-09-01,111.162
EUA,1.1.5,Oils and Fats,2021-10-01,111.583
EUA,1.1.5,Oils and Fats,2021-11-01,111.2
EUA,1.1.5,Oils and Fats,2021-12-01,111.271
EUA,1.1.5,Oils and Fats,2022-01-01,116.021
EUA,1.1.5,Oils and Fats,2022-02-01,118.22
EUA,1.1.5,Oils and Fats,2022-03-01,120.489
EUA,1.1.5,Oils and Fats,2022-04-01,122.781
EUA,1.1.5,Oils and Fats,2022-05-01,126.4
EUA,1.1.5,Oils and Fats,2022-06-01,128.964
EUA,1.1.5,Oils and Fats,2022-07-01,132.857
EUA,1.1.5,Oils and Fats,2022-08-01,135.872
EUA,1.1.5,Oils and Fats,2022-09-01,137.343
EUA,1.1.5,Oils and Fats,2022-10-01,138.962
EUA,1.1.5,Oils and Fats,2022-11-01,136.079
EUA,1.1.5,Oils and Fats,2022-12-01,138.761
EUA,1.1.5,Oils and Fats,2023-01-01,140.993
EUA,1.1.5,Oils and Fats,2023-02-01,141.541
EUA,1.1.5,Oils and Fats,2023-03-01,139.495
EUA,1.1.5,Oils and Fats,2023-04-01,139.362
EUA,1.1.5,Oils and Fats,2023-05-01,140.425
EUA,1.1.5,Oils and Fats,2023-06-01,139.635
EUA,1.1.5,Oils and Fats,2023-07-01,140.142
EUA,1.1.5,Oils and Fats,2023-08-01,139.354
EUA,1.1.5,Oils and Fats,2023-09-01,139.617
EUA,1.1.5,Oils and Fats,2023-10-01,142.274
EUA,1.1.5,Oils and Fats,2023-11-01,140.517
EUA,1.1.5,Oils and Fats,2023-12-01,141.643
EUA,1.1.5,Oils and Fats,2024-01-01,143.66
EUA,1.1.5,Oils and Fats,2024-02-01,144.079
EUA,1.1.5,Oils and Fats,2024-03-01,142.228
EUA,1.1.5,Oils and Fats,2024-04-01,144.271
EUA,1.1.5,Oils and Fats,2024-05-01,143.936
EUA,1.1.5,Oils and Fats,2024-06-01,146.071
EUA,1.1.5,Oils and Fats,2024-07-01,146.115
EUA,1.1.5,Oils and Fats,2024-08-01,144.703
EUA,1.1.5,Oils and Fats,2024-09-01,145.911
EUA,1.1.5,Oils and Fats,2024-10-01,146.3
EUA,1.1.5,Oils and Fats,2024-11-01,143.747
EUA,1.1.5,Oils and Fats,2024-12-01,142.67
EUA,1.1.6,Fruit,2013-12-01,100.0
EUA,1.1.6,Fruit,2014-01-01,101.05
EUA,1.1.6,Fruit,2014-02-01,101.767
EUA,1.1.6,Fruit,2014-03-01,103.306
EUA,1.1.6,Fruit,2014-04-01,104.739
EUA,1.1.6,Fruit,2014-05-01,106.588
EUA,1.1.6,Fruit,2014-06-01,103.215
EUA,1.1.6,Fruit,2014-07-01,102.818
EUA,1.1.6,Fruit,2014-08-01,102.466
EUA,1.1.6,Fruit,2014-09-01,103.832
EUA,1.1.6,Fruit,2014-10-01,105.408
EUA,1.1.6,Fruit,2014-11-01,102.837
EUA,1.1.6,Fruit,2014-12-01,102.941
EUA,1.1.6,Fruit,2015-01-01,102.46
EUA,1.1.6,Fruit,2015-02-01,102.401
EUA,1.1.6,Fruit,2015-03-01,99.948
EUA,1.1.6,Fruit,2015-04-01,100.926
EUA,1.1.6,Fruit,2015-05-01,102.406
EUA,1.1.6,Fruit,2015-06-01,100.134
EUA,1.1.6,Fruit,2015-07-01,99.929
EUA,1.1.6,Fruit,2015-08-01,101.672
EUA,1.1.6,Fruit,2015-09-01,103.148
EUA,1.1.6,Fruit,2015-10-01,104.479
EUA,1.1.6,Fruit,2015-11-01,104.088
EUA,1.1.6,Fruit,2015-12-01,103.954
EUA,1.1.6,Fruit,2016-01-01,104.908
EUA,1.1.6,Fruit,2016-02-01,105.874
EUA,1.1.6,Fruit,2016-03-01,103.587
EUA,1.1.6,Fruit,2016-04-01,103.72
EUA,1.1.6,Fruit,2016-05-01,104.66
EUA,1.1.6,Fruit,2016-06-01,102.52
EUA,1.1.6,Fruit,2016-07-01,102.05
EUA,1.1.6,Fruit,2016-08-01,102.763
EUA,1.1.6,Fruit,2016-09-01,103.833
EUA,1.1.6,Fruit,2016-10-01,104.962
EUA,1.1.6,Fruit,2016-11-01,103.999
EUA,1.1.6,Fruit,2016-12-01,102.821
EUA,1.1.6,Fruit,2017-01-01,102.534
EUA,1.1.6,Fruit,2017-02-01,102.157
EUA,1.1.6,Fruit,2017-03-01,103.121
EUA,1.1.6,Fruit,2017-04-01,104.29
EUA,1.1.6,Fruit,2017-05-01,104.562
EUA,1.1.6,Fruit,2017-06-01,103.002
EUA,1.1.6,Fruit,2017-07-01,103.303
EUA,1.1.6,Fruit,2017-08-01,103.476
EUA,1.1.6,Fruit,2017-09-01,104.934
EUA,1.1.6,Fruit,2017-10-01,105.99
EUA,1.1.6,Fruit,2017-11-01,105.205
EUA,1.1.6,Fruit,2017-12-01,104.088
EUA,1.1.6,Fruit,2018-01-01,105.754
EUA,1.1.6,Fruit,2018-02-01,105.11
EUA,1.1.6,Fruit,2018-03-01,103.507
EUA,1.1.6,Fruit,2018-04-01,105.289
EUA,1.1.6,Fruit,2018-05-01,105.329
EUA,1.1.6,Fruit,2018-06-01,104.423
EUA,1.1.6,Fruit,2018-07-01,104.911
EUA,1.1.6,Fruit,2018-08-01,104.573
EUA,1.1.6,Fruit,2018-09-01,105.426
EUA,1.1.6,Fruit,2018-10-01,104.969
EUA,1.1.6,Fruit,2018-11-01,103.452
EUA,1.1.6,Fruit,2018-12-01,103.722
EUA,1.1.6,Fruit,2019-01-01,105.145
EUA,1.1.6,Fruit,2019-02-01,104.93
EUA,1.1.6,Fruit,2019-03-01,105.053
EUA,1.1.6,Fruit,2019-04-01,105.09
EUA,1.1.6,Fruit,2019-05-01,104.749
EUA,1.1.6,Fruit,2019-06-01,103.26
EUA,1.1.6,Fruit,2019-07-01,102.773
EUA,1.1.6,Fruit,2019-08-01,102.268
EUA,1.1.6,Fruit,2019-09-01,102.534
EUA,1.1.6,Fruit,2019-10-01,104.33
EUA,1.1.6,Fruit,2019-11-01,102.345
EUA,1.1.6,Fruit,2019-12-01,101.887
EUA,1.1.6,Fruit,2020-01-01,101.779
EUA,1.1.6,Fruit,2020-02-01,101.761
EUA,1.1.6,Fruit,2020-03-01,102.303
EUA,1.1.6,Fruit,2020-04-01,104.841
EUA,1.1.6,Fruit,2020-05-01,105.007
EUA,1.1.6,Fruit,2020-06-01,103.679
EUA,1.1.6,Fruit,2020-07-01,103.754
EUA,1.1.6,Fruit,2020-08-01,104.681
EUA,1.1.6,Fruit,2020-09-01,104.547
EUA,1.1.6,Fruit,2020-10-01,105.806
EUA,1.1.6,Fruit,2020-11-01,104.81
EUA,1.1.6,Fruit,2020-12-01,104.234
EUA,1.1.6,Fruit,2021-01-01,105.525
EUA,1.1.6,Fruit,2021-02-01,106.753
EUA,1.1.6,Fruit,2021-03-01,107.433
EUA,1.1.6,Fruit,2021-04-01,109.832
EUA,1.1.6,Fruit,2021-05-01,109.64
EUA,1.1.6,Fruit,2021-06-01,109.063
EUA,1.1.6,Fruit,2021-07-01,107.646
EUA,1.1.6,Fruit,2021-08-01,107.751
EUA,1.1.6,Fruit,2021-09-01,108.865
EUA,1.1.6,Fruit,2021-10-01,109.827
EUA,1.1.6,Fruit,2021-11-01,110.554
EUA,1.1.6,Fruit,2021-12-01,111.609
EUA,1.1.6,Fruit,2022-01-01,113.795
EUA,1.1.6,Fruit,2022-02-01,117.216
EUA,1.1.6,Fruit,2022-03-01,118.071
EUA,1.1.6,Fruit,2022-04-01,119.228
EUA,1.1.6,Fruit,2022-05-01,119.848
EUA,1.1.6,Fruit,2022-06-01,118.724
EUA,1.1.6,Fruit,2022-07-01,119.018
EUA,1.1.6,Fruit,2022-08-01,118.852
EUA,1.1.6,Fruit,2022-09-01,120.059
EUA,1.1.6,Fruit,2022-10-01,119.652
EUA,1.1.6,Fruit,2022-11-01,120.024
EUA,1.1.6,Fruit,2022-12-01,118.551
EUA,1.1.6,Fruit,2023-01-01,120.301
EUA,1.1.6,Fruit,2023-02-01,121.36
EUA,1.1.6,Fruit,2023-03-01,120.186
EUA,1.1.6,Fruit,2023-04-01,120.98
EUA,1.1.6,Fruit,2023-05-01,122.368
EUA,1.1.6,Fruit,2023-06-01,121.278
EUA,1.1.6,Fruit,2023-07-01,121.439
EUA,1.1.6,Fruit,2023-08-01,120.949
EUA,1.1.6,Fruit,2023-09-01,121.698
EUA,1.1.6,Fruit,2023-10-01,122.565
EUA,1.1.6,Fruit,2023-11-01,122.612
EUA,1.1.6,Fruit,2023-12-01,122.292
EUA,1.1.6,Fruit,2024-01-01,122.973
EUA,1.1.6,Fruit,2024-02-01,122.634
EUA,1.1.6,Fruit,2024-03-01,122.226
EUA,1.1.6,Fruit,2024-04-01,122.395
EUA,1.1.6,Fruit,2024-05-01,122.748
EUA,1.1.6,Fruit,2024-06-01,120.029
EUA,1.1.6,Fruit,2024-07-01,119.632
EUA,1.1.6,Fruit,2024-08-01,119.446
EUA,1.1.6,Fruit,2024-09-01,121.689
EUA,1.1.6,Fruit,2024-10-01,122.43
EUA,1.1.6,Fruit,2024-11-01,122.436
EUA,1.1.6,Fruit,2024-12-01,122.07
EUA,1.1.7,Vegetables,2013-12-01,100.0
EUA,1.1.7,Vegetables,2014-01-01,101.472
EUA,1.1.7,Vegetables,2014-02-01,101.168
EUA,1.1.7,Vegetables,2014-03-01,99.814
EUA,1.1.7,Vegetables,2014-04-01,99.312
EUA,1.1.7,Vegetables,2014-05-01,100.133
EUA,1.1.7,Vegetables,2014-06-01,101.185
EUA,1.1.7,Vegetables,2014-07-01,100.835
EUA,1.1.7,Vegetables,2014-08-01,99.788
EUA,1.1.7,Vegetables,2014-09-01,99.677
EUA,1.1.7,Vegetables,2014-10-01,100.77
EUA,1.1.7,Vegetables,2014-11-01,101.183
EUA,1.1.7,Vegetables,2014-12-01,103.252
EUA,1.1.7,Vegetables,2015-01-01,104.462
EUA,1.1.7,Vegetables,2015-02-01,103.218
EUA,1.1.7,Vegetables,2015-03-01,101.882
EUA,1.1.7,Vegetables,2015-04-01,101.053
EUA,1.1.7,Vegetables,2015-05-01,101.336
EUA,1.1.7,Vegetables,2015-06-01,101.215
EUA,1.1.7,Vegetables,2015-07-01,100.784
EUA,1.1.7,Vegetables,2015-08-01,101.262
EUA,1.1.7,Vegetables,2015-09-01,102.338
EUA,1.1.7,Vegetables,2015-10-01,102.444
EUA,1.1.7,Vegetables,2015-11-01,102.872
EUA,1.1.7,Vegetables,2015-12-01,103.589
EUA,1.1.7,Vegetables,2016-01-01,107.449
EUA,1.1.7,Vegetables,2016-02-01,106.387
EUA,1.1.7,Vegetables,2016-03-01,103.598
EUA,1.1.7,Vegetables,2016-04-01,102.375
EUA,1.1.7,Vegetables,2016-05-01,101.367
EUA,1.1.7,Vegetables,2016-06-01,101.354
EUA,1.1.7,Vegetables,2016-07-01,101.3
EUA,1.1.7,Vegetables,2016-08-01,100.897
EUA,1.1.7,Vegetables,2016-09-01,100.454
EUA,1.1.7,Vegetables,2016-10-01,100.756
EUA,1.1.7,Vegetables,2016-11-01,100.195
EUA,1.1.7,Vegetables,2016-12-01,100.251
EUA,1.1.7,Vegetables,2017-01-01,100.524
EUA,1.1.7,Vegetables,2017-02-01,101.142
EUA,1.1.7,Vegetables,2017-03-01,100.947
EUA,1.1.7,Vegetables,2017-04-01,103.06
EUA,1.1.7,Vegetables,2017-05-01,102.803
EUA,1.1.7,Vegetables,2017-06-01,101.937
EUA,1.1.7,Vegetables,2017-07-01,101.578
EUA,1.1.7,Vegetables,2017-08-01,101.798
EUA,1.1.7,Vegetables,2017-09-01,101.481
EUA,1.1.7,Vegetables,2017-10-01,102.116
EUA,1.1.7,Vegetables,2017-11-01,101.237
EUA,1.1.7,Vegetables,2017-12-01,101.865
EUA,1.1.7,Vegetables,2018-01-01,103.2
EUA,1.1.7,Vegetables,2018-02-01,102.262
EUA,1.1.7,Vegetables,2018-03-01,101.335
EUA,1.1.7,Vegetables,2018-04-01,101.618
EUA,1.1.7,Vegetables,2018-05-01,101.514
EUA,1.1.7,Vegetables,2018-06-01,101.488
EUA,1.1.7,Vegetables,2018-07-01,102.336
EUA,1.1.7,Vegetables,2018-08-01,102.507
EUA,1.1.7,Vegetables,2018-09-01,102.489
EUA,1.1.7,Vegetables,2018-10-01,102.96
EUA,1.1.7,Vegetables,2018-11-01,103.201
EUA,1.1.7,Vegetables,2018-12-01,104.636
EUA,1.1.7,Vegetables,2019-01-01,105.06
EUA,1.1.7,Vegetables,2019-02-01,105.667
EUA,1.1.7,Vegetables,2019-03-01,106.022
EUA,1.1.7,Vegetables,2019-04-01,104.903
EUA,1.1.7,Vegetables,2019-05-01,104.357
EUA,1.1.7,Vegetables,2019-06-01,104.008
EUA,1.1.7,Vegetables,2019-07-01,104.245
EUA,1.1.7,Vegetables,2019-08-01,104.486
EUA,1.1.7,Vegetables,2019-09-01,103.8
EUA,1.1.7,Vegetables,2019-10-01,104.183
EUA,1.1.7,Vegetables,2019-11-01,103.813
EUA,1.1.7,Vegetables,2019-12-01,103.572
EUA,1.1.7,Vegetables,2020-01-01,105.611
EUA,1.1.7,Vegetables,2020-02-01,105.738
EUA,1.1.7,Vegetables,2020-03-01,105.617
EUA,1.1.7,Vegetables,2020-04-01,107.583
EUA,1.1.7,Vegetables,2020-05-01,107.876
EUA,1.1.7,Vegetables,2020-06-01,109.05
EUA,1.1.7,Vegetables,2020-07-01,109.204
EUA,1.1.7,Vegetables,2020-08-01,108.52
EUA,1.1.7,Vegetables,2020-09-01,107.945
EUA,1.1.7,Vegetables,2020-10-01,108.692
EUA,1.1.7,Vegetables,2020-11-01,107.661
EUA,1.1.7,Vegetables,2020-12-01,108.174
EUA,1.1.7,Vegetables,2021-01-01,108.208
EUA,1.1.7,Vegetables,2021-02-01,107.998
EUA,1.1.7,Vegetables,2021-03-01,108.255
EUA,1.1.7,Vegetables,2021-04-01,108.364
EUA,1.1.7,Vegetables,2021-05-01,108.137
EUA,1.1.7,Vegetables,2021-06-01,108.77
EUA,1.1.7,Vegetables,2021-07-01,108.774
EUA,1.1.7,Vegetables,2021-08-01,109.317
EUA,1.1.7,Vegetables,2021-09-01,109.859
EUA,1.1.7,Vegetables,2021-10-01,111.32
EUA,1.1.7,Vegetables,2021-11-01,111.491
EUA,1.1.7,Vegetables,2021-12-01,112.322
EUA,1.1.7,Vegetables,2022-01-01,113.546
EUA,1.1.7,Vegetables,2022-02-01,114.508
EUA,1.1.7,Vegetables,2022-03-01,116.548
EUA,1.1.7,Vegetables,2022-04-01,116.873
EUA,1.1.7,Vegetables,2022-05-01,118.244
EUA,1.1.7,Vegetables,2022-06-01,119.529
EUA,1.1.7,Vegetables,2022-07-01,120.792
EUA,1.1.7,Vegetables,2022-08-01,122.077
EUA,1.1.7,Vegetables,2022-09-01,123.358
EUA,1.1.7,Vegetables,2022-10-01,124.255
EUA,1.1.7,Vegetables,2022-11-01,124.221
EUA,1.1.7,Vegetables,2022-12-01,125.312
EUA,1.1.7,Vegetables,2023-01-01,124.785
EUA,1.1.7,Vegetables,2023-02-01,124.363
EUA,1.1.7,Vegetables,2023-03-01,123.607
EUA,1.1.7,Vegetables,2023-04-01,123.715
EUA,1.1.7,Vegetables,2023-05-01,124.809
EUA,1.1.7,Vegetables,2023-06-01,124.864
EUA,1.1.7,Vegetables,2023-07-01,125.718
EUA,1.1.7,Vegetables,2023-08-01,125.521
EUA,1.1.7,Vegetables,2023-09-01,125.545
EUA,1.1.7,Vegetables,2023-10-01,125.466
EUA,1.1.7,Vegetables,2023-11-01,123.903
EUA,1.1.7,Vegetables,2023-12-01,123.735
EUA,1.1.7,Vegetables,2024-01-01,125.507
EUA,1.1.7,Vegetables,2024-02-01,125.716
EUA,1.1.7,Vegetables,2024-03-01,125.631
EUA,1.1.7,Vegetables,2024-04-01,125.225
EUA,1.1.7,Vegetables,2024-05-01,124.885
EUA,1.1.7,Vegetables,2024-06-01,124.702
EUA,1.1.7,Vegetables,2024-07-01,124.839
EUA,1.1.7,Vegetables,2024-08-01,124.03
EUA,1.1.7,Vegetables,2024-09-01,124.226
EUA,1.1.7,Vegetables,2024-10-01,123.877
EUA,1.1.7,Vegetables,2024-11-01,124.52
EUA,1.1.7,Vegetables,2024-12-01,125.17
EUA,1.1.8,"Sugar, Jam, Honey, Chocolate and Confectionery",2013-12-01,100.0
EUA,1.1.8,"Sugar, Jam, Honey, Chocolate and Confectionery",2014-01-01,101.085
EUA,1.1.8,"Sugar, Jam, Honey, Chocolate and Confectionery",2014-02-01,100.989
EUA,1.1.8,"Sugar, Jam, Honey, Chocolate and Confectionery",2014-03-01,101.08
EUA,1.1.8,"Sugar, Jam, Honey, Chocolate and Confectionery",2014-04-01,100.452
EUA,1.1.8,"Sugar, Jam, Honey, Chocolate and Confectionery",2014-05-01,99.315
EUA,1.1.8,"Sugar, Jam, Honey, Chocolate and Confectionery",2014-06-01,99.374
EUA,1.1.8,"Sugar, Jam, Honey, Chocolate and Confectionery",2014-07-01,98.574
EUA,1.1.8,"Sugar, Jam, Honey, Chocolate and Confectionery",2014-08-01,99.182
EUA,1.1.8,"Sugar, Jam, Honey, Chocolate and Confectionery",2014-09-01,101.331
EUA,1.1.8,"Sugar, Jam, Honey, Chocolate and Confectionery",2014-10-01,100.762
EUA,1.1.8,"Sugar, Jam, Honey, Chocolate and Confectionery",2014-11-01,100.677
EUA,1.1.8,"Sugar, Jam, Honey, Chocolate and Confectionery",2014-12-01,101.767
EUA,1.1.8,"Sugar, Jam, Honey, Chocolate and Confectionery",2015-01-01,103.077
EUA,1.1.8,"Sugar, Jam, Honey, Chocolate and Confectionery",2015-02-01,104.245
EUA,1.1.8,"Sugar, Jam, Honey, Chocolate and Confectionery",2015-03-01,103.723
EUA,1.1.8,"Sugar, Jam, Honey, Chocolate and Confectionery",2015-04-01,103.02
EUA,1.1.8,"Sugar, Jam, Honey, Chocolate and Confectionery",2015-05-01,102.55
EUA,1.1.8,"Sugar, Jam, Honey, Chocolate and Confectionery",2015-06-01,102.332
EUA,1.1.8,"Sugar, Jam, Honey, Chocolate and Confectionery",2015-07-01,102.391
EUA,1.1.8,"Sugar, Jam, Honey, Chocolate and Confectionery",2015-08-01,102.99
EUA,1.1.8,"Sugar, Jam, Honey, Chocolate and Confectionery",2015-09-01,104.001
EUA,1.1.8,"Sugar, Jam, Honey, Chocolate and Confectionery",2015-10-01,103.726
EUA,1.1.8,"Sugar, Jam, Honey, Chocolate and Confectionery",2015-11-01,103.19
EUA,1.1.8,"Sugar, Jam, Honey, Chocolate and Confectionery",2015-12-01,103.34
EUA,1.1.8,"Sugar, Jam, Honey, Chocolate and Confectionery",2016-01-01,103.546
EUA,1.1.8,"Sugar, Jam, Honey, Chocolate and Confectionery",2016-02-01,103.393
EUA,1.1.8,"Sugar, Jam, Honey, Chocolate and Confectionery",2016-03-01,103.318
EUA,1.1.8,"Sugar, Jam, Honey, Chocolate and Confectionery",2016-04-01,103.87
EUA,1.1.8,"Sugar, Jam, Honey, Chocolate and Confectionery",2016-05-01,102.701
EUA,1.1.8,"Sugar, Jam, Honey, Chocolate and Confectionery",2016-06-01,102.661
EUA,1.1.8,"Sugar, Jam, Honey, Chocolate and Confectionery",2016-07-01,102.187
EUA,1.1.8,"Sugar, Jam, Honey, Chocolate and Confectionery",2016-08-01,102.684
EUA,1.1.8,"Sugar, Jam, Honey, Chocolate and Confectionery",2016-09-01,102.988
EUA,1.1.8,"Sugar, Jam, Honey, Chocolate and Confectionery",2016-10-01,102.729
EUA,1.1.8,"Sugar, Jam, Honey, Chocolate and Confectionery",2016-11-01,102.599
EUA,1.1.8,"Sugar, Jam, Honey, Chocolate and Confectionery",2016-12-01,103.058
EUA,1.1.8,"Sugar, Jam, Honey, Chocolate and Confectionery",2017-01-01,103.569
EUA,1.1.8,"Sugar, Jam, Honey, Chocolate and Confectionery",2017-02-01,103.436
EUA,1.1.8,"Sugar, Jam, Honey, Chocolate and Confectionery",2017-03-01,103.258
EUA,1.1.8,"Sugar, Jam, Honey, Chocolate and Confectionery",2017-04-01,102.808
EUA,1.1.8,"Sugar, Jam, Honey, Chocolate and Confectionery",2017-05-01,102.602
EUA,1.1.8,"Sugar, Jam, Honey, Chocolate and Confectionery",2017-06-01,102.412
EUA,1.1.8,"Sugar, Jam, Honey, Chocolate and Confectionery",2017-07-01,102.772
EUA,1.1.8,"Sugar, Jam, Honey, Chocolate and Confectionery",2017-08-01,102.9
EUA,1.1.8,"Sugar, Jam, Honey, Chocolate and Confectionery",2017-09-01,102.994
EUA,1.1.8,"Sugar, Jam, Honey, Chocolate and Confectionery",2017-10-01,102.716
EUA,1.1.8,"Sugar, Jam, Honey, Chocolate and Confectionery",2017-11-01,102.835
EUA,1.1.8,"Sugar, Jam, Honey, Chocolate and Confectionery",2017-12-01,103.117
EUA,1.1.8,"Sugar, Jam, Honey, Chocolate and Confectionery",2018-01-01,104.617
EUA,1.1.8,"Sugar, Jam, Honey, Chocolate and Confectionery",2018-02-01,103.829
EUA,1.1.8,"Sugar, Jam, Honey, Chocolate and Confectionery",2018-03-01,104.08
EUA,1.1.8,"Sugar, Jam, Honey, Chocolate and Confectionery",2018-04-01,103.336
EUA,1.1.8,"Sugar, Jam, Honey, Chocolate and Confectionery",2018-05-01,102.739
EUA,1.1.8,"Sugar, Jam, Honey, Chocolate and Confectionery",2018-06-01,102.872
EUA,1.1.8,"Sugar, Jam, Honey, Chocolate and Confectionery",2018-07-01,102.013
EUA,1.1.8,"Sugar, Jam, Honey, Chocolate and Confectionery",2018-08-01,102.328
EUA,1.1.8,"Sugar, Jam, Honey, Chocolate and Confectionery",2018-09-01,103.684
EUA,1.1.8,"Sugar, Jam, Honey, Chocolate and Confectionery",2018-10-01,103.329
EUA,1.1.8,"Sugar, Jam, Honey, Chocolate and Confectionery",2018-11-01,103.525
EUA,1.1.8,"Sugar, Jam, Honey, Chocolate and Confectionery",2018-12-01,103.463
EUA,1.1.8,"Sugar, Jam, Honey, Chocolate and Confectionery",2019-01-01,104.599
EUA,1.1.8,"Sugar, Jam, Honey, Chocolate and Confectionery",2019-02-01,104.958
EUA,1.1.8,"Sugar, Jam, Honey, Chocolate and Confectionery",2019-03-01,105.309
EUA,1.1.8,"Sugar, Jam, Honey, Chocolate and Confectionery",2019-04-01,104.379
EUA,1.1.8,"Sugar, Jam, Honey, Chocolate and Confectionery",2019-05-01,103.976
EUA,1.1.8,"Sugar, Jam, Honey, Chocolate and Confectionery",2019-06-01,104.139
EUA,1.1.8,"Sugar, Jam, Honey, Chocolate and Confectionery",2019-07-01,103.752
EUA,1.1.8,"Sugar, Jam, Honey, Chocolate and Confectionery",2019-08-01,104.222
EUA,1.1.8,"Sugar, Jam, Honey, Chocolate and Confectionery",2019-09-01,106.153
EUA,1.1.8,"Sugar, Jam, Honey, Chocolate and Confectionery",2019-10-01,106.616
EUA,1.1.8,"Sugar, Jam, Honey, Chocolate and Confectionery",2019-11-01,106.606
EUA,1.1.8,"Sugar, Jam, Honey, Chocolate and Confectionery",2019-12-01,105.431
EUA,1.1.8,"Sugar, Jam, Honey, Chocolate and Confectionery",2020-01-01,107.774
EUA,1.1.8,"Sugar, Jam, Honey, Chocolate and Confectionery",2020-02-01,107.221
EUA,1.1.8,"Sugar, Jam, Honey, Chocolate and Confectionery",2020-03-01,108.054
EUA,1.1.8,"Sugar, Jam, Honey, Chocolate and Confectionery",2020-04-01,108.944
EUA,1.1.8,"Sugar, Jam, Honey, Chocolate and Confectionery",2020-05-01,109.37
EUA,1.1.8,"Sugar, Jam, Honey, Chocolate and Confectionery",2020-06-01,108.636
EUA,1.1.8,"Sugar, Jam, Honey, Chocolate and Confectionery",2020-07-01,107.658
EUA,1.1.8,"Sugar, Jam, Honey, Chocolate and Confectionery",2020-08-01,108.245
EUA,1.1.8,"Sugar, Jam, Honey, Chocolate and Confectionery",2020-09-01,109.158
EUA,1.1.8,"Sugar, Jam, Honey, Chocolate and Confectionery",2020-10-01,109.267
EUA,1.1.8,"Sugar, Jam, Honey, Chocolate and Confectionery",2020-11-01,109.516
EUA,1.1.8,"Sugar, Jam, Honey, Chocolate and Confectionery",2020-12-01,110.083
EUA,1.1.8,"Sugar, Jam, Honey, Chocolate and Confectionery",2021-01-01,110.915
EUA,1.1.8,"Sugar, Jam, Honey, Chocolate and Confectionery",2021-02-01,110.289
EUA,1.1.8,"Sugar, Jam, Honey, Chocolate and Confectionery",2021-03-01,110.502
EUA,1.1.8,"Sugar, Jam, Honey, Chocolate and Confectionery",2021-04-01,110.412
EUA,1.1.8,"Sugar, Jam, Honey, Chocolate and Confectionery",2021-05-01,110.151
EUA,1.1.8,"Sugar, Jam, Honey, Chocolate and Confectionery",2021-06-01,110.157
EUA,1.1.8,"Sugar, Jam, Honey, Chocolate and Confectionery",2021-07-01,110.618
EUA,1.1.8,"Sugar, Jam, Honey, Chocolate and Confectionery",2021-08-01,110.741
EUA,1.1.8,"Sugar, Jam, Honey, Chocolate and Confectionery",2021-09-01,111.422
EUA,1.1.8,"Sugar, Jam, Honey, Chocolate and Confectionery",2021-10-01,112.216
EUA,1.1.8,"Sugar, Jam, Honey, Chocolate and Confectionery",2021-11-01,112.71
EUA,1.1.8,"Sugar, Jam, Honey, Chocolate and Confectionery",2021-12-01,114.154
EUA,1.1.8,"Sugar, Jam, Honey, Chocolate and Confectionery",2022-01-01,115.529
EUA,1.1.8,"Sugar, Jam, Honey, Chocolate and Confectionery",2022-02-01,116.867
EUA,1.1.8,"Sugar, Jam, Honey, Chocolate and Confectionery",2022-03-01,117.83
EUA,1.1.8,"Sugar, Jam, Honey, Chocolate and Confectionery",2022-04-01,118.192
EUA,1.1.8,"Sugar, Jam, Honey, Chocolate and Confectionery",2022-05-01,119.525
EUA,1.1.8,"Sugar, Jam, Honey, Chocolate and Confectionery",2022-06-01,121.531
EUA,1.1.8,"Sugar, Jam, Honey, Chocolate and Confectionery",2022-07-01,123.213
EUA,1.1.8,"Sugar, Jam, Honey, Chocolate and Confectionery",2022-08-01,125.261
EUA,1.1.8,"Sugar, Jam, Honey, Chocolate and Confectionery",2022-09-01,127.197
EUA,1.1.8,"Sugar, Jam, Honey, Chocolate and Confectionery",2022-10-01,128.443
EUA,1.1.8,"Sugar, Jam, Honey, Chocolate and Confectionery",2022-11-01,128.862
EUA,1.1.8,"Sugar, Jam, Honey, Chocolate and Confectionery",2022-12-01,129.024
EUA,1.1.8,"Sugar, Jam, Honey, Chocolate and Confectionery",2023-01-01,131.109
EUA,1.1.8,"Sugar, Jam, Honey, Chocolate and Confectionery",2023-02-01,130.948
EUA,1.1.8,"Sugar, Jam, Honey, Chocolate and Confectionery",2023-03-01,131.294
EUA,1.1.8,"Sugar, Jam, Honey, Chocolate and Confectionery",2023-04-01,131.324
EUA,1.1.8,"Sugar, Jam, Honey, Chocolate and Confectionery",2023-05-01,130.795
EUA,1.1.8,"Sugar, Jam, Honey, Chocolate and Confectionery",2023-06-01,132.823
EUA,1.1.8,"Sugar, Jam, Honey, Chocolate and Confectionery",2023-07-01,133.412
EUA,1.1.8,"Sugar, Jam, Honey, Chocolate and Confectionery",2023-08-01,133.89
EUA,1.1.8,"Sugar, Jam, Honey, Chocolate and Confectionery",2023-09-01,134.685
EUA,1.1.8,"Sugar, Jam, Honey, Chocolate and Confectionery",2023-10-01,133.919
EUA,1.1.8,"Sugar, Jam, Honey, Chocolate and Confectionery",2023-11-01,134.329
EUA,1.1.8,"Sugar, Jam, Honey, Chocolate and Confectionery",2023-12-01,135.114
EUA,1.1.8,"Sugar, Jam, Honey, Chocolate and Confectionery",2024-01-01,135.663
EUA,1.1.8,"Sugar, Jam, Honey, Chocolate and Confectionery",2024-02-01,135.927
EUA,1.1.8,"Sugar, Jam, Honey, Chocolate and Confectionery",2024-03-01,134.548
EUA,1.1.8,"Sugar, Jam, Honey, Chocolate and Confectionery",2024-04-01,136.073
EUA,1.1.8,"Sugar, Jam, Honey, Chocolate and Confectionery",2024-05-01,134.808
EUA,1.1.8,"Sugar, Jam, Honey, Chocolate and Confectionery",2024-06-01,135.411
EUA,1.1.8,"Sugar, Jam, Honey, Chocolate and Confectionery",2024-07-01,134.745
EUA,1.1.8,"Sugar, Jam, Honey, Chocolate and Confectionery",2024-08-01,136.196
EUA,1.1.8,"Sugar, Jam, Honey, Chocolate and Confectionery",2024-09-01,135.609
EUA,1.1.8,"Sugar, Jam, Honey, Chocolate and Confectionery",2024-10-01,136.634
EUA,1.1.8,"Sugar, Jam, Honey, Chocolate and Confectionery",2024-11-01,137.497
EUA,1.1.8,"Sugar, Jam, Honey, Chocolate and Confectionery",2024-12-01,137.732
EUA,1.1.9,Food Products N.E.C.,2013-12-01,100.0
EUA,1.1.9,Food Products N.E.C.,2014-01-01,100.332
EUA,1.1.9,Food Products N.E.C.,2014-02-01,101.046
EUA,1.1.9,Food Products N.E.C.,2014-03-01,100.716
EUA,1.1.9,Food Products N.E.C.,2014-04-01,100.824
EUA,1.1.9,Food Products N.E.C.,2014-05-01,101.271
EUA,1.1.9,Food Products N.E.C.,2014-06-01,101.425
EUA,1.1.9,Food Products N.E.C.,2014-07-01,102.218
EUA,1.1.9,Food Products N.E.C.,2014-08-01,101.976
EUA,1.1.9,Food Products N.E.C.,2014-09-01,101.505
EUA,1.1.9,Food Products N.E.C.,2014-10-01,100.934
EUA,1.1.9,Food Products N.E.C.,2014-11-01,100.838
EUA,1.1.9,Food Products N.E.C.,2014-12-01,101.292
EUA,1.1.9,Food Products N.E.C.,2015-01-01,101.417
EUA,1.1.9,Food Products N.E.C.,2015-02-01,101.915
EUA,1.1.9,Food Products N.E.C.,2015-03-01,101.934
EUA,1.1.9,Food Products N.E.C.,2015-04-01,102.411
EUA,1.1.9,Food Products N.E.C.,2015-05-01,102.611
EUA,1.1.9,Food Products N.E.C.,2015-06-01,102.927
EUA,1.1.9,Food Products N.E.C.,2015-07-01,103.173
EUA,1.1.9,Food Products N.E.C.,2015-08-01,102.721
EUA,1.1.9,Food Products N.E.C.,2015-09-01,103.089
EUA,1.1.9,Food Products N.E.C.,2015-10-01,103.222
EUA,1.1.9,Food Products N.E.C.,2015-11-01,102.549
EUA,1.1.9,Food Products N.E.C.,2015-12-01,102.156
EUA,1.1.9,Food Products N.E.C.,2016-01-01,102.271
EUA,1.1.9,Food Products N.E.C.,2016-02-01,102.817
EUA,1.1.9,Food Products N.E.C.,2016-03-01,102.865
EUA,1.1.9,Food Products N.E.C.,2016-04-01,103.58
EUA,1.1.9,Food Products N.E.C.,2016-05-01,103.06
EUA,1.1.9,Food Products N.E.C.,2016-06-01,103.284
EUA,1.1.9,Food Products N.E.C.,2016-07-01,103.519
EUA,1.1.9,Food Products N.E.C.,2016-08-01,102.617
EUA,1.1.9,Food Products N.E.C.,2016-09-01,102.54
EUA,1.1.9,Food Products N.E.C.,2016-10-01,102.185
EUA,1.1.9,Food Products N.E.C.,2016-11-01,101.769
EUA,1.1.9,Food Products N.E.C.,2016-12-01,102.297
EUA,1.1.9,Food Products N.E.C.,2017-01-01,102.549
EUA,1.1.9,Food Products N.E.C.,2017-02-01,102.76
EUA,1.1.9,Food Products N.E.C.,2017-03-01,103.1
EUA,1.1.9,Food Products N.E.C.,2017-04-01,103.491
EUA,1.1.9,Food Products N.E.C.,2017-05-01,103.592
EUA,1.1.9,Food Products N.E.C.,2017-06-01,103.24
EUA,1.1.9,Food Products N.E.C.,2017-07-01,103.634
EUA,1.1.9,Food Products N.E.C.,2017-08-01,102.799
EUA,1.1.9,Food Products N.E.C.,2017-09-01,103.183
EUA,1.1.9,Food Products N.E.C.,2017-10-01,102.611
EUA,1.1.9,Food Products N.E.C.,2017-11-01,102.531
EUA,1.1.9,Food Products N.E.C.,2017-12-01,102.743
EUA,1.1.9,Food Products N.E.C.,2018-01-01,102.716
EUA,1.1.9,Food Products N.E.C.,2018-02-01,102.914
EUA,1.1.9,Food Products N.E.C.,2018-03-01,102.837
EUA,1.1.9,Food Products N.E.C.,2018-04-01,103.167
EUA,1.1.9,Food Products N.E.C.,2018-05-01,103.147
EUA,1.1.9,Food Products N.E.C.,2018-06-01,103.107
EUA,1.1.9,Food Products N.E.C.,2018-07-01,103.444
EUA,1.1.9,Food Products N.E.C.,2018-08-01,103.239
EUA,1.1.9,Food Products N.E.C.,2018-09-01,103.003
EUA,1.1.9,Food Products N.E.C.,2018-10-01,102.928
EUA,1.1.9,Food Products N.E.C.,2018-11-01,103.047
EUA,1.1.9,Food Products N.E.C.,2018-12-01,103.33
EUA,1.1.9,Food Products N.E.C.,2019-01-01,103.262
EUA,1.1.9,Food Products N.E.C.,2019-02-01,103.758
EUA,1.1.9,Food Products N.E.C.,2019-03-01,103.771
EUA,1.1.9,Food Products N.E.C.,2019-04-01,103.959
EUA,1.1.9,Food Products N.E.C.,2019-05-01,103.765
EUA,1.1.9,Food Products N.E.C.,2019-06-01,104.314
EUA,1.1.9,Food Products N.E.C.,2019-07-01,103.915
EUA,1.1.9,Food Products N.E.C.,2019-08-01,103.775
EUA,1.1.9,Food Products N.E.C.,2019-09-01,103.704
EUA,1.1.9,Food Products N.E.C.,2019-10-01,103.7
EUA,1.1.9,Food Products N.E.C.,2019-11-01,103.648
EUA,1.1.9,Food Products N.E.C.,2019-12-01,103.807
EUA,1.1.9,Food Products N.E.C.,2020-01-01,103.697
EUA,1.1.9,Food Products N.E.C.,2020-02-01,104.972
EUA,1.1.9,Food Products N.E.C.,2020-03-01,105.599
EUA,1.1.9,Food Products N.E.C.,2020-04-01,107.795
EUA,1.1.9,Food Products N.E.C.,2020-05-01,107.818
EUA,1.1.9,Food Products N.E.C.,2020-06-01,107.724
EUA,1.1.9,Food Products N.E.C.,2020-07-01,107.874
EUA,1.1.9,Food Products N.E.C.,2020-08-01,108.15
EUA,1.1.9,Food Products N.E.C.,2020-09-01,107.455
EUA,1.1.9,Food Products N.E.C.,2020-10-01,107.351
EUA,1.1.9,Food Products N.E.C.,2020-11-01,106.753
EUA,1.1.9,Food Products N.E.C.,2020-12-01,107.541
EUA,1.1.9,Food Products N.E.C.,2021-01-01,107.226
EUA,1.1.9,Food Products N.E.C.,2021-02-01,107.614
EUA,1.1.9,Food Products N.E.C.,2021-03-01,107.525
EUA,1.1.9,Food Products N.E.C.,2021-04-01,107.973
EUA,1.1.9,Food Products N.E.C.,2021-05-01,107.987
EUA,1.1.9,Food Products N.E.C.,2021-06-01,108.047
EUA,1.1.9,Food Products N.E.C.,2021-07-01,109.072
EUA,1.1.9,Food Products N.E.C.,2021-08-01,109.454
EUA,1.1.9,Food Products N.E.C.,2021-09-01,110.426
EUA,1.1.9,Food Products N.E.C.,2021-10-01,111.759
EUA,1.1.9,Food Products N.E.C.,2021-11-01,112.371
EUA,1.1.9,Food Products N.E.C.,2021-12-01,113.044
EUA,1.1.9,Food Products N.E.C.,2022-01-01,114.352
EUA,1.1.9,Food Products N.E.C.,2022-02-01,115.821
EUA,1.1.9,Food Products N.E.C.,2022-03-01,118.351
EUA,1.1.9,Food Products N.E.C.,2022-04-01,119.706
EUA,1.1.9,Food Products N.E.C.,2022-05-01,120.968
EUA,1.1.9,Food Products N.E.C.,2022-06-01,123.264
EUA,1.1.9,Food Products N.E.C.,2022-07-01,125.805
EUA,1.1.9,Food Products N.E.C.,2022-08-01,126.796
EUA,1.1.9,Food Products N.E.C.,2022-09-01,126.958
EUA,1.1.9,Food Products N.E.C.,2022-10-01,127.777
EUA,1.1.9,Food Products N.E.C.,2022-11-01,127.449
EUA,1.1.9,Food Products N.E.C.,2022-12-01,128.083
EUA,1.1.9,Food Products N.E.C.,2023-01-01,128.952
EUA,1.1.9,Food Products N.E.C.,2023-02-01,130.01
EUA,1.1.9,Food Products N.E.C.,2023-03-01,131.003
EUA,1.1.9,Food Products N.E.C.,2023-04-01,131.376
EUA,1.1.9,Food Products N.E.C.,2023-05-01,131.681
EUA,1.1.9,Food Products N.E.C.,2023-06-01,131.803
EUA,1.1.9,Food Products N.E.C.,2023-07-01,132.275
EUA,1.1.9,Food Products N.E.C.,2023-08-01,132.627
EUA,1.1.9,Food Products N.E.C.,2023-09-01,132.045
EUA,1.1.9,Food Products N.E.C.,2023-10-01,132.284
EUA,1.1.9,Food Products N.E.C.,2023-11-01,131.534
EUA,1.1.9,Food Products N.E.C.,2023-12-01,131.377
EUA,1.1.9,Food Products N.E.C.,2024-01-01,132.306
EUA,1.1.9,Food Products N.E.C.,2024-02-01,132.964
EUA,1.1.9,Food Products N.E.C.,2024-03-01,132.664
EUA,1.1.9,Food Products N.E.C.,2024-04-01,133.26
EUA,1.1.9,Food Products N.E.C.,2024-05-01,133.101
EUA,1.1.9,Food Products N.E.C.,2024-06-01,133.711
EUA,1.1.9,Food Products N.E.C.,2024-07-01,133.829
EUA,1.1.9,Food Products N.E.C.,2024-08-01,133.194
EUA,1.1.9,Food Products N.E.C.,2024-09-01,133.023
EUA,1.1.9,Food Products N.E.C.,2024-10-01,133.384
EUA,1.1.9,Food Products N.E.C.,2024-11-01,132.449
EUA,1.1.9,Food Products N.E.C.,2024-12-01,132.861
EUA,1.2.1,"Coffee, Tea and Cocoa",2013-12-01,100.0
EUA,1.2.1,"Coffee, Tea and Cocoa",2014-01-01,100.851
EUA,1.2.1,"Coffee, Tea and Cocoa",2014-02-01,100.186
EUA,1.2.1,"Coffee, Tea and Cocoa",2014-03-01,100.943
EUA,1.2.1,"Coffee, Tea and Cocoa",2014-04-01,101.201
EUA,1.2.1,"Coffee, Tea and Cocoa",2014-05-01,101.549
EUA,1.2.1,"Coffee, Tea and Cocoa",2014-06-01,101.486
EUA,1.2.1,"Coffee, Tea and Cocoa",2014-07-01,102.552
EUA,1.2.1,"Coffee, Tea and Cocoa",2014-08-01,103.584
EUA,1.2.1,"Coffee, Tea and Cocoa",2014-09-01,103.597
EUA,1.2.1,"Coffee, Tea and Cocoa",2014-10-01,103.617
EUA,1.2.1,"Coffee, Tea and Cocoa",2014-11-01,103.418
EUA,1.2.1,"Coffee, Tea and Cocoa",2014-12-01,102.88
EUA,1.2.1,"Coffee, Tea and Cocoa",2015-01-01,105.157
EUA,1.2.1,"Coffee, Tea and Cocoa",2015-02-01,104.8
EUA,1.2.1,"Coffee, Tea and Cocoa",2015-03-01,104.35
EUA,1.2.1,"Coffee, Tea and Cocoa",2015-04-01,105.036
EUA,1.2.1,"Coffee, Tea and Cocoa",2015-05-01,104.007
EUA,1.2.1,"Coffee, Tea and Cocoa",2015-06-01,103.404
EUA,1.2.1,"Coffee, Tea and Cocoa",2015-07-01,104.505
EUA,1.2.1,"Coffee, Tea and Cocoa",2015-08-01,104.325
EUA,1.2.1,"Coffee, Tea and Cocoa",2015-09-01,103.145
EUA,1.2.1,"Coffee, Tea and Cocoa",2015-10-01,102.903
EUA,1.2.1,"Coffee, Tea and Cocoa",2015-11-01,101.692
EUA,1.2.1,"Coffee, Tea and Cocoa",2015-12-01,101.896
EUA,1.2.1,"Coffee, Tea and Cocoa",2016-01-01,103.083
EUA,1.2.1,"Coffee, Tea and Cocoa",2016-02-01,102.795
EUA,1.2.1,"Coffee, Tea and Cocoa",2016-03-01,101.844
EUA,1.2.1,"Coffee, Tea and Cocoa",2016-04-01,102.193
EUA,1.2.1,"Coffee, Tea and Cocoa",2016-05-01,102.533
EUA,1.2.1,"Coffee, Tea and Cocoa",2016-06-01,101.266
EUA,1.2.1,"Coffee, Tea and Cocoa",2016-07-01,101.599
EUA,1.2.1,"Coffee, Tea and Cocoa",2016-08-01,101.517
EUA,1.2.1,"Coffee, Tea and Cocoa",2016-09-01,101.289
EUA,1.2.1,"Coffee, Tea and Cocoa",2016-10-01,100.665
EUA,1.2.1,"Coffee, Tea and Cocoa",2016-11-01,100.546
EUA,1.2.1,"Coffee, Tea and Cocoa",2016-12-01,99.642
EUA,1.2.1,"Coffee, Tea and Cocoa",2017-01-01,101.128
EUA,1.2.1,"Coffee, Tea and Cocoa",2017-02-01,102.429
EUA,1.2.1,"Coffee, Tea and Cocoa",2017-03-01,101.898
EUA,1.2.1,"Coffee, Tea and Cocoa",2017-04-01,102.363
EUA,1.2.1,"Coffee, Tea and Cocoa",2017-05-01,103.031
EUA,1.2.1,"Coffee, Tea and Cocoa",2017-06-01,101.879
EUA,1.2.1,"Coffee, Tea and Cocoa",2017-07-01,102.01
EUA,1.2.1,"Coffee, Tea and Cocoa",2017-08-01,100.572
EUA,1.2.1,"Coffee, Tea and Cocoa",2017-09-01,101.111
EUA,1.2.1,"Coffee, Tea and Cocoa",2017-10-01,101.403
EUA,1.2.1,"Coffee, Tea and Cocoa",2017-11-01,99.627
EUA,1.2.1,"Coffee, Tea and Cocoa",2017-12-01,100.876
EUA,1.2.1,"Coffee, Tea and Cocoa",2018-01-01,100.28
EUA,1.2.1,"Coffee, Tea and Cocoa",2018-02-01,100.02
EUA,1.2.1,"Coffee, Tea and Cocoa",2018-03-01,100.62
EUA,1.2.1,"Coffee, Tea and Cocoa",2018-04-01,100.008
EUA,1.2.1,"Coffee, Tea and Cocoa",2018-05-01,100.36
EUA,1.2.1,"Coffee, Tea and Cocoa",2018-06-01,99.759
EUA,1.2.1,"Coffee, Tea and Cocoa",2018-07-01,100.237
EUA,1.2.1,"Coffee, Tea and Cocoa",2018-08-01,100.311
EUA,1.2.1,"Coffee, Tea and Cocoa",2018-09-01,99.91
EUA,1.2.1,"Coffee, Tea and Cocoa",2018-10-01,100.102
EUA,1.2.1,"Coffee, Tea and Cocoa",2018-11-01,98.743
EUA,1.2.1,"Coffee, Tea and Cocoa",2018-12-01,99.508
EUA,1.2.1,"Coffee, Tea and Cocoa",2019-01-01,99.745
EUA,1.2.1,"Coffee, Tea and Cocoa",2019-02-01,99.701
EUA,1.2.1,"Coffee, Tea and Cocoa",2019-03-01,99.55
EUA,1.2.1,"Coffee, Tea and Cocoa",2019-04-01,99.776
EUA,1.2.1,"Coffee, Tea and Cocoa",2019-05-01,100.049
EUA,1.2.1,"Coffee, Tea and Cocoa",2019-06-01,100.538
EUA,1.2.1,"Coffee, Tea and Cocoa",2019-07-01,100.124
EUA,1.2.1,"Coffee, Tea and Cocoa",2019-08-01,100.355
EUA,1.2.1,"Coffee, Tea and Cocoa",2019-09-01,99.639
EUA,1.2.1,"Coffee, Tea and Cocoa",2019-10-01,99.281
EUA,1.2.1,"Coffee, Tea and Cocoa",2019-11-01,99.614
EUA,1.2.1,"Coffee, Tea and Cocoa",2019-12-01,98.099
EUA,1.2.1,"Coffee, Tea and Cocoa",2020-01-01,98.804
EUA,1.2.1,"Coffee, Tea and Cocoa",2020-02-01,99.622
EUA,1.2.1,"Coffee, Tea and Cocoa",2020-03-01,100.419
EUA,1.2.1,"Coffee, Tea and Cocoa",2020-04-01,101.595
EUA,1.2.1,"Coffee, Tea and Cocoa",2020-05-01,101.193
EUA,1.2.1,"Coffee, Tea and Cocoa",2020-06-01,101.942
EUA,1.2.1,"Coffee, Tea and Cocoa",2020-07-01,100.9
EUA,1.2.1,"Coffee, Tea and Cocoa",2020-08-01,101.446
EUA,1.2.1,"Coffee, Tea and Cocoa",2020-09-01,100.627
EUA,1.2.1,"Coffee, Tea and Cocoa",2020-10-01,101.01
EUA,1.2.1,"Coffee, Tea and Cocoa",2020-11-01,99.2
EUA,1.2.1,"Coffee, Tea and Cocoa",2020-12-01,100.477
EUA,1.2.1,"Coffee, Tea and Cocoa",2021-01-01,101.448
EUA,1.2.1,"Coffee, Tea and Cocoa",2021-02-01,101.29
EUA,1.2.1,"Coffee, Tea and Cocoa",2021-03-01,101.306
EUA,1.2.1,"Coffee, Tea and Cocoa",2021-04-01,101.571
EUA,1.2.1,"Coffee, Tea and Cocoa",2021-05-01,102.057
EUA,1.2.1,"Coffee, Tea and Cocoa",2021-06-01,102.945
EUA,1.2.1,"Coffee, Tea and Cocoa",2021-07-01,102.25
EUA,1.2.1,"Coffee, Tea and Cocoa",2021-08-01,103.683
EUA,1.2.1,"Coffee, Tea and Cocoa",2021-09-01,104.184
EUA,1.2.1,"Coffee, Tea and Cocoa",2021-10-01,105.53
EUA,1.2.1,"Coffee, Tea and Cocoa",2021-11-01,104.87
EUA,1.2.1,"Coffee, Tea and Cocoa",2021-12-01,104.883
EUA,1.2.1,"Coffee, Tea and Cocoa",2022-01-01,107.809
EUA,1.2.1,"Coffee, Tea and Cocoa",2022-02-01,109.833
EUA,1.2.1,"Coffee, Tea and Cocoa",2022-03-01,110.738
EUA,1.2.1,"Coffee, Tea and Cocoa",2022-04-01,113.24
EUA,1.2.1,"Coffee, Tea and Cocoa",2022-05-01,115.017
EUA,1.2.1,"Coffee, Tea and Cocoa",2022-06-01,116.143
EUA,1.2.1,"Coffee, Tea and Cocoa",2022-07-01,119.14
EUA,1.2.1,"Coffee, Tea and Cocoa",2022-08-01,118.756
EUA,1.2.1,"Coffee, Tea and Cocoa",2022-09-01,118.527
EUA,1.2.1,"Coffee, Tea and Cocoa",2022-10-01,119.215
EUA,1.2.1,"Coffee, Tea and Cocoa",2022-11-01,119.327
EUA,1.2.1,"Coffee, Tea and Cocoa",2022-12-01,119.368
EUA,1.2.1,"Coffee, Tea and Cocoa",2023-01-01,121.347
EUA,1.2.1,"Coffee, Tea and Cocoa",2023-02-01,122.295
EUA,1.2.1,"Coffee, Tea and Cocoa",2023-03-01,122.222
EUA,1.2.1,"Coffee, Tea and Cocoa",2023-04-01,121.428
EUA,1.2.1,"Coffee, Tea and Cocoa",2023-05-01,121.825
EUA,1.2.1,"Coffee, Tea and Cocoa",2023-06-01,122.197
EUA,1.2.1,"Coffee, Tea and Cocoa",2023-07-01,122.409
EUA,1.2.1,"Coffee, Tea and Cocoa",2023-08-01,121.72
EUA,1.2.1,"Coffee, Tea and Cocoa",2023-09-01,122.161
EUA,1.2.1,"Coffee, Tea and Cocoa",2023-10-01,121.29
EUA,1.2.1,"Coffee, Tea and Cocoa",2023-11-01,120.723
EUA,1.2.1,"Coffee, Tea and Cocoa",2023-12-01,119.709
EUA,1.2.1,"Coffee, Tea and Cocoa",2024-01-01,121.528
EUA,1.2.1,"Coffee, Tea and Cocoa",2024-02-01,121.955
EUA,1.2.1,"Coffee, Tea and Cocoa",2024-03-01,121.35
EUA,1.2.1,"Coffee, Tea and Cocoa",2024-04-01,121.293
EUA,1.2.1,"Coffee, Tea and Cocoa",2024-05-01,121.655
EUA,1.2.1,"Coffee, Tea and Cocoa",2024-06-01,122.158
EUA,1.2.1,"Coffee, Tea and Cocoa",2024-07-01,122.862
EUA,1.2.1,"Coffee, Tea and Cocoa",2024-08-01,121.826
EUA,1.2.1,"Coffee, Tea and Cocoa",2024-09-01,122.394
EUA,1.2.1,"Coffee, Tea and Cocoa",2024-10-01,122.561
EUA,1.2.1,"Coffee, Tea and Cocoa",2024-11-01,123.342
EUA,1.2.1,"Coffee, Tea and Cocoa",2024-12-01,123.854
EUA,1.2.2,"Mineral Waters, Soft Drinks, Fruit and Vegetable Juices",2013-12-01,100.0
EUA,1.2.2,"Mineral Waters, Soft Drinks, Fruit and Vegetable Juices",2014-01-01,100.744
EUA,1.2.2,"Mineral Waters, Soft Drinks, Fruit and Vegetable Juices",2014-02-01,100.112
EUA,1.2.2,"Mineral Waters, Soft Drinks, Fruit and Vegetable Juices",2014-03-01,99.684
EUA,1.2.2,"Mineral Waters, Soft Drinks, Fruit and Vegetable Juices",2014-04-01,99.367
EUA,1.2.2,"Mineral Waters, Soft Drinks, Fruit and Vegetable Juices",2014-05-01,98.69
EUA,1.2.2,"Mineral Waters, Soft Drinks, Fruit and Vegetable Juices",2014-06-01,98.754
EUA,1.2.2,"Mineral Waters, Soft Drinks, Fruit and Vegetable Juices",2014-07-01,98.848
EUA,1.2.2,"Mineral Waters, Soft Drinks, Fruit and Vegetable Juices",2014-08-01,98.868
EUA,1.2.2,"Mineral Waters, Soft Drinks, Fruit and Vegetable Juices",2014-09-01,99.226
EUA,1.2.2,"Mineral Waters, Soft Drinks, Fruit and Vegetable Juices",2014-10-01,100.203
EUA,1.2.2,"Mineral Waters, Soft Drinks, Fruit and Vegetable Juices",2014-11-01,100.384
EUA,1.2.2,"Mineral Waters, Soft Drinks, Fruit and Vegetable Juices",2014-12-01,100.123
EUA,1.2.2,"Mineral Waters, Soft Drinks, Fruit and Vegetable Juices",2015-01-01,100.737
EUA,1.2.2,"Mineral Waters, Soft Drinks, Fruit and Vegetable Juices",2015-02-01,101.068
EUA,1.2.2,"Mineral Waters, Soft Drinks, Fruit and Vegetable Juices",2015-03-01,100.271
EUA,1.2.2,"Mineral Waters, Soft Drinks, Fruit and Vegetable Juices",2015-04-01,100.615
EUA,1.2.2,"Mineral Waters, Soft Drinks, Fruit and Vegetable Juices",2015-05-01,99.663
EUA,1.2.2,"Mineral Waters, Soft Drinks, Fruit and Vegetable Juices",2015-06-01,99.857
EUA,1.2.2,"Mineral Waters, Soft Drinks, Fruit and Vegetable Juices",2015-07-01,100.007
EUA,1.2.2,"Mineral Waters, Soft Drinks, Fruit and Vegetable Juices",2015-08-01,100.519
EUA,1.2.2,"Mineral Waters, Soft Drinks, Fruit and Vegetable Juices",2015-09-01,100.881
EUA,1.2.2,"Mineral Waters, Soft Drinks, Fruit and Vegetable Juices",2015-10-01,101.716
EUA,1.2.2,"Mineral Waters, Soft Drinks, Fruit and Vegetable Juices",2015-11-01,100.862
EUA,1.2.2,"Mineral Waters, Soft Drinks, Fruit and Vegetable Juices",2015-12-01,100.791
EUA,1.2.2,"Mineral Waters, Soft Drinks, Fruit and Vegetable Juices",2016-01-01,101.382
EUA,1.2.2,"Mineral Waters, Soft Drinks, Fruit and Vegetable Juices",2016-02-01,101.916
EUA,1.2.2,"Mineral Waters, Soft Drinks, Fruit and Vegetable Juices",2016-03-01,101.386
EUA,1.2.2,"Mineral Waters, Soft Drinks, Fruit and Vegetable Juices",2016-04-01,101.739
EUA,1.2.2,"Mineral Waters, Soft Drinks, Fruit and Vegetable Juices",2016-05-01,100.216
EUA,1.2.2,"Mineral Waters, Soft Drinks, Fruit and Vegetable Juices",2016-06-01,99.755
EUA,1.2.2,"Mineral Waters, Soft Drinks, Fruit and Vegetable Juices",2016-07-01,100.215
EUA,1.2.2,"Mineral Waters, Soft Drinks, Fruit and Vegetable Juices",2016-08-01,100.568
EUA,1.2.2,"Mineral Waters, Soft Drinks, Fruit and Vegetable Juices",2016-09-01,100.265
EUA,1.2.2,"Mineral Waters, Soft Drinks, Fruit and Vegetable Juices",2016-10-01,100.665
EUA,1.2.2,"Mineral Waters, Soft Drinks, Fruit and Vegetable Juices",2016-11-01,100.27
EUA,1.2.2,"Mineral Waters, Soft Drinks, Fruit and Vegetable Juices",2016-12-01,100.351
EUA,1.2.2,"Mineral Waters, Soft Drinks, Fruit and Vegetable Juices",2017-01-01,100.731
EUA,1.2.2,"Mineral Waters, Soft Drinks, Fruit and Vegetable Juices",2017-02-01,102.212
EUA,1.2.2,"Mineral Waters, Soft Drinks, Fruit and Vegetable Juices",2017-03-01,101.586
EUA,1.2.2,"Mineral Waters, Soft Drinks, Fruit and Vegetable Juices",2017-04-01,101.34
EUA,1.2.2,"Mineral Waters, Soft Drinks, Fruit and Vegetable Juices",2017-05-01,101.268
EUA,1.2.2,"Mineral Waters, Soft Drinks, Fruit and Vegetable Juices",2017-06-01,100.603
EUA,1.2.2,"Mineral Waters, Soft Drinks, Fruit and Vegetable Juices",2017-07-01,100.427
EUA,1.2.2,"Mineral Waters, Soft Drinks, Fruit and Vegetable Juices",2017-08-01,100.72
EUA,1.2.2,"Mineral Waters, Soft Drinks, Fruit and Vegetable Juices",2017-09-01,101.026
EUA,1.2.2,"Mineral Waters, Soft Drinks, Fruit and Vegetable Juices",2017-10-01,101.381
EUA,1.2.2,"Mineral Waters, Soft Drinks, Fruit and Vegetable Juices",2017-11-01,100.604
EUA,1.2.2,"Mineral Waters, Soft Drinks, Fruit and Vegetable Juices",2017-12-01,99.946
EUA,1.2.2,"Mineral Waters, Soft Drinks, Fruit and Vegetable Juices",2018-01-01,101.526
EUA,1.2.2,"Mineral Waters, Soft Drinks, Fruit and Vegetable Juices",2018-02-01,101.673
EUA,1.2.2,"Mineral Waters, Soft Drinks, Fruit and Vegetable Juices",2018-03-01,101.475
EUA,1.2.2,"Mineral Waters, Soft Drinks, Fruit and Vegetable Juices",2018-04-01,101.107
EUA,1.2.2,"Mineral Waters, Soft Drinks, Fruit and Vegetable Juices",2018-05-01,100.456
EUA,1.2.2,"Mineral Waters, Soft Drinks, Fruit and Vegetable Juices",2018-06-01,100.695
EUA,1.2.2,"Mineral Waters, Soft Drinks, Fruit and Vegetable Juices",2018-07-01,100.644
EUA,1.2.2,"Mineral Waters, Soft Drinks, Fruit and Vegetable Juices",2018-08-01,101.154
EUA,1.2.2,"Mineral Waters, Soft Drinks, Fruit and Vegetable Juices",2018-09-01,102.28
EUA,1.2.2,"Mineral Waters, Soft Drinks, Fruit and Vegetable Juices",2018-10-01,103.147
EUA,1.2.2,"Mineral Waters, Soft Drinks, Fruit and Vegetable Juices",2018-11-01,102.258
EUA,1.2.2,"Mineral Waters, Soft Drinks, Fruit and Vegetable Juices",2018-12-01,102.351
EUA,1.2.2,"Mineral Waters, Soft Drinks, Fruit and Vegetable Juices",2019-01-01,104.739
EUA,1.2.2,"Mineral Waters, Soft Drinks, Fruit and Vegetable Juices",2019-02-01,105.685
EUA,1.2.2,"Mineral Waters, Soft Drinks, Fruit and Vegetable Juices",2019-03-01,105.388
EUA,1.2.2,"Mineral Waters, Soft Drinks, Fruit and Vegetable Juices",2019-04-01,104.213
EUA,1.2.2,"Mineral Waters, Soft Drinks, Fruit and Vegetable Juices",2019-05-01,104.553
EUA,1.2.2,"Mineral Waters, Soft Drinks, Fruit and Vegetable Juices",2019-06-01,103.532
EUA,1.2.2,"Mineral Waters, Soft Drinks, Fruit and Vegetable Juices",2019-07-01,103.234
EUA,1.2.2,"Mineral Waters, Soft Drinks, Fruit and Vegetable Juices",2019-08-01,103.465
EUA,1.2.2,"Mineral Waters, Soft Drinks, Fruit and Vegetable Juices",2019-09-01,104.183
EUA,1.2.2,"Mineral Waters, Soft Drinks, Fruit and Vegetable Juices",2019-10-01,104.486
EUA,1.2.2,"Mineral Waters, Soft Drinks, Fruit and Vegetable Juices",2019-11-01,104.229
EUA,1.2.2,"Mineral Waters, Soft Drinks, Fruit and Vegetable Juices",2019-12-01,104.225
EUA,1.2.2,"Mineral Waters, Soft Drinks, Fruit and Vegetable Juices",2020-01-01,105.871
EUA,1.2.2,"Mineral Waters, Soft Drinks, Fruit and Vegetable Juices",2020-02-01,106.297
EUA,1.2.2,"Mineral Waters, Soft Drinks, Fruit and Vegetable Juices",2020-03-01,107.043
EUA,1.2.2,"Mineral Waters, Soft Drinks, Fruit and Vegetable Juices",2020-04-01,110.561
EUA,1.2.2,"Mineral Waters, Soft Drinks, Fruit and Vegetable Juices",2020-05-01,109.882
EUA,1.2.2,"Mineral Waters, Soft Drinks, Fruit and Vegetable Juices",2020-06-01,110.395
EUA,1.2.2,"Mineral Waters, Soft Drinks, Fruit and Vegetable Juices",2020-07-01,109.935
EUA,1.2.2,"Mineral Waters, Soft Drinks, Fruit and Vegetable Juices",2020-08-01,110.16
EUA,1.2.2,"Mineral Waters, Soft Drinks, Fruit and Vegetable Juices",2020-09-01,109.772
EUA,1.2.2,"Mineral Waters, Soft Drinks, Fruit and Vegetable Juices",2020-10-01,110.088
EUA,1.2.2,"Mineral Waters, Soft Drinks, Fruit and Vegetable Juices",2020-11-01,108.665
EUA,1.2.2,"Mineral Waters, Soft Drinks, Fruit and Vegetable Juices",2020-12-01,109.573
EUA,1.2.2,"Mineral Waters, Soft Drinks, Fruit and Vegetable Juices",2021-01-01,111.074
EUA,1.2.2,"Mineral Waters, Soft Drinks, Fruit and Vegetable Juices",2021-02-01,111.473
EUA,1.2.2,"Mineral Waters, Soft Drinks, Fruit and Vegetable Juices",2021-03-01,111.315
EUA,1.2.2,"Mineral Waters, Soft Drinks, Fruit and Vegetable Juices",2021-04-01,110.847
EUA,1.2.2,"Mineral Waters, Soft Drinks, Fruit and Vegetable Juices",2021-05-01,109.214
EUA,1.2.2,"Mineral Waters, Soft Drinks, Fruit and Vegetable Juices",2021-06-01,110.301
EUA,1.2.2,"Mineral Waters, Soft Drinks, Fruit and Vegetable Juices",2021-07-01,111.063
EUA,1.2.2,"Mineral Waters, Soft Drinks, Fruit and Vegetable Juices",2021-08-01,112.302
EUA,1.2.2,"Mineral Waters, Soft Drinks, Fruit and Vegetable Juices",2021-09-01,113.947
EUA,1.2.2,"Mineral Waters, Soft Drinks, Fruit and Vegetable Juices",2021-10-01,115.017
EUA,1.2.2,"Mineral Waters, Soft Drinks, Fruit and Vegetable Juices",2021-11-01,114.213
EUA,1.2.2,"Mineral Waters, Soft Drinks, Fruit and Vegetable Juices",2021-12-01,115.535
EUA,1.2.2,"Mineral Waters, Soft Drinks, Fruit and Vegetable Juices",2022-01-01,115.968
EUA,1.2.2,"Mineral Waters, Soft Drinks, Fruit and Vegetable Juices",2022-02-01,118.1
EUA,1.2.2,"Mineral Waters, Soft Drinks, Fruit and Vegetable Juices",2022-03-01,119.549
EUA,1.2.2,"Mineral Waters, Soft Drinks, Fruit and Vegetable Juices",2022-04-01,120.866
EUA,1.2.2,"Mineral Waters, Soft Drinks, Fruit and Vegetable Juices",2022-05-01,121.837
EUA,1.2.2,"Mineral Waters, Soft Drinks, Fruit and Vegetable Juices",2022-06-01,122.822
EUA,1.2.2,"Mineral Waters, Soft Drinks, Fruit and Vegetable Juices",2022-07-01,125.023
EUA,1.2.2,"Mineral Waters, Soft Drinks, Fruit and Vegetable Juices",2022-08-01,126.711
EUA,1.2.2,"Mineral Waters, Soft Drinks, Fruit and Vegetable Juices",2022-09-01,128.236
EUA,1.2.2,"Mineral Waters, Soft Drinks, Fruit and Vegetable Juices",2022-10-01,129.484
EUA,1.2.2,"Mineral Waters, Soft Drinks, Fruit and Vegetable Juices",2022-11-01,128.901
EUA,1.2.2,"Mineral Waters, Soft Drinks, Fruit and Vegetable Juices",2022-12-01,129.592
EUA,1.2.2,"Mineral Waters, Soft Drinks, Fruit and Vegetable Juices",2023-01-01,131.343
EUA,1.2.2,"Mineral Waters, Soft Drinks, Fruit and Vegetable Juices",2023-02-01,133.16
EUA,1.2.2,"Mineral Waters, Soft Drinks, Fruit and Vegetable Juices",2023-03-01,133.548
EUA,1.2.2,"Mineral Waters, Soft Drinks, Fruit and Vegetable Juices",2023-04-01,133.479
EUA,1.2.2,"Mineral Waters, Soft Drinks, Fruit and Vegetable Juices",2023-05-01,133.847
EUA,1.2.2,"Mineral Waters, Soft Drinks, Fruit and Vegetable Juices",2023-06-01,133.399
EUA,1.2.2,"Mineral Waters, Soft Drinks, Fruit and Vegetable Juices",2023-07-01,133.222
EUA,1.2.2,"Mineral Waters, Soft Drinks, Fruit and Vegetable Juices",2023-08-01,134.055
EUA,1.2.2,"Mineral Waters, Soft Drinks, Fruit and Vegetable Juices",2023-09-01,133.934
EUA,1.2.2,"Mineral Waters, Soft Drinks, Fruit and Vegetable Juices",2023-10-01,134.526
EUA,1.2.2,"Mineral Waters, Soft Drinks, Fruit and Vegetable Juices",2023-11-01,133.604
EUA,1.2.2,"Mineral Waters, Soft Drinks, Fruit and Vegetable Juices",2023-12-01,134.308
EUA,1.2.2,"Mineral Waters, Soft Drinks, Fruit and Vegetable Juices",2024-01-01,137.594
EUA,1.2.2,"Mineral Waters, Soft Drinks, Fruit and Vegetable Juices",2024-02-01,137.734
EUA,1.2.2,"Mineral Waters, Soft Drinks, Fruit and Vegetable Juices",2024-03-01,138.42
EUA,1.2.2,"Mineral Waters, Soft Drinks, Fruit and Vegetable Juices",2024-04-01,137.823
EUA,1.2.2,"Mineral Waters, Soft Drinks, Fruit and Vegetable Juices",2024-05-01,136.467
EUA,1.2.2,"Mineral Waters, Soft Drinks, Fruit and Vegetable Juices",2024-06-01,136.253
EUA,1.2.2,"Mineral Waters, Soft Drinks, Fruit and Vegetable Juices",2024-07-01,136.594
EUA,1.2.2,"Mineral Waters, Soft Drinks, Fruit and Vegetable Juices",2024-08-01,136.413
EUA,1.2.2,"Mineral Waters, Soft Drinks, Fruit and Vegetable Juices",2024-09-01,136.246
EUA,1.2.2,"Mineral Waters, Soft Drinks, Fruit and Vegetable Juices",2024-10-01,137.207
EUA,1.2.2,"Mineral Waters, Soft Drinks, Fruit and Vegetable Juices",2024-11-01,137.781
EUA,1.2.2,"Mineral Waters, Soft Drinks, Fruit and Vegetable Juices",2024-12-01,136.694
EUA,2,"Alcoholic Beverages, Tobacco and Narcotics",2013-12-01,100.0
EUA,2,"Alcoholic Beverages, Tobacco and Narcotics",2014-01-01,100.597
EUA,2,"Alcoholic Beverages, Tobacco and Narcotics",2014-02-01,100.496
EUA,2,"Alcoholic Beverages, Tobacco and Narcotics",2014-03-01,100.563
EUA,2,"Alcoholic Beverages, Tobacco and Narcotics",2014-04-01,100.448
EUA,2,"Alcoholic Beverages, Tobacco and Narcotics",2014-05-01,100.613
EUA,2,"Alcoholic Beverages, Tobacco and Narcotics",2014-06-01,101.004
EUA,2,"Alcoholic Beverages, Tobacco and Narcotics",2014-07-01,100.816
EUA,2,"Alcoholic Beverages, Tobacco and Narcotics",2014-08-01,101.233
EUA,2,"Alcoholic Beverages, Tobacco and Narcotics",2014-09-01,101.133
EUA,2,"Alcoholic Beverages, Tobacco and Narcotics",2014-10-01,101.385
EUA,2,"Alcoholic Beverages, Tobacco and Narcotics",2014-11-01,101.69
EUA,2,"Alcoholic Beverages, Tobacco and Narcotics",2014-12-01,101.896
EUA,2,"Alcoholic Beverages, Tobacco and Narcotics",2015-01-01,101.927
EUA,2,"Alcoholic Beverages, Tobacco and Narcotics",2015-02-01,102.101
EUA,2,"Alcoholic Beverages, Tobacco and Narcotics",2015-03-01,102.173
EUA,2,"Alcoholic Beverages, Tobacco and Narcotics",2015-04-01,101.908
EUA,2,"Alcoholic Beverages, Tobacco and Narcotics",2015-05-01,102.111
EUA,2,"Alcoholic Beverages, Tobacco and Narcotics",2015-06-01,102.428
EUA,2,"Alcoholic Beverages, Tobacco and Narcotics",2015-07-01,102.858
EUA,2,"Alcoholic Beverages, Tobacco and Narcotics",2015-08-01,103.109
EUA,2,"Alcoholic Beverages, Tobacco and Narcotics",2015-09-01,103.018
EUA,2,"Alcoholic Beverages, Tobacco and Narcotics",2015-10-01,103.586
EUA,2,"Alcoholic Beverages, Tobacco and Narcotics",2015-11-01,103.645
EUA,2,"Alcoholic Beverages, Tobacco and Narcotics",2015-12-01,103.848
EUA,2,"Alcoholic Beverages, Tobacco and Narcotics",2016-01-01,104.452
EUA,2,"Alcoholic Beverages, Tobacco and Narcotics",2016-02-01,104.616
EUA,2,"Alcoholic Beverages, Tobacco and Narcotics",2016-03-01,104.64
EUA,2,"Alcoholic Beverages, Tobacco and Narcotics",2016-04-01,104.545
EUA,2,"Alcoholic Beverages, Tobacco and Narcotics",2016-05-01,104.518
EUA,2,"Alcoholic Beverages, Tobacco and Narcotics",2016-06-01,104.915
EUA,2,"Alcoholic Beverages, Tobacco and Narcotics",2016-07-01,104.847
EUA,2,"Alcoholic Beverages, Tobacco and Narcotics",2016-08-01,105.177
EUA,2,"Alcoholic Beverages, Tobacco and Narcotics",2016-09-01,105.408
EUA,2,"Alcoholic Beverages, Tobacco and Narcotics",2016-10-01,105.819
EUA,2,"Alcoholic Beverages, Tobacco and Narcotics",2016-11-01,105.758
EUA,2,"Alcoholic Beverages, Tobacco and Narcotics",2016-12-01,106.17
EUA,2,"Alcoholic Beverages, Tobacco and Narcotics",2017-01-01,106.605
EUA,2,"Alcoholic Beverages, Tobacco and Narcotics",2017-02-01,106.546
EUA,2,"Alcoholic Beverages, Tobacco and Narcotics",2017-03-01,106.818
EUA,2,"Alcoholic Beverages, Tobacco and Narcotics",2017-04-01,109.115
EUA,2,"Alcoholic Beverages, Tobacco and Narcotics",2017-05-01,108.785
EUA,2,"Alcoholic Beverages, Tobacco and Narcotics",2017-06-01,108.734
EUA,2,"Alcoholic Beverages, Tobacco and Narcotics",2017-07-01,108.94
EUA,2,"Alcoholic Beverages, Tobacco and Narcotics",2017-08-01,108.916
EUA,2,"Alcoholic Beverages, Tobacco and Narcotics",2017-09-01,109.344
EUA,2,"Alcoholic Beverages, Tobacco and Narcotics",2017-10-01,110.479
EUA,2,"Alcoholic Beverages, Tobacco and Narcotics",2017-11-01,110.576
EUA,2,"Alcoholic Beverages, Tobacco and Narcotics",2017-12-01,110.331
EUA,2,"Alcoholic Beverages, Tobacco and Narcotics",2018-01-01,110.55
EUA,2,"Alcoholic Beverages, Tobacco and Narcotics",2018-02-01,110.733
EUA,2,"Alcoholic Beverages, Tobacco and Narcotics",2018-03-01,110.584
EUA,2,"Alcoholic Beverages, Tobacco and Narcotics",2018-04-01,111.292
EUA,2,"Alcoholic Beverages, Tobacco and Narcotics",2018-05-01,111.174
EUA,2,"Alcoholic Beverages, Tobacco and Narcotics",2018-06-01,111.331
EUA,2,"Alcoholic Beverages, Tobacco and Narcotics",2018-07-01,111.348
EUA,2,"Alcoholic Beverages, Tobacco and Narcotics",2018-08-01,111.366
EUA,2,"Alcoholic Beverages, Tobacco and Narcotics",2018-09-01,111.783
EUA,2,"Alcoholic Beverages, Tobacco and Narcotics",2018-10-01,112.918
EUA,2,"Alcoholic Beverages, Tobacco and Narcotics",2018-11-01,113.158
EUA,2,"Alcoholic Beverages, Tobacco and Narcotics",2018-12-01,113.037
EUA,2,"Alcoholic Beverages, Tobacco and Narcotics",2019-01-01,113.414
EUA,2,"Alcoholic Beverages, Tobacco and Narcotics",2019-02-01,113.937
EUA,2,"Alcoholic Beverages, Tobacco and Narcotics",2019-03-01,114.501
EUA,2,"Alcoholic Beverages, Tobacco and Narcotics",2019-04-01,114.435
EUA,2,"Alcoholic Beverages, Tobacco and Narcotics",2019-05-01,114.8
EUA,2,"Alcoholic Beverages, Tobacco and Narcotics",2019-06-01,114.916
EUA,2,"Alcoholic Beverages, Tobacco and Narcotics",2019-07-01,115.59
EUA,2,"Alcoholic Beverages, Tobacco and Narcotics",2019-08-01,115.891
EUA,2,"Alcoholic Beverages, Tobacco and Narcotics",2019-09-01,116.014
EUA,2,"Alcoholic Beverages, Tobacco and Narcotics",2019-10-01,116.399
EUA,2,"Alcoholic Beverages, Tobacco and Narcotics",2019-11-01,116.592
EUA,2,"Alcoholic Beverages, Tobacco and Narcotics",2019-12-01,116.323
EUA,2,"Alcoholic Beverages, Tobacco and Narcotics",2020-01-01,116.821
EUA,2,"Alcoholic Beverages, Tobacco and Narcotics",2020-02-01,117.444
EUA,2,"Alcoholic Beverages, Tobacco and Narcotics",2020-03-01,118.489
EUA,2,"Alcoholic Beverages, Tobacco and Narcotics",2020-04-01,118.648
EUA,2,"Alcoholic Beverages, Tobacco and Narcotics",2020-05-01,118.541
EUA,2,"Alcoholic Beverages, Tobacco and Narcotics",2020-06-01,118.987
EUA,2,"Alcoholic Beverages, Tobacco and Narcotics",2020-07-01,119.596
EUA,2,"Alcoholic Beverages, Tobacco and Narcotics",2020-08-01,119.657
EUA,2,"Alcoholic Beverages, Tobacco and Narcotics",2020-09-01,119.819
EUA,2,"Alcoholic Beverages, Tobacco and Narcotics",2020-10-01,120.311
EUA,2,"Alcoholic Beverages, Tobacco and Narcotics",2020-11-01,120.806
EUA,2,"Alcoholic Beverages, Tobacco and Narcotics",2020-12-01,120.89
EUA,2,"Alcoholic Beverages, Tobacco and Narcotics",2021-01-01,122.093
EUA,2,"Alcoholic Beverages, Tobacco and Narcotics",2021-02-01,122.573
EUA,2,"Alcoholic Beverages, Tobacco and Narcotics",2021-03-01,123.115
EUA,2,"Alcoholic Beverages, Tobacco and Narcotics",2021-04-01,123.29
EUA,2,"Alcoholic Beverages, Tobacco and Narcotics",2021-05-01,123.533
EUA,2,"Alcoholic Beverages, Tobacco and Narcotics",2021-06-01,124.142
EUA,2,"Alcoholic Beverages, Tobacco and Narcotics",2021-07-01,124.494
EUA,2,"Alcoholic Beverages, Tobacco and Narcotics",2021-08-01,124.754
EUA,2,"Alcoholic Beverages, Tobacco and Narcotics",2021-09-01,125.307
EUA,2,"Alcoholic Beverages, Tobacco and Narcotics",2021-10-01,126.37
EUA,2,"Alcoholic Beverages, Tobacco and Narcotics",2021-11-01,126.987
EUA,2,"Alcoholic Beverages, Tobacco and Narcotics",2021-12-01,127.153
EUA,2,"Alcoholic Beverages, Tobacco and Narcotics",2022-01-01,127.423
EUA,2,"Alcoholic Beverages, Tobacco and Narcotics",2022-02-01,128.581
EUA,2,"Alcoholic Beverages, Tobacco and Narcotics",2022-03-01,129.151
EUA,2,"Alcoholic Beverages, Tobacco and Narcotics",2022-04-01,129.608
EUA,2,"Alcoholic Beverages, Tobacco and Narcotics",2022-05-01,130.201
EUA,2,"Alcoholic Beverages, Tobacco and Narcotics",2022-06-01,130.905
EUA,2,"Alcoholic Beverages, Tobacco and Narcotics",2022-07-01,131.278
EUA,2,"Alcoholic Beverages, Tobacco and Narcotics",2022-08-01,132.302
EUA,2,"Alcoholic Beverages, Tobacco and Narcotics",2022-09-01,132.327
EUA,2,"Alcoholic Beverages, Tobacco and Narcotics",2022-10-01,132.935
EUA,2,"Alcoholic Beverages, Tobacco and Narcotics",2022-11-01,133.873
EUA,2,"Alcoholic Beverages, Tobacco and Narcotics",2022-12-01,133.968
EUA,2,"Alcoholic Beverages, Tobacco and Narcotics",2023-01-01,134.743
EUA,2,"Alcoholic Beverages, Tobacco and Narcotics",2023-02-01,135.573
EUA,2,"Alcoholic Beverages, Tobacco and Narcotics",2023-03-01,136.039
EUA,2,"Alcoholic Beverages, Tobacco and Narcotics",2023-04-01,136.164
EUA,2,"Alcoholic Beverages, Tobacco and Narcotics",2023-05-01,136.787
EUA,2,"Alcoholic Beverages, Tobacco and Narcotics",2023-06-01,136.747
EUA,2,"Alcoholic Beverages, Tobacco and Narcotics",2023-07-01,136.98
EUA,2,"Alcoholic Beverages, Tobacco and Narcotics",2023-08-01,137.519
EUA,2,"Alcoholic Beverages, Tobacco and Narcotics",2023-09-01,137.932
EUA,2,"Alcoholic Beverages, Tobacco and Narcotics",2023-10-01,139.452
EUA,2,"Alcoholic Beverages, Tobacco and Narcotics",2023-11-01,139.961
EUA,2,"Alcoholic Beverages, Tobacco and Narcotics",2023-12-01,139.864
EUA,2,"Alcoholic Beverages, Tobacco and Narcotics",2024-01-01,140.436
EUA,2,"Alcoholic Beverages, Tobacco and Narcotics",2024-02-01,141.572
EUA,2,"Alcoholic Beverages, Tobacco and Narcotics",2024-03-01,141.755
EUA,2,"Alcoholic Beverages, Tobacco and Narcotics",2024-04-01,141.764
EUA,2,"Alcoholic Beverages, Tobacco and Narcotics",2024-05-01,143.086
EUA,2,"Alcoholic Beverages, Tobacco and Narcotics",2024-06-01,143.564
EUA,2,"Alcoholic Beverages, Tobacco and Narcotics",2024-07-01,143.747
EUA,2,"Alcoholic Beverages, Tobacco and Narcotics",2024-08-01,144.692
EUA,2,"Alcoholic Beverages, Tobacco and Narcotics",2024-09-01,144.777
EUA,2,"Alcoholic Beverages, Tobacco and Narcotics",2024-10-01,145.093
EUA,2,"Alcoholic Beverages, Tobacco and Narcotics",2024-11-01,145.574
EUA,2,"Alcoholic Beverages, Tobacco and Narcotics",2024-12-01,145.435
EUA,2.1.1,Spirits,2013-12-01,100.0
EUA,2.1.1,Spirits,2014-01-01,100.964
EUA,2.1.1,Spirits,2014-02-01,100.786
EUA,2.1.1,Spirits,2014-03-01,100.211
EUA,2.1.1,Spirits,2014-04-01,100.096
EUA,2.1.1,Spirits,2014-05-01,101.152
EUA,2.1.1,Spirits,2014-06-01,100.303
EUA,2.1.1,Spirits,2014-07-01,100.754
EUA,2.1.1,Spirits,2014-08-01,101.067
EUA,2.1.1,Spirits,2014-09-01,101.4
EUA,2.1.1,Spirits,2014-10-01,101.473
EUA,2.1.1,Spirits,2014-11-01,101.371
EUA,2.1.1,Spirits,2014-12-01,100.944
EUA,2.1.1,Spirits,2015-01-01,101.417
EUA,2.1.1,Spirits,2015-02-01,101.75
EUA,2.1.1,Spirits,2015-03-01,101.24
EUA,2.1.1,Spirits,2015-04-01,101.128
EUA,2.1.1,Spirits,2015-05-01,101.546
EUA,2.1.1,Spirits,2015-06-01,100.34
EUA,2.1.1,Spirits,2015-07-01,100.692
EUA,2.1.1,Spirits,2015-08-01,101.017
EUA,2.1.1,Spirits,2015-09-01,100.587
EUA,2.1.1,Spirits,2015-10-01,100.92
EUA,2.1.1,Spirits,2015-11-01,100.726
EUA,2.1.1,Spirits,2015-12-01,100.492
EUA,2.1.1,Spirits,2016-01-01,100.932
EUA,2.1.1,Spirits,2016-02-01,102.149
EUA,2.1.1,Spirits,2016-03-01,101.801
EUA,2.1.1,Spirits,2016-04-01,101.91
EUA,2.1.1,Spirits,2016-05-01,101.367
EUA,2.1.1,Spirits,2016-06-01,100.87
EUA,2.1.1,Spirits,2016-07-01,101.183
EUA,2.1.1,Spirits,2016-08-01,101.004
EUA,2.1.1,Spirits,2016-09-01,100.92
EUA,2.1.1,Spirits,2016-10-01,101.882
EUA,2.1.1,Spirits,2016-11-01,101.31
EUA,2.1.1,Spirits,2016-12-01,100.82
EUA,2.1.1,Spirits,2017-01-01,101.245
EUA,2.1.1,Spirits,2017-02-01,101.327
EUA,2.1.1,Spirits,2017-03-01,101.734
EUA,2.1.1,Spirits,2017-04-01,101.42
EUA,2.1.1,Spirits,2017-05-01,100.78
EUA,2.1.1,Spirits,2017-06-01,100.649
EUA,2.1.1,Spirits,2017-07-01,100.487
EUA,2.1.1,Spirits,2017-08-01,100.796
EUA,2.1.1,Spirits,2017-09-01,100.893
EUA,2.1.1,Spirits,2017-10-01,101.403
EUA,2.1.1,Spirits,2017-11-01,100.715
EUA,2.1.1,Spirits,2017-12-01,99.747
EUA,2.1.1,Spirits,2018-01-01,100.413
EUA,2.1.1,Spirits,2018-02-01,100.229
EUA,2.1.1,Spirits,2018-03-01,100.418
EUA,2.1.1,Spirits,2018-04-01,100.304
EUA,2.1.1,Spirits,2018-05-01,100.516
EUA,2.1.1,Spirits,2018-06-01,100.108
EUA,2.1.1,Spirits,2018-07-01,100.676
EUA,2.1.1,Spirits,2018-08-01,101.16
EUA,2.1.1,Spirits,2018-09-01,101.061
EUA,2.1.1,Spirits,2018-10-01,100.904
EUA,2.1.1,Spirits,2018-11-01,101.008
EUA,2.1.1,Spirits,2018-12-01,100.996
EUA,2.1.1,Spirits,2019-01-01,101.908
EUA,2.1.1,Spirits,2019-02-01,103.221
EUA,2.1.1,Spirits,2019-03-01,103.09
EUA,2.1.1,Spirits,2019-04-01,102.196
EUA,2.1.1,Spirits,2019-05-01,102.047
EUA,2.1.1,Spirits,2019-06-01,102.625
EUA,2.1.1,Spirits,2019-07-01,103.063
EUA,2.1.1,Spirits,2019-08-01,103.106
EUA,2.1.1,Spirits,2019-09-01,102.271
EUA,2.1.1,Spirits,2019-10-01,100.945
EUA,2.1.1,Spirits,2019-11-01,100.441
EUA,2.1.1,Spirits,2019-12-01,100.561
EUA,2.1.1,Spirits,2020-01-01,101.662
EUA,2.1.1,Spirits,2020-02-01,101.906
EUA,2.1.1,Spirits,2020-03-01,102.035
EUA,2.1.1,Spirits,2020-04-01,102.47
EUA,2.1.1,Spirits,2020-05-01,102.651
EUA,2.1.1,Spirits,2020-06-01,103.228
EUA,2.1.1,Spirits,2020-07-01,102.796
EUA,2.1.1,Spirits,2020-08-01,102.979
EUA,2.1.1,Spirits,2020-09-01,103.834
EUA,2.1.1,Spirits,2020-10-01,103.603
EUA,2.1.1,Spirits,2020-11-01,103.533
EUA,2.1.1,Spirits,2020-12-01,103.615
EUA,2.1.1,Spirits,2021-01-01,104.472
EUA,2.1.1,Spirits,2021-02-01,105.187
EUA,2.1.1,Spirits,2021-03-01,105.044
EUA,2.1.1,Spirits,2021-04-01,105.341
EUA,2.1.1,Spirits,2021-05-01,105.734
EUA,2.1.1,Spirits,2021-06-01,105.895
EUA,2.1.1,Spirits,2021-07-01,106.019
EUA,2.1.1,Spirits,2021-08-01,106.268
EUA,2.1.1,Spirits,2021-09-01,106.894
EUA,2.1.1,Spirits,2021-10-01,107.229
EUA,2.1.1,Spirits,2021-11-01,106.872
EUA,2.1.1,Spirits,2021-12-01,106.808
EUA,2.1.1,Spirits,2022-01-01,106.978
EUA,2.1.1,Spirits,2022-02-01,107.195
EUA,2.1.1,Spirits,2022-03-01,106.57
EUA,2.1.1,Spirits,2022-04-01,107.099
EUA,2.1.1,Spirits,2022-05-01,107.186
EUA,2.1.1,Spirits,2022-06-01,107.299
EUA,2.1.1,Spirits,2022-07-01,108.003
EUA,2.1.1,Spirits,2022-08-01,108.083
EUA,2.1.1,Spirits,2022-09-01,107.256
EUA,2.1.1,Spirits,2022-10-01,107.76
EUA,2.1.1,Spirits,2022-11-01,108.695
EUA,2.1.1,Spirits,2022-12-01,108.597
EUA,2.1.1,Spirits,2023-01-01,109.572
EUA,2.1.1,Spirits,2023-02-01,109.8
EUA,2.1.1,Spirits,2023-03-01,108.814
EUA,2.1.1,Spirits,2023-04-01,108.737
EUA,2.1.1,Spirits,2023-05-01,108.93
EUA,2.1.1,Spirits,2023-06-01,109.383
EUA,2.1.1,Spirits,2023-07-01,110.311
EUA,2.1.1,Spirits,2023-08-01,110.201
EUA,2.1.1,Spirits,2023-09-01,110.449
EUA,2.1.1,Spirits,2023-10-01,110.033
EUA,2.1.1,Spirits,2023-11-01,109.939
EUA,2.1.1,Spirits,2023-12-01,109.424
EUA,2.1.1,Spirits,2024-01-01,109.401
EUA,2.1.1,Spirits,2024-02-01,110.878
EUA,2.1.1,Spirits,2024-03-01,110.703
EUA,2.1.1,Spirits,2024-04-01,109.607
EUA,2.1.1,Spirits,2024-05-01,109.561
EUA,2.1.1,Spirits,2024-06-01,110.217
EUA,2.1.1,Spirits,2024-07-01,110.699
EUA,2.1.1,Spirits,2024-08-01,111.039
EUA,2.1.1,Spirits,2024-09-01,110.575
EUA,2.1.1,Spirits,2024-10-01,110.142
EUA,2.1.1,Spirits,2024-11-01,110.0
EUA,2.1.1,Spirits,2024-12-01,109.688
EUA,2.1.2,Wine,2013-12-01,100.0
EUA,2.1.2,Wine,2014-01-01,100.581
EUA,2.1.2,Wine,2014-02-01,100.415
EUA,2.1.2,Wine,2014-03-01,100.636
EUA,2.1.2,Wine,2014-04-01,100.151
EUA,2.1.2,Wine,2014-05-01,100.452
EUA,2.1.2,Wine,2014-06-01,100.484
EUA,2.1.2,Wine,2014-07-01,100.575
EUA,2.1.2,Wine,2014-08-01,101.76
EUA,2.1.2,Wine,2014-09-01,101.205
EUA,2.1.2,Wine,2014-10-01,100.61
EUA,2.1.2,Wine,2014-11-01,101.262
EUA,2.1.2,Wine,2014-12-01,100.573
EUA,2.1.2,Wine,2015-01-01,100.52
EUA,2.1.2,Wine,2015-02-01,101.209
EUA,2.1.2,Wine,2015-03-01,101.444
EUA,2.1.2,Wine,2015-04-01,100.629
EUA,2.1.2,Wine,2015-05-01,100.646
EUA,2.1.2,Wine,2015-06-01,99.836
EUA,2.1.2,Wine,2015-07-01,100.094
EUA,2.1.2,Wine,2015-08-01,100.339
EUA,2.1.2,Wine,2015-09-01,99.999
EUA,2.1.2,Wine,2015-10-01,100.763
EUA,2.1.2,Wine,2015-11-01,100.247
EUA,2.1.2,Wine,2015-12-01,99.412
EUA,2.1.2,Wine,2016-01-01,100.697
EUA,2.1.2,Wine,2016-02-01,101.764
EUA,2.1.2,Wine,2016-03-01,101.082
EUA,2.1.2,Wine,2016-04-01,100.611
EUA,2.1.2,Wine,2016-05-01,100.347
EUA,2.1.2,Wine,2016-06-01,100.174
EUA,2.1.2,Wine,2016-07-01,100.065
EUA,2.1.2,Wine,2016-08-01,100.226
EUA,2.1.2,Wine,2016-09-01,100.567
EUA,2.1.2,Wine,2016-10-01,100.519
EUA,2.1.2,Wine,2016-11-01,99.377
EUA,2.1.2,Wine,2016-12-01,99.093
EUA,2.1.2,Wine,2017-01-01,100.213
EUA,2.1.2,Wine,2017-02-01,100.329
EUA,2.1.2,Wine,2017-03-01,100.426
EUA,2.1.2,Wine,2017-04-01,100.508
EUA,2.1.2,Wine,2017-05-01,99.37
EUA,2.1.2,Wine,2017-06-01,99.142
EUA,2.1.2,Wine,2017-07-01,99.717
EUA,2.1.2,Wine,2017-08-01,99.741
EUA,2.1.2,Wine,2017-09-01,100.219
EUA,2.1.2,Wine,2017-10-01,100.596
EUA,2.1.2,Wine,2017-11-01,100.586
EUA,2.1.2,Wine,2017-12-01,100.306
EUA,2.1.2,Wine,2018-01-01,100.523
EUA,2.1.2,Wine,2018-02-01,101.631
EUA,2.1.2,Wine,2018-03-01,101.369
EUA,2.1.2,Wine,2018-04-01,101.891
EUA,2.1.2,Wine,2018-05-01,100.833
EUA,2.1.2,Wine,2018-06-01,101.198
EUA,2.1.2,Wine,2018-07-01,101.01
EUA,2.1.2,Wine,2018-08-01,100.799
EUA,2.1.2,Wine,2018-09-01,101.662
EUA,2.1.2,Wine,2018-10-01,101.879
EUA,2.1.2,Wine,2018-11-01,101.575
EUA,2.1.2,Wine,2018-12-01,101.41
EUA,2.1.2,Wine,2019-01-01,101.765
EUA,2.1.2,Wine,2019-02-01,102.773
EUA,2.1.2,Wine,2019-03-01,102.33
EUA,2.1.2,Wine,2019-04-01,102.033
EUA,2.1.2,Wine,2019-05-01,102.768
EUA,2.1.2,Wine,2019-06-01,102.768
EUA,2.1.2,Wine,2019-07-01,102.644
EUA,2.1.2,Wine,2019-08-01,103.18
EUA,2.1.2,Wine,2019-09-01,103.257
EUA,2.1.2,Wine,2019-10-01,102.731
EUA,2.1.2,Wine,2019-11-01,101.986
EUA,2.1.2,Wine,2019-12-01,100.584
EUA,2.1.2,Wine,2020-01-01,100.863
EUA,2.1.2,Wine,2020-02-01,101.908
EUA,2.1.2,Wine,2020-03-01,102.515
EUA,2.1.2,Wine,2020-04-01,102.189
EUA,2.1.2,Wine,2020-05-01,102.499
EUA,2.1.2,Wine,2020-06-01,102.861
EUA,2.1.2,Wine,2020-07-01,102.877
EUA,2.1.2,Wine,2020-08-01,102.93
EUA,2.1.2,Wine,2020-09-01,102.737
EUA,2.1.2,Wine,2020-10-01,103.751
EUA,2.1.2,Wine,2020-11-01,103.544
EUA,2.1.2,Wine,2020-12-01,103.152
EUA,2.1.2,Wine,2021-01-01,103.243
EUA,2.1.2,Wine,2021-02-01,103.048
EUA,2.1.2,Wine,2021-03-01,103.091
EUA,2.1.2,Wine,2021-04-01,103.955
EUA,2.1.2,Wine,2021-05-01,103.757
EUA,2.1.2,Wine,2021-06-01,103.701
EUA,2.1.2,Wine,2021-07-01,103.859
EUA,2.1.2,Wine,2021-08-01,104.512
EUA,2.1.2,Wine,2021-09-01,104.397
EUA,2.1.2,Wine,2021-10-01,104.136
EUA,2.1.2,Wine,2021-11-01,104.181
EUA,2.1.2,Wine,2021-12-01,103.019
EUA,2.1.2,Wine,2022-01-01,104.184
EUA,2.1.2,Wine,2022-02-01,104.964
EUA,2.1.2,Wine,2022-03-01,105.175
EUA,2.1.2,Wine,2022-04-01,105.562
EUA,2.1.2,Wine,2022-05-01,105.597
EUA,2.1.2,Wine,2022-06-01,106.097
EUA,2.1.2,Wine,2022-07-01,106.231
EUA,2.1.2,Wine,2022-08-01,107.135
EUA,2.1.2,Wine,2022-09-01,107.19
EUA,2.1.2,Wine,2022-10-01,107.5
EUA,2.1.2,Wine,2022-11-01,107.29
EUA,2.1.2,Wine,2022-12-01,107.056
EUA,2.1.2,Wine,2023-01-01,107.629
EUA,2.1.2,Wine,2023-02-01,107.905
EUA,2.1.2,Wine,2023-03-01,108.021
EUA,2.1.2,Wine,2023-04-01,108.202
EUA,2.1.2,Wine,2023-05-01,108.614
EUA,2.1.2,Wine,2023-06-01,107.96
EUA,2.1.2,Wine,2023-07-01,107.927
EUA,2.1.2,Wine,2023-08-01,108.158
EUA,2.1.2,Wine,2023-09-01,108.648
EUA,2.1.2,Wine,2023-10-01,108.691
EUA,2.1.2,Wine,2023-11-01,107.877
EUA,2.1.2,Wine,2023-12-01,107.807
EUA,2.1.2,Wine,2024-01-01,108.544
EUA,2.1.2,Wine,2024-02-01,109.167
EUA,2.1.2,Wine,2024-03-01,109.004
EUA,2.1.2,Wine,2024-04-01,109.065
EUA,2.1.2,Wine,2024-05-01,109.169
EUA,2.1.2,Wine,2024-06-01,109.078
EUA,2.1.2,Wine,2024-07-01,108.834
EUA,2.1.2,Wine,2024-08-01,109.05
EUA,2.1.2,Wine,2024-09-01,109.296
EUA,2.1.2,Wine,2024-10-01,108.986
EUA,2.1.2,Wine,2024-11-01,108.095
EUA,2.1.2,Wine,2024-12-01,107.74
EUA,2.1.3,Beer,2013-12-01,100.0
EUA,2.1.3,Beer,2014-01-01,100.291
EUA,2.1.3,Beer,2014-02-01,100.371
EUA,2.1.3,Beer,2014-03-01,100.484
EUA,2.1.3,Beer,2014-04-01,100.282
EUA,2.1.3,Beer,2014-05-01,99.982
EUA,2.1.3,Beer,2014-06-01,99.436
EUA,2.1.3,Beer,2014-07-01,99.082
EUA,2.1.3,Beer,2014-08-01,99.785
EUA,2.1.3,Beer,2014-09-01,99.865
EUA,2.1.3,Beer,2014-10-01,100.043
EUA,2.1.3,Beer,2014-11-01,100.993
EUA,2.1.3,Beer,2014-12-01,100.68
EUA,2.1.3,Beer,2015-01-01,100.458
EUA,2.1.3,Beer,2015-02-01,100.31
EUA,2.1.3,Beer,2015-03-01,100.391
EUA,2.1.3,Beer,2015-04-01,100.312
EUA,2.1.3,Beer,2015-05-01,100.421
EUA,2.1.3,Beer,2015-06-01,100.361
EUA,2.1.3,Beer,2015-07-01,100.247
EUA,2.1.3,Beer,2015-08-01,100.219
EUA,2.1.3,Beer,2015-09-01,100.426
EUA,2.1.3,Beer,2015-10-01,101.598
EUA,2.1.3,Beer,2015-11-01,101.759
EUA,2.1.3,Beer,2015-12-01,101.749
EUA,2.1.3,Beer,2016-01-01,102.34
EUA,2.1.3,Beer,2016-02-01,102.053
EUA,2.1.3,Beer,2016-03-01,102.317
EUA,2.1.3,Beer,2016-04-01,102.634
EUA,2.1.3,Beer,2016-05-01,102.503
EUA,2.1.3,Beer,2016-06-01,102.279
EUA,2.1.3,Beer,2016-07-01,102.044
EUA,2.1.3,Beer,2016-08-01,101.793
EUA,2.1.3,Beer,2016-09-01,102.042
EUA,2.1.3,Beer,2016-10-01,102.982
EUA,2.1.3,Beer,2016-11-01,103.529
EUA,2.1.3,Beer,2016-12-01,103.714
EUA,2.1.3,Beer,2017-01-01,104.117
EUA,2.1.3,Beer,2017-02-01,103.715
EUA,2.1.3,Beer,2017-03-01,103.928
EUA,2.1.3,Beer,2017-04-01,104.651
EUA,2.1.3,Beer,2017-05-01,104.36
EUA,2.1.3,Beer,2017-06-01,103.716
EUA,2.1.3,Beer,2017-07-01,103.65
EUA,2.1.3,Beer,2017-08-01,103.719
EUA,2.1.3,Beer,2017-09-01,104.582
EUA,2.1.3,Beer,2017-10-01,105.085
EUA,2.1.3,Beer,2017-11-01,105.649
EUA,2.1.3,Beer,2017-12-01,105.447
EUA,2.1.3,Beer,2018-01-01,105.202
EUA,2.1.3,Beer,2018-02-01,105.135
EUA,2.1.3,Beer,2018-03-01,105.372
EUA,2.1.3,Beer,2018-04-01,105.535
EUA,2.1.3,Beer,2018-05-01,105.324
EUA,2.1.3,Beer,2018-06-01,105.688
EUA,2.1.3,Beer,2018-07-01,105.094
EUA,2.1.3,Beer,2018-08-01,104.945
EUA,2.1.3,Beer,2018-09-01,105.728
EUA,2.1.3,Beer,2018-10-01,106.726
EUA,2.1.3,Beer,2018-11-01,107.498
EUA,2.1.3,Beer,2018-12-01,107.42
EUA,2.1.3,Beer,2019-01-01,107.551
EUA,2.1.3,Beer,2019-02-01,107.909
EUA,2.1.3,Beer,2019-03-01,107.312
EUA,2.1.3,Beer,2019-04-01,107.132
EUA,2.1.3,Beer,2019-05-01,107.325
EUA,2.1.3,Beer,2019-06-01,107.469
EUA,2.1.3,Beer,2019-07-01,107.803
EUA,2.1.3,Beer,2019-08-01,107.618
EUA,2.1.3,Beer,2019-09-01,107.398
EUA,2.1.3,Beer,2019-10-01,108.503
EUA,2.1.3,Beer,2019-11-01,108.273
EUA,2.1.3,Beer,2019-12-01,108.743
EUA,2.1.3,Beer,2020-01-01,109.556
EUA,2.1.3,Beer,2020-02-01,110.116
EUA,2.1.3,Beer,2020-03-01,110.927
EUA,2.1.3,Beer,2020-04-01,112.617
EUA,2.1.3,Beer,2020-05-01,112.519
EUA,2.1.3,Beer,2020-06-01,111.593
EUA,2.1.3,Beer,2020-07-01,111.692
EUA,2.1.3,Beer,2020-08-01,111.211
EUA,2.1.3,Beer,2020-09-01,111.035
EUA,2.1.3,Beer,2020-10-01,111.68
EUA,2.1.3,Beer,2020-11-01,112.783
EUA,2.1.3,Beer,2020-12-01,111.962
EUA,2.1.3,Beer,2021-01-01,111.989
EUA,2.1.3,Beer,2021-02-01,112.29
EUA,2.1.3,Beer,2021-03-01,113.037
EUA,2.1.3,Beer,2021-04-01,112.163
EUA,2.1.3,Beer,2021-05-01,112.964
EUA,2.1.3,Beer,2021-06-01,114.051
EUA,2.1.3,Beer,2021-07-01,114.092
EUA,2.1.3,Beer,2021-08-01,114.108
EUA,2.1.3,Beer,2021-09-01,114.42
EUA,2.1.3,Beer,2021-10-01,113.939
EUA,2.1.3,Beer,2021-11-01,114.153
EUA,2.1.3,Beer,2021-12-01,114.18
EUA,2.1.3,Beer,2022-01-01,114.008
EUA,2.1.3,Beer,2022-02-01,116.458
EUA,2.1.3,Beer,2022-03-01,117.629
EUA,2.1.3,Beer,2022-04-01,117.807
EUA,2.1.3,Beer,2022-05-01,118.067
EUA,2.1.3,Beer,2022-06-01,119.005
EUA,2.1.3,Beer,2022-07-01,119.386
EUA,2.1.3,Beer,2022-08-01,119.687
EUA,2.1.3,Beer,2022-09-01,119.609
EUA,2.1.3,Beer,2022-10-01,120.77
EUA,2.1.3,Beer,2022-11-01,122.896
EUA,2.1.3,Beer,2022-12-01,123.953
EUA,2.1.3,Beer,2023-01-01,124.274
EUA,2.1.3,Beer,2023-02-01,124.563
EUA,2.1.3,Beer,2023-03-01,124.756
EUA,2.1.3,Beer,2023-04-01,124.787
EUA,2.1.3,Beer,2023-05-01,125.249
EUA,2.1.3,Beer,2023-06-01,125.444
EUA,2.1.3,Beer,2023-07-01,124.563
EUA,2.1.3,Beer,2023-08-01,124.769
EUA,2.1.3,Beer,2023-09-01,125.24
EUA,2.1.3,Beer,2023-10-01,126.451
EUA,2.1.3,Beer,2023-11-01,126.247
EUA,2.1.3,Beer,2023-12-01,126.349
EUA,2.1.3,Beer,2024-01-01,127.235
EUA,2.1.3,Beer,2024-02-01,128.278
EUA,2.1.3,Beer,2024-03-01,127.963
EUA,2.1.3,Beer,2024-04-01,128.581
EUA,2.1.3,Beer,2024-05-01,129.094
EUA,2.1.3,Beer,2024-06-01,129.27
EUA,2.1.3,Beer,2024-07-01,129.55
EUA,2.1.3,Beer,2024-08-01,129.216
EUA,2.1.3,Beer,2024-09-01,129.634
EUA,2.1.3,Beer,2024-10-01,129.709
EUA,2.1.3,Beer,2024-11-01,129.495
EUA,2.1.3,Beer,2024-12-01,129.528
EUA,2.2.0,Tobacco,2013-12-01,100.0
EUA,2.2.0,Tobacco,2014-01-01,100.685
EUA,2.2.0,Tobacco,2014-02-01,100.544
EUA,2.2.0,Tobacco,2014-03-01,100.605
EUA,2.2.0,Tobacco,2014-04-01,100.658
EUA,2.2.0,Tobacco,2014-05-01,100.864
EUA,2.2.0,Tobacco,2014-06-01,101.883
EUA,2.2.0,Tobacco,2014-07-01,101.593
EUA,2.2.0,Tobacco,2014-08-01,101.633
EUA,2.2.0,Tobacco,2014-09-01,101.58
EUA,2.2.0,Tobacco,2014-10-01,102.183
EUA,2.2.0,Tobacco,2014-11-01,102.153
EUA,2.2.0,Tobacco,2014-12-01,102.951
EUA,2.2.0,Tobacco,2015-01-01,103.066
EUA,2.2.0,Tobacco,2015-02-01,103.164
EUA,2.2.0,Tobacco,2015-03-01,103.235
EUA,2.2.0,Tobacco,2015-04-01,103.078
EUA,2.2.0,Tobacco,2015-05-01,103.362
EUA,2.2.0,Tobacco,2015-06-01,104.393
EUA,2.2.0,Tobacco,2015-07-01,105.108
EUA,2.2.0,Tobacco,2015-08-01,105.464
EUA,2.2.0,Tobacco,2015-09-01,105.381
EUA,2.2.0,Tobacco,2015-10-01,105.667
EUA,2.2.0,Tobacco,2015-11-01,105.92
EUA,2.2.0,Tobacco,2015-12-01,106.626
EUA,2.2.0,Tobacco,2016-01-01,106.973
EUA,2.2.0,Tobacco,2016-02-01,106.832
EUA,2.2.0,Tobacco,2016-03-01,107.088
EUA,2.2.0,Tobacco,2016-04-01,106.939
EUA,2.2.0,Tobacco,2016-05-01,107.12
EUA,2.2.0,Tobacco,2016-06-01,108.139
EUA,2.2.0,Tobacco,2016-07-01,108.117
EUA,2.2.0,Tobacco,2016-08-01,108.837
EUA,2.2.0,Tobacco,2016-09-01,109.051
EUA,2.2.0,Tobacco,2016-10-01,109.347
EUA,2.2.0,Tobacco,2016-11-01,109.527
EUA,2.2.0,Tobacco,2016-12-01,110.439
EUA,2.2.0,Tobacco,2017-01-01,110.604
EUA,2.2.0,Tobacco,2017-02-01,110.607
EUA,2.2.0,Tobacco,2017-03-01,110.96
EUA,2.2.0,Tobacco,2017-04-01,115.189
EUA,2.2.0,Tobacco,2017-05-01,115.216
EUA,2.2.0,Tobacco,2017-06-01,115.513
EUA,2.2.0,Tobacco,2017-07-01,115.73
EUA,2.2.0,Tobacco,2017-08-01,115.604
EUA,2.2.0,Tobacco,2017-09-01,115.858
EUA,2.2.0,Tobacco,2017-10-01,117.661
EUA,2.2.0,Tobacco,2017-11-01,117.692
EUA,2.2.0,Tobacco,2017-12-01,117.533
EUA,2.2.0,Tobacco,2018-01-01,117.904
EUA,2.2.0,Tobacco,2018-02-01,117.821
EUA,2.2.0,Tobacco,2018-03-01,117.495
EUA,2.2.0,Tobacco,2018-04-01,118.662
EUA,2.2.0,Tobacco,2018-05-01,118.983
EUA,2.2.0,Tobacco,2018-06-01,119.027
EUA,2.2.0,Tobacco,2018-07-01,119.347
EUA,2.2.0,Tobacco,2018-08-01,119.481
EUA,2.2.0,Tobacco,2018-09-01,119.588
EUA,2.2.0,Tobacco,2018-10-01,121.399
EUA,2.2.0,Tobacco,2018-11-01,121.66
EUA,2.2.0,Tobacco,2018-12-01,121.524
EUA,2.2.0,Tobacco,2019-01-01,121.944
EUA,2.2.0,Tobacco,2019-02-01,122.19
EUA,2.2.0,Tobacco,2019-03-01,123.877
EUA,2.2.0,Tobacco,2019-04-01,124.097
EUA,2.2.0,Tobacco,2019-05-01,124.444
EUA,2.2.0,Tobacco,2019-06-01,124.53
EUA,2.2.0,Tobacco,2019-07-01,125.766
EUA,2.2.0,Tobacco,2019-08-01,126.222
EUA,2.2.0,Tobacco,2019-09-01,126.672
EUA,2.2.0,Tobacco,2019-10-01,127.398
EUA,2.2.0,Tobacco,2019-11-01,128.335
EUA,2.2.0,Tobacco,2019-12-01,128.192
EUA,2.2.0,Tobacco,2020-01-01,128.533
EUA,2.2.0,Tobacco,2020-02-01,128.998
EUA,2.2.0,Tobacco,2020-03-01,130.556
EUA,2.2.0,Tobacco,2020-04-01,130.237
EUA,2.2.0,Tobacco,2020-05-01,129.829
EUA,2.2.0,Tobacco,2020-06-01,130.905
EUA,2.2.0,Tobacco,2020-07-01,132.287
EUA,2.2.0,Tobacco,2020-08-01,132.572
EUA,2.2.0,Tobacco,2020-09-01,132.944
EUA,2.2.0,Tobacco,2020-10-01,133.196
EUA,2.2.0,Tobacco,2020-11-01,133.922
EUA,2.2.0,Tobacco,2020-12-01,134.692
EUA,2.2.0,Tobacco,2021-01-01,137.108
EUA,2.2.0,Tobacco,2021-02-01,137.997
EUA,2.2.0,Tobacco,2021-03-01,138.86
EUA,2.2.0,Tobacco,2021-04-01,139.079
EUA,2.2.0,Tobacco,2021-05-01,139.287
EUA,2.2.0,Tobacco,2021-06-01,140.135
EUA,2.2.0,Tobacco,2021-07-01,140.777
EUA,2.2.0,Tobacco,2021-08-01,140.913
EUA,2.2.0,Tobacco,2021-09-01,141.929
EUA,2.2.0,Tobacco,2021-10-01,144.582
EUA,2.2.0,Tobacco,2021-11-01,145.894
EUA,2.2.0,Tobacco,2021-12-01,146.938
EUA,2.2.0,Tobacco,2022-01-01,146.823
EUA,2.2.0,Tobacco,2022-02-01,147.715
EUA,2.2.0,Tobacco,2022-03-01,148.51
EUA,2.2.0,Tobacco,2022-04-01,149.112
EUA,2.2.0,Tobacco,2022-05-01,150.383
EUA,2.2.0,Tobacco,2022-06-01,151.218
EUA,2.2.0,Tobacco,2022-07-01,151.628
EUA,2.2.0,Tobacco,2022-08-01,153.327
EUA,2.2.0,Tobacco,2022-09-01,153.632
EUA,2.2.0,Tobacco,2022-10-01,154.127
EUA,2.2.0,Tobacco,2022-11-01,155.15
EUA,2.2.0,Tobacco,2022-12-01,154.996
EUA,2.2.0,Tobacco,2023-01-01,156.034
EUA,2.2.0,Tobacco,2023-02-01,157.613
EUA,2.2.0,Tobacco,2023-03-01,158.798
EUA,2.2.0,Tobacco,2023-04-01,158.973
EUA,2.2.0,Tobacco,2023-05-01,159.892
EUA,2.2.0,Tobacco,2023-06-01,160.027
EUA,2.2.0,Tobacco,2023-07-01,160.808
EUA,2.2.0,Tobacco,2023-08-01,161.854
EUA,2.2.0,Tobacco,2023-09-01,162.202
EUA,2.2.0,Tobacco,2023-10-01,165.276
EUA,2.2.0,Tobacco,2023-11-01,167.165
EUA,2.2.0,Tobacco,2023-12-01,167.063
EUA,2.2.0,Tobacco,2024-01-01,167.585
EUA,2.2.0,Tobacco,2024-02-01,168.873
EUA,2.2.0,Tobacco,2024-03-01,169.568
EUA,2.2.0,Tobacco,2024-04-01,169.649
EUA,2.2.0,Tobacco,2024-05-01,172.368
EUA,2.2.0,Tobacco,2024-06-01,173.201
EUA,2.2.0,Tobacco,2024-07-01,173.462
EUA,2.2.0,Tobacco,2024-08-01,175.51
EUA,2.2.0,Tobacco,2024-09-01,175.544
EUA,2.2.0,Tobacco,2024-10-01,176.531
EUA,2.2.0,Tobacco,2024-11-01,178.23
EUA,2.2.0,Tobacco,2024-12-01,178.193
EUA,3,Clothing and Footwear,2013-12-01,100.0
EUA,3,Clothing and Footwear,2014-01-01,98.203
EUA,3,Clothing and Footwear,2014-02-01,99.261
EUA,3,Clothing and Footwear,2014-03-01,101.958
EUA,3,Clothing and Footwear,2014-04-01,102.599
EUA,3,Clothing and Footwear,2014-05-01,102.093
EUA,3,Clothing and Footwear,2014-06-01,100.683
EUA,3,Clothing and Footwear,2014-07-01,98.463
EUA,3,Clothing and Footwear,2014-08-01,99.375
EUA,3,Clothing and Footwear,2014-09-01,103.059
EUA,3,Clothing and Footwear,2014-10-01,104.429
EUA,3,Clothing and Footwear,2014-11-01,102.3
EUA,3,Clothing and Footwear,2014-12-01,98.408
EUA,3,Clothing and Footwear,2015-01-01,97.115
EUA,3,Clothing and Footwear,2015-02-01,98.72
EUA,3,Clothing and Footwear,2015-03-01,101.694
EUA,3,Clothing and Footwear,2015-04-01,102.04
EUA,3,Clothing and Footwear,2015-05-01,100.946
EUA,3,Clothing and Footwear,2015-06-01,99.149
EUA,3,Clothing and Footwear,2015-07-01,97.125
EUA,3,Clothing and Footwear,2015-08-01,98.667
EUA,3,Clothing and Footwear,2015-09-01,101.851
EUA,3,Clothing and Footwear,2015-10-01,102.703
EUA,3,Clothing and Footwear,2015-11-01,100.999
EUA,3,Clothing and Footwear,2015-12-01,97.729
EUA,3,Clothing and Footwear,2016-01-01,96.707
EUA,3,Clothing and Footwear,2016-02-01,99.266
EUA,3,Clothing and Footwear,2016-03-01,101.049
EUA,3,Clothing and Footwear,2016-04-01,101.407
EUA,3,Clothing and Footwear,2016-05-01,101.139
EUA,3,Clothing and Footwear,2016-06-01,99.354
EUA,3,Clothing and Footwear,2016-07-01,97.346
EUA,3,Clothing and Footwear,2016-08-01,98.697
EUA,3,Clothing and Footwear,2016-09-01,101.655
EUA,3,Clothing and Footwear,2016-10-01,103.203
EUA,3,Clothing and Footwear,2016-11-01,101.087
EUA,3,Clothing and Footwear,2016-12-01,97.556
EUA,3,Clothing and Footwear,2017-01-01,97.597
EUA,3,Clothing and Footwear,2017-02-01,99.794
EUA,3,Clothing and Footwear,2017-03-01,101.672
EUA,3,Clothing and Footwear,2017-04-01,101.487
EUA,3,Clothing and Footwear,2017-05-01,100.225
EUA,3,Clothing and Footwear,2017-06-01,98.832
EUA,3,Clothing and Footwear,2017-07-01,97.07
EUA,3,Clothing and Footwear,2017-08-01,98.278
EUA,3,Clothing and Footwear,2017-09-01,101.306
EUA,3,Clothing and Footwear,2017-10-01,102.435
EUA,3,Clothing and Footwear,2017-11-01,99.406
EUA,3,Clothing and Footwear,2017-12-01,95.89
EUA,3,Clothing and Footwear,2018-01-01,97.065
EUA,3,Clothing and Footwear,2018-02-01,100.407
EUA,3,Clothing and Footwear,2018-03-01,102.014
EUA,3,Clothing and Footwear,2018-04-01,102.719
EUA,3,Clothing and Footwear,2018-05-01,101.875
EUA,3,Clothing and Footwear,2018-06-01,99.693
EUA,3,Clothing and Footwear,2018-07-01,97.426
EUA,3,Clothing and Footwear,2018-08-01,97.17
EUA,3,Clothing and Footwear,2018-09-01,101.279
EUA,3,Clothing and Footwear,2018-10-01,102.489
EUA,3,Clothing and Footwear,2018-11-01,99.508
EUA,3,Clothing and Footwear,2018-12-01,96.253
EUA,3,Clothing and Footwear,2019-01-01,97.512
EUA,3,Clothing and Footwear,2019-02-01,100.27
EUA,3,Clothing and Footwear,2019-03-01,100.419
EUA,3,Clothing and Footwear,2019-04-01,100.012
EUA,3,Clothing and Footwear,2019-05-01,99.102
EUA,3,Clothing and Footwear,2019-06-01,98.347
EUA,3,Clothing and Footwear,2019-07-01,97.112
EUA,3,Clothing and Footwear,2019-08-01,98.504
EUA,3,Clothing and Footwear,2019-09-01,101.356
EUA,3,Clothing and Footwear,2019-10-01,100.605
EUA,3,Clothing and Footwear,2019-11-01,98.245
EUA,3,Clothing and Footwear,2019-12-01,95.446
EUA,3,Clothing and Footwear,2020-01-01,96.5
EUA,3,Clothing and Footwear,2020-02-01,99.354
EUA,3,Clothing and Footwear,2020-03-01,98.951
EUA,3,Clothing and Footwear,2020-04-01,94.83
EUA,3,Clothing and Footwear,2020-05-01,91.891
EUA,3,Clothing and Footwear,2020-06-01,91.899
EUA,3,Clothing and Footwear,2020-07-01,91.384
EUA,3,Clothing and Footwear,2020-08-01,93.061
EUA,3,Clothing and Footwear,2020-09-01,95.412
EUA,3,Clothing and Footwear,2020-10-01,95.382
EUA,3,Clothing and Footwear,2020-11-01,93.533
EUA,3,Clothing and Footwear,2020-12-01,91.877
EUA,3,Clothing and Footwear,2021-01-01,94.175
EUA,3,Clothing and Footwear,2021-02-01,96.101
EUA,3,Clothing and Footwear,2021-03-01,96.431
EUA,3,Clothing and Footwear,2021-04-01,96.335
EUA,3,Clothing and Footwear,2021-05-01,96.489
EUA,3,Clothing and Footwear,2021-06-01,96.053
EUA,3,Clothing and Footwear,2021-07-01,95.024
EUA,3,Clothing and Footwear,2021-08-01,96.745
EUA,3,Clothing and Footwear,2021-09-01,98.589
EUA,3,Clothing and Footwear,2021-10-01,99.521
EUA,3,Clothing and Footwear,2021-11-01,98.394
EUA,3,Clothing and Footwear,2021-12-01,97.367
EUA,3,Clothing and Footwear,2022-01-01,99.298
EUA,3,Clothing and Footwear,2022-02-01,102.659
EUA,3,Clothing and Footwear,2022-03-01,103.433
EUA,3,Clothing and Footwear,2022-04-01,102.185
EUA,3,Clothing and Footwear,2022-05-01,101.95
EUA,3,Clothing and Footwear,2022-06-01,101.668
EUA,3,Clothing and Footwear,2022-07-01,100.478
EUA,3,Clothing and Footwear,2022-08-01,102.189
EUA,3,Clothing and Footwear,2022-09-01,104.215
EUA,3,Clothing and Footwear,2022-10-01,103.927
EUA,3,Clothing and Footwear,2022-11-01,101.976
EUA,3,Clothing and Footwear,2022-12-01,100.258
EUA,3,Clothing and Footwear,2023-01-01,102.189
EUA,3,Clothing and Footwear,2023-02-01,105.791
EUA,3,Clothing and Footwear,2023-03-01,106.559
EUA,3,Clothing and Footwear,2023-04-01,105.627
EUA,3,Clothing and Footwear,2023-05-01,105.408
EUA,3,Clothing and Footwear,2023-06-01,104.478
EUA,3,Clothing and Footwear,2023-07-01,103.194
EUA,3,Clothing and Footwear,2023-08-01,105.184
EUA,3,Clothing and Footwear,2023-09-01,106.99
EUA,3,Clothing and Footwear,2023-10-01,106.837
EUA,3,Clothing and Footwear,2023-11-01,103.382
EUA,3,Clothing and Footwear,2023-12-01,101.325
EUA,3,Clothing and Footwear,2024-01-01,102.57
EUA,3,Clothing and Footwear,2024-02-01,106.52
EUA,3,Clothing and Footwear,2024-03-01,107.521
EUA,3,Clothing and Footwear,2024-04-01,107.608
EUA,3,Clothing and Footwear,2024-05-01,106.829
EUA,3,Clothing and Footwear,2024-06-01,105.55
EUA,3,Clothing and Footwear,2024-07-01,103.8
EUA,3,Clothing and Footwear,2024-08-01,105.91
EUA,3,Clothing and Footwear,2024-09-01,108.62
EUA,3,Clothing and Footwear,2024-10-01,107.054
EUA,3,Clothing and Footwear,2024-11-01,104.353
EUA,3,Clothing and Footwear,2024-12-01,102.6
EUA,3.1.1,Clothing Materials,2013-12-01,100.0
EUA,3.1.1,Clothing Materials,2014-01-01,101.525
EUA,3.1.1,Clothing Materials,2014-02-01,103.321
EUA,3.1.1,Clothing Materials,2014-03-01,104.106
EUA,3.1.1,Clothing Materials,2014-04-01,105.103
EUA,3.1.1,Clothing Materials,2014-05-01,104.938
EUA,3.1.1,Clothing Materials,2014-06-01,104.204
EUA,3.1.1,Clothing Materials,2014-07-01,103.255
EUA,3.1.1,Clothing Materials,2014-08-01,103.629
EUA,3.1.1,Clothing Materials,2014-09-01,103.218
EUA,3.1.1,Clothing Materials,2014-10-01,102.067
EUA,3.1.1,Clothing Materials,2014-11-01,102.061
EUA,3.1.1,Clothing Materials,2014-12-01,100.064
EUA,3.1.1,Clothing Materials,2015-01-01,98.89
EUA,3.1.1,Clothing Materials,2015-02-01,100.385
EUA,3.1.1,Clothing Materials,2015-03-01,101.539
EUA,3.1.1,Clothing Materials,2015-04-01,102.173
EUA,3.1.1,Clothing Materials,2015-05-01,101.264
EUA,3.1.1,Clothing Materials,2015-06-01,100.083
EUA,3.1.1,Clothing Materials,2015-07-01,101.176
EUA,3.1.1,Clothing Materials,2015-08-01,99.664
EUA,3.1.1,Clothing Materials,2015-09-01,99.885
EUA,3.1.1,Clothing Materials,2015-10-01,102.149
EUA,3.1.1,Clothing Materials,2015-11-01,101.639
EUA,3.1.1,Clothing Materials,2015-12-01,102.036
EUA,3.1.1,Clothing Materials,2016-01-01,100.439
EUA,3.1.1,Clothing Materials,2016-02-01,98.747
EUA,3.1.1,Clothing Materials,2016-03-01,99.957
EUA,3.1.1,Clothing Materials,2016-04-01,100.649
EUA,3.1.1,Clothing Materials,2016-05-01,99.963
EUA,3.1.1,Clothing Materials,2016-06-01,94.676
EUA,3.1.1,Clothing Materials,2016-07-01,96.316
EUA,3.1.1,Clothing Materials,2016-08-01,94.81
EUA,3.1.1,Clothing Materials,2016-09-01,92.662
EUA,3.1.1,Clothing Materials,2016-10-01,97.861
EUA,3.1.1,Clothing Materials,2016-11-01,98.729
EUA,3.1.1,Clothing Materials,2016-12-01,100.233
EUA,3.1.1,Clothing Materials,2017-01-01,99.29
EUA,3.1.1,Clothing Materials,2017-02-01,98.943
EUA,3.1.1,Clothing Materials,2017-03-01,97.457
EUA,3.1.1,Clothing Materials,2017-04-01,92.432
EUA,3.1.1,Clothing Materials,2017-05-01,91.994
EUA,3.1.1,Clothing Materials,2017-06-01,94.475
EUA,3.1.1,Clothing Materials,2017-07-01,96.071
EUA,3.1.1,Clothing Materials,2017-08-01,97.305
EUA,3.1.1,Clothing Materials,2017-09-01,96.707
EUA,3.1.1,Clothing Materials,2017-10-01,100.325
EUA,3.1.1,Clothing Materials,2017-11-01,99.523
EUA,3.1.1,Clothing Materials,2017-12-01,98.387
EUA,3.1.1,Clothing Materials,2018-01-01,103.504
EUA,3.1.1,Clothing Materials,2018-02-01,101.615
EUA,3.1.1,Clothing Materials,2018-03-01,100.18
EUA,3.1.1,Clothing Materials,2018-04-01,100.061
EUA,3.1.1,Clothing Materials,2018-05-01,99.774
EUA,3.1.1,Clothing Materials,2018-06-01,101.592
EUA,3.1.1,Clothing Materials,2018-07-01,101.478
EUA,3.1.1,Clothing Materials,2018-08-01,99.693
EUA,3.1.1,Clothing Materials,2018-09-01,99.414
EUA,3.1.1,Clothing Materials,2018-10-01,98.233
EUA,3.1.1,Clothing Materials,2018-11-01,99.105
EUA,3.1.1,Clothing Materials,2018-12-01,106.111
EUA,3.1.1,Clothing Materials,2019-01-01,105.886
EUA,3.1.1,Clothing Materials,2019-02-01,107.817
EUA,3.1.1,Clothing Materials,2019-03-01,110.52
EUA,3.1.1,Clothing Materials,2019-04-01,107.647
EUA,3.1.1,Clothing Materials,2019-05-01,105.867
EUA,3.1.1,Clothing Materials,2019-06-01,106.298
EUA,3.1.1,Clothing Materials,2019-07-01,106.606
EUA,3.1.1,Clothing Materials,2019-08-01,105.176
EUA,3.1.1,Clothing Materials,2019-09-01,102.317
EUA,3.1.1,Clothing Materials,2019-10-01,102.596
EUA,3.1.1,Clothing Materials,2019-11-01,103.475
EUA,3.1.1,Clothing Materials,2019-12-01,102.491
EUA,3.1.1,Clothing Materials,2020-01-01,102.895
EUA,3.1.1,Clothing Materials,2020-02-01,105.636
EUA,3.1.1,Clothing Materials,2020-03-01,98.169
EUA,3.1.1,Clothing Materials,2020-04-01,96.907
EUA,3.1.1,Clothing Materials,2020-05-01,98.863
EUA,3.1.1,Clothing Materials,2020-06-01,94.3
EUA,3.1.1,Clothing Materials,2020-07-01,99.576
EUA,3.1.1,Clothing Materials,2020-08-01,114.498
EUA,3.1.1,Clothing Materials,2020-09-01,110.6
EUA,3.1.1,Clothing Materials,2020-10-01,105.567
EUA,3.1.1,Clothing Materials,2020-11-01,105.741
EUA,3.1.1,Clothing Materials,2020-12-01,94.697
EUA,3.1.1,Clothing Materials,2021-01-01,96.608
EUA,3.1.1,Clothing Materials,2021-02-01,98.863
EUA,3.1.1,Clothing Materials,2021-03-01,100.571
EUA,3.1.1,Clothing Materials,2021-04-01,105.561
EUA,3.1.1,Clothing Materials,2021-05-01,106.306
EUA,3.1.1,Clothing Materials,2021-06-01,106.803
EUA,3.1.1,Clothing Materials,2021-07-01,104.58
EUA,3.1.1,Clothing Materials,2021-08-01,102.161
EUA,3.1.1,Clothing Materials,2021-09-01,99.197
EUA,3.1.1,Clothing Materials,2021-10-01,99.512
EUA,3.1.1,Clothing Materials,2021-11-01,100.695
EUA,3.1.1,Clothing Materials,2021-12-01,99.017
EUA,3.1.1,Clothing Materials,2022-01-01,98.184
EUA,3.1.1,Clothing Materials,2022-02-01,100.076
EUA,3.1.1,Clothing Materials,2022-03-01,102.332
EUA,3.1.1,Clothing Materials,2022-04-01,107.009
EUA,3.1.1,Clothing Materials,2022-05-01,108.756
EUA,3.1.1,Clothing Materials,2022-06-01,110.772
EUA,3.1.1,Clothing Materials,2022-07-01,111.213
EUA,3.1.1,Clothing Materials,2022-08-01,110.479
EUA,3.1.1,Clothing Materials,2022-09-01,110.157
EUA,3.1.1,Clothing Materials,2022-10-01,108.399
EUA,3.1.1,Clothing Materials,2022-11-01,101.58
EUA,3.1.1,Clothing Materials,2022-12-01,105.21
EUA,3.1.1,Clothing Materials,2023-01-01,106.747
EUA,3.1.1,Clothing Materials,2023-02-01,101.261
EUA,3.1.1,Clothing Materials,2023-03-01,104.138
EUA,3.1.1,Clothing Materials,2023-04-01,111.6
EUA,3.1.1,Clothing Materials,2023-05-01,110.624
EUA,3.1.1,Clothing Materials,2023-06-01,108.466
EUA,3.1.1,Clothing Materials,2023-07-01,111.062
EUA,3.1.1,Clothing Materials,2023-08-01,111.495
EUA,3.1.1,Clothing Materials,2023-09-01,115.404
EUA,3.1.1,Clothing Materials,2023-10-01,113.771
EUA,3.1.1,Clothing Materials,2023-11-01,112.763
EUA,3.1.1,Clothing Materials,2023-12-01,116.359
EUA,3.1.1,Clothing Materials,2024-01-01,114.311
EUA,3.1.1,Clothing Materials,2024-02-01,112.401
EUA,3.1.1,Clothing Materials,2024-03-01,110.986
EUA,3.1.1,Clothing Materials,2024-04-01,110.538
EUA,3.1.1,Clothing Materials,2024-05-01,113.079
EUA,3.1.1,Clothing Materials,2024-06-01,112.382
EUA,3.1.1,Clothing Materials,2024-07-01,109.918
EUA,3.1.1,Clothing Materials,2024-08-01,112.246
EUA,3.1.1,Clothing Materials,2024-09-01,112.121
EUA,3.1.1,Clothing Materials,2024-10-01,110.352
EUA,3.1.1,Clothing Materials,2024-11-01,110.414
EUA,3.1.1,Clothing Materials,2024-12-01,110.971
EUA,3.1.2,Garments,2013-12-01,100.0
EUA,3.1.2,Garments,2014-01-01,97.691
EUA,3.1.2,Garments,2014-02-01,98.928
EUA,3.1.2,Garments,2014-03-01,102.477
EUA,3.1.2,Garments,2014-04-01,103.107
EUA,3.1.2,Garments,2014-05-01,102.099
EUA,3.1.2,Garments,2014-06-01,100.197
EUA,3.1.2,Garments,2014-07-01,96.787
EUA,3.1.2,Garments,2014-08-01,97.882
EUA,3.1.2,Garments,2014-09-01,102.65
EUA,3.1.2,Garments,2014-10-01,104.331
EUA,3.1.2,Garments,2014-11-01,101.687
EUA,3.1.2,Garments,2014-12-01,96.504
EUA,3.1.2,Garments,2015-01-01,95.114
EUA,3.1.2,Garments,2015-02-01,97.339
EUA,3.1.2,Garments,2015-03-01,100.985
EUA,3.1.2,Garments,2015-04-01,101.315
EUA,3.1.2,Garments,2015-05-01,99.762
EUA,3.1.2,Garments,2015-06-01,97.386
EUA,3.1.2,Garments,2015-07-01,94.429
EUA,3.1.2,Garments,2015-08-01,96.372
EUA,3.1.2,Garments,2015-09-01,100.771
EUA,3.1.2,Garments,2015-10-01,101.807
EUA,3.1.2,Garments,2015-11-01,99.652
EUA,3.1.2,Garments,2015-12-01,95.332
EUA,3.1.2,Garments,2016-01-01,94.029
EUA,3.1.2,Garments,2016-02-01,97.086
EUA,3.1.2,Garments,2016-03-01,99.533
EUA,3.1.2,Garments,2016-04-01,99.834
EUA,3.1.2,Garments,2016-05-01,99.499
EUA,3.1.2,Garments,2016-06-01,97.631
EUA,3.1.2,Garments,2016-07-01,94.743
EUA,3.1.2,Garments,2016-08-01,96.205
EUA,3.1.2,Garments,2016-09-01,100.019
EUA,3.1.2,Garments,2016-10-01,101.847
EUA,3.1.2,Garments,2016-11-01,99.225
EUA,3.1.2,Garments,2016-12-01,94.414
EUA,3.1.2,Garments,2017-01-01,94.758
EUA,3.1.2,Garments,2017-02-01,98.032
EUA,3.1.2,Garments,2017-03-01,100.105
EUA,3.1.2,Garments,2017-04-01,99.348
EUA,3.1.2,Garments,2017-05-01,97.753
EUA,3.1.2,Garments,2017-06-01,96.003
EUA,3.1.2,Garments,2017-07-01,93.761
EUA,3.1.2,Garments,2017-08-01,95.509
EUA,3.1.2,Garments,2017-09-01,99.488
EUA,3.1.2,Garments,2017-10-01,100.9
EUA,3.1.2,Garments,2017-11-01,97.093
EUA,3.1.2,Garments,2017-12-01,92.543
EUA,3.1.2,Garments,2018-01-01,94.363
EUA,3.1.2,Garments,2018-02-01,98.593
EUA,3.1.2,Garments,2018-03-01,99.94
EUA,3.1.2,Garments,2018-04-01,100.986
EUA,3.1.2,Garments,2018-05-01,100.059
EUA,3.1.2,Garments,2018-06-01,97.436
EUA,3.1.2,Garments,2018-07-01,93.812
EUA,3.1.2,Garments,2018-08-01,93.276
EUA,3.1.2,Garments,2018-09-01,99.342
EUA,3.1.2,Garments,2018-10-01,100.926
EUA,3.1.2,Garments,2018-11-01,96.924
EUA,3.1.2,Garments,2018-12-01,92.627
EUA,3.1.2,Garments,2019-01-01,93.961
EUA,3.1.2,Garments,2019-02-01,97.665
EUA,3.1.2,Garments,2019-03-01,97.61
EUA,3.1.2,Garments,2019-04-01,97.1
EUA,3.1.2,Garments,2019-05-01,95.943
EUA,3.1.2,Garments,2019-06-01,94.833
EUA,3.1.2,Garments,2019-07-01,93.084
EUA,3.1.2,Garments,2019-08-01,94.532
EUA,3.1.2,Garments,2019-09-01,98.254
EUA,3.1.2,Garments,2019-10-01,97.067
EUA,3.1.2,Garments,2019-11-01,93.964
EUA,3.1.2,Garments,2019-12-01,90.51
EUA,3.1.2,Garments,2020-01-01,91.515
EUA,3.1.2,Garments,2020-02-01,95.107
EUA,3.1.2,Garments,2020-03-01,95.019
EUA,3.1.2,Garments,2020-04-01,90.263
EUA,3.1.2,Garments,2020-05-01,86.949
EUA,3.1.2,Garments,2020-06-01,86.875
EUA,3.1.2,Garments,2020-07-01,85.732
EUA,3.1.2,Garments,2020-08-01,87.661
EUA,3.1.2,Garments,2020-09-01,90.978
EUA,3.1.2,Garments,2020-10-01,90.489
EUA,3.1.2,Garments,2020-11-01,87.76
EUA,3.1.2,Garments,2020-12-01,86.015
EUA,3.1.2,Garments,2021-01-01,88.928
EUA,3.1.2,Garments,2021-02-01,91.275
EUA,3.1.2,Garments,2021-03-01,91.381
EUA,3.1.2,Garments,2021-04-01,90.803
EUA,3.1.2,Garments,2021-05-01,90.722
EUA,3.1.2,Garments,2021-06-01,90.15
EUA,3.1.2,Garments,2021-07-01,88.884
EUA,3.1.2,Garments,2021-08-01,90.563
EUA,3.1.2,Garments,2021-09-01,92.779
EUA,3.1.2,Garments,2021-10-01,93.988
EUA,3.1.2,Garments,2021-11-01,92.472
EUA,3.1.2,Garments,2021-12-01,91.007
EUA,3.1.2,Garments,2022-01-01,93.187
EUA,3.1.2,Garments,2022-02-01,97.156
EUA,3.1.2,Garments,2022-03-01,98.047
EUA,3.1.2,Garments,2022-04-01,96.476
EUA,3.1.2,Garments,2022-05-01,95.903
EUA,3.1.2,Garments,2022-06-01,95.151
EUA,3.1.2,Garments,2022-07-01,93.548
EUA,3.1.2,Garments,2022-08-01,95.759
EUA,3.1.2,Garments,2022-09-01,98.596
EUA,3.1.2,Garments,2022-10-01,98.331
EUA,3.1.2,Garments,2022-11-01,95.768
EUA,3.1.2,Garments,2022-12-01,93.968
EUA,3.1.2,Garments,2023-01-01,96.12
EUA,3.1.2,Garments,2023-02-01,100.398
EUA,3.1.2,Garments,2023-03-01,101.439
EUA,3.1.2,Garments,2023-04-01,100.215
EUA,3.1.2,Garments,2023-05-01,99.872
EUA,3.1.2,Garments,2023-06-01,98.608
EUA,3.1.2,Garments,2023-07-01,97.117
EUA,3.1.2,Garments,2023-08-01,99.264
EUA,3.1.2,Garments,2023-09-01,101.434
EUA,3.1.2,Garments,2023-10-01,101.339
EUA,3.1.2,Garments,2023-11-01,96.902
EUA,3.1.2,Garments,2023-12-01,94.543
EUA,3.1.2,Garments,2024-01-01,95.935
EUA,3.1.2,Garments,2024-02-01,100.572
EUA,3.1.2,Garments,2024-03-01,101.782
EUA,3.1.2,Garments,2024-04-01,101.82
EUA,3.1.2,Garments,2024-05-01,100.764
EUA,3.1.2,Garments,2024-06-01,99.11
EUA,3.1.2,Garments,2024-07-01,97.059
EUA,3.1.2,Garments,2024-08-01,99.716
EUA,3.1.2,Garments,2024-09-01,102.988
EUA,3.1.2,Garments,2024-10-01,100.868
EUA,3.1.2,Garments,2024-11-01,97.461
EUA,3.1.2,Garments,2024-12-01,95.64
EUA,3.1.3,Other Articles of Clothing and Clothing Accessories,2013-12-01,100.0
EUA,3.1.3,Other Articles of Clothing and Clothing Accessories,2014-01-01,100.417
EUA,3.1.3,Other Articles of Clothing and Clothing Accessories,2014-02-01,101.09
EUA,3.1.3,Other Articles of Clothing and Clothing Accessories,2014-03-01,101.511
EUA,3.1.3,Other Articles of Clothing and Clothing Accessories,2014-04-01,102.92
EUA,3.1.3,Other Articles of Clothing and Clothing Accessories,2014-05-01,103.482
EUA,3.1.3,Other Articles of Clothing and Clothing Accessories,2014-06-01,102.927
EUA,3.1.3,Other Articles of Clothing and Clothing Accessories,2014-07-01,102.18
EUA,3.1.3,Other Articles of Clothing and Clothing Accessories,2014-08-01,101.634
EUA,3.1.3,Other Articles of Clothing and Clothing Accessories,2014-09-01,101.323
EUA,3.1.3,Other Articles of Clothing and Clothing Accessories,2014-10-01,102.476
EUA,3.1.3,Other Articles of Clothing and Clothing Accessories,2014-11-01,101.781
EUA,3.1.3,Other Articles of Clothing and Clothing Accessories,2014-12-01,98.929
EUA,3.1.3,Other Articles of Clothing and Clothing Accessories,2015-01-01,98.432
EUA,3.1.3,Other Articles of Clothing and Clothing Accessories,2015-02-01,99.191
EUA,3.1.3,Other Articles of Clothing and Clothing Accessories,2015-03-01,101.547
EUA,3.1.3,Other Articles of Clothing and Clothing Accessories,2015-04-01,101.777
EUA,3.1.3,Other Articles of Clothing and Clothing Accessories,2015-05-01,101.351
EUA,3.1.3,Other Articles of Clothing and Clothing Accessories,2015-06-01,100.606
EUA,3.1.3,Other Articles of Clothing and Clothing Accessories,2015-07-01,99.665
EUA,3.1.3,Other Articles of Clothing and Clothing Accessories,2015-08-01,99.549
EUA,3.1.3,Other Articles of Clothing and Clothing Accessories,2015-09-01,99.689
EUA,3.1.3,Other Articles of Clothing and Clothing Accessories,2015-10-01,100.62
EUA,3.1.3,Other Articles of Clothing and Clothing Accessories,2015-11-01,100.679
EUA,3.1.3,Other Articles of Clothing and Clothing Accessories,2015-12-01,100.382
EUA,3.1.3,Other Articles of Clothing and Clothing Accessories,2016-01-01,98.746
EUA,3.1.3,Other Articles of Clothing and Clothing Accessories,2016-02-01,100.425
EUA,3.1.3,Other Articles of Clothing and Clothing Accessories,2016-03-01,100.959
EUA,3.1.3,Other Articles of Clothing and Clothing Accessories,2016-04-01,100.379
EUA,3.1.3,Other Articles of Clothing and Clothing Accessories,2016-05-01,101.711
EUA,3.1.3,Other Articles of Clothing and Clothing Accessories,2016-06-01,101.055
EUA,3.1.3,Other Articles of Clothing and Clothing Accessories,2016-07-01,99.614
EUA,3.1.3,Other Articles of Clothing and Clothing Accessories,2016-08-01,99.206
EUA,3.1.3,Other Articles of Clothing and Clothing Accessories,2016-09-01,100.652
EUA,3.1.3,Other Articles of Clothing and Clothing Accessories,2016-10-01,101.028
EUA,3.1.3,Other Articles of Clothing and Clothing Accessories,2016-11-01,100.27
EUA,3.1.3,Other Articles of Clothing and Clothing Accessories,2016-12-01,98.048
EUA,3.1.3,Other Articles of Clothing and Clothing Accessories,2017-01-01,99.06
EUA,3.1.3,Other Articles of Clothing and Clothing Accessories,2017-02-01,100.139
EUA,3.1.3,Other Articles of Clothing and Clothing Accessories,2017-03-01,100.921
EUA,3.1.3,Other Articles of Clothing and Clothing Accessories,2017-04-01,100.608
EUA,3.1.3,Other Articles of Clothing and Clothing Accessories,2017-05-01,100.192
EUA,3.1.3,Other Articles of Clothing and Clothing Accessories,2017-06-01,99.068
EUA,3.1.3,Other Articles of Clothing and Clothing Accessories,2017-07-01,98.49
EUA,3.1.3,Other Articles of Clothing and Clothing Accessories,2017-08-01,98.467
EUA,3.1.3,Other Articles of Clothing and Clothing Accessories,2017-09-01,100.341
EUA,3.1.3,Other Articles of Clothing and Clothing Accessories,2017-10-01,102.972
EUA,3.1.3,Other Articles of Clothing and Clothing Accessories,2017-11-01,99.715
EUA,3.1.3,Other Articles of Clothing and Clothing Accessories,2017-12-01,97.953
EUA,3.1.3,Other Articles of Clothing and Clothing Accessories,2018-01-01,98.875
EUA,3.1.3,Other Articles of Clothing and Clothing Accessories,2018-02-01,99.943
EUA,3.1.3,Other Articles of Clothing and Clothing Accessories,2018-03-01,100.597
EUA,3.1.3,Other Articles of Clothing and Clothing Accessories,2018-04-01,100.798
EUA,3.1.3,Other Articles of Clothing and Clothing Accessories,2018-05-01,101.032
EUA,3.1.3,Other Articles of Clothing and Clothing Accessories,2018-06-01,99.676
EUA,3.1.3,Other Articles of Clothing and Clothing Accessories,2018-07-01,100.622
EUA,3.1.3,Other Articles of Clothing and Clothing Accessories,2018-08-01,100.677
EUA,3.1.3,Other Articles of Clothing and Clothing Accessories,2018-09-01,100.964
EUA,3.1.3,Other Articles of Clothing and Clothing Accessories,2018-10-01,101.577
EUA,3.1.3,Other Articles of Clothing and Clothing Accessories,2018-11-01,101.149
EUA,3.1.3,Other Articles of Clothing and Clothing Accessories,2018-12-01,100.166
EUA,3.1.3,Other Articles of Clothing and Clothing Accessories,2019-01-01,99.181
EUA,3.1.3,Other Articles of Clothing and Clothing Accessories,2019-02-01,100.629
EUA,3.1.3,Other Articles of Clothing and Clothing Accessories,2019-03-01,102.104
EUA,3.1.3,Other Articles of Clothing and Clothing Accessories,2019-04-01,102.188
EUA,3.1.3,Other Articles of Clothing and Clothing Accessories,2019-05-01,101.802
EUA,3.1.3,Other Articles of Clothing and Clothing Accessories,2019-06-01,100.909
EUA,3.1.3,Other Articles of Clothing and Clothing Accessories,2019-07-01,99.849
EUA,3.1.3,Other Articles of Clothing and Clothing Accessories,2019-08-01,100.702
EUA,3.1.3,Other Articles of Clothing and Clothing Accessories,2019-09-01,102.769
EUA,3.1.3,Other Articles of Clothing and Clothing Accessories,2019-10-01,102.514
EUA,3.1.3,Other Articles of Clothing and Clothing Accessories,2019-11-01,101.053
EUA,3.1.3,Other Articles of Clothing and Clothing Accessories,2019-12-01,98.977
EUA,3.1.3,Other Articles of Clothing and Clothing Accessories,2020-01-01,101.24
EUA,3.1.3,Other Articles of Clothing and Clothing Accessories,2020-02-01,103.041
EUA,3.1.3,Other Articles of Clothing and Clothing Accessories,2020-03-01,101.375
EUA,3.1.3,Other Articles of Clothing and Clothing Accessories,2020-04-01,98.149
EUA,3.1.3,Other Articles of Clothing and Clothing Accessories,2020-05-01,95.346
EUA,3.1.3,Other Articles of Clothing and Clothing Accessories,2020-06-01,95.738
EUA,3.1.3,Other Articles of Clothing and Clothing Accessories,2020-07-01,96.923
EUA,3.1.3,Other Articles of Clothing and Clothing Accessories,2020-08-01,99.108
EUA,3.1.3,Other Articles of Clothing and Clothing Accessories,2020-09-01,99.487
EUA,3.1.3,Other Articles of Clothing and Clothing Accessories,2020-10-01,99.279
EUA,3.1.3,Other Articles of Clothing and Clothing Accessories,2020-11-01,99.337
EUA,3.1.3,Other Articles of Clothing and Clothing Accessories,2020-12-01,96.112
EUA,3.1.3,Other Articles of Clothing and Clothing Accessories,2021-01-01,97.125
EUA,3.1.3,Other Articles of Clothing and Clothing Accessories,2021-02-01,99.056
EUA,3.1.3,Other Articles of Clothing and Clothing Accessories,2021-03-01,99.816
EUA,3.1.3,Other Articles of Clothing and Clothing Accessories,2021-04-01,101.33
EUA,3.1.3,Other Articles of Clothing and Clothing Accessories,2021-05-01,102.311
EUA,3.1.3,Other Articles of Clothing and Clothing Accessories,2021-06-01,102.003
EUA,3.1.3,Other Articles of Clothing and Clothing Accessories,2021-07-01,101.159
EUA,3.1.3,Other Articles of Clothing and Clothing Accessories,2021-08-01,102.88
EUA,3.1.3,Other Articles of Clothing and Clothing Accessories,2021-09-01,102.587
EUA,3.1.3,Other Articles of Clothing and Clothing Accessories,2021-10-01,103.22
EUA,3.1.3,Other Articles of Clothing and Clothing Accessories,2021-11-01,102.35
EUA,3.1.3,Other Articles of Clothing and Clothing Accessories,2021-12-01,100.86
EUA,3.1.3,Other Articles of Clothing and Clothing Accessories,2022-01-01,103.398
EUA,3.1.3,Other Articles of Clothing and Clothing Accessories,2022-02-01,106.321
EUA,3.1.3,Other Articles of Clothing and Clothing Accessories,2022-03-01,106.229
EUA,3.1.3,Other Articles of Clothing and Clothing Accessories,2022-04-01,106.006
EUA,3.1.3,Other Articles of Clothing and Clothing Accessories,2022-05-01,106.447
EUA,3.1.3,Other Articles of Clothing and Clothing Accessories,2022-06-01,105.673
EUA,3.1.3,Other Articles of Clothing and Clothing Accessories,2022-07-01,104.692
EUA,3.1.3,Other Articles of Clothing and Clothing Accessories,2022-08-01,106.273
EUA,3.1.3,Other Articles of Clothing and Clothing Accessories,2022-09-01,107.039
EUA,3.1.3,Other Articles of Clothing and Clothing Accessories,2022-10-01,108.179
EUA,3.1.3,Other Articles of Clothing and Clothing Accessories,2022-11-01,106.499
EUA,3.1.3,Other Articles of Clothing and Clothing Accessories,2022-12-01,104.95
EUA,3.1.3,Other Articles of Clothing and Clothing Accessories,2023-01-01,108.838
EUA,3.1.3,Other Articles of Clothing and Clothing Accessories,2023-02-01,110.189
EUA,3.1.3,Other Articles of Clothing and Clothing Accessories,2023-03-01,110.327
EUA,3.1.3,Other Articles of Clothing and Clothing Accessories,2023-04-01,110.101
EUA,3.1.3,Other Articles of Clothing and Clothing Accessories,2023-05-01,109.591
EUA,3.1.3,Other Articles of Clothing and Clothing Accessories,2023-06-01,109.676
EUA,3.1.3,Other Articles of Clothing and Clothing Accessories,2023-07-01,109.689
EUA,3.1.3,Other Articles of Clothing and Clothing Accessories,2023-08-01,109.658
EUA,3.1.3,Other Articles of Clothing and Clothing Accessories,2023-09-01,110.453
EUA,3.1.3,Other Articles of Clothing and Clothing Accessories,2023-10-01,110.561
EUA,3.1.3,Other Articles of Clothing and Clothing Accessories,2023-11-01,108.185
EUA,3.1.3,Other Articles of Clothing and Clothing Accessories,2023-12-01,107.264
EUA,3.1.3,Other Articles of Clothing and Clothing Accessories,2024-01-01,110.223
EUA,3.1.3,Other Articles of Clothing and Clothing Accessories,2024-02-01,110.645
EUA,3.1.3,Other Articles of Clothing and Clothing Accessories,2024-03-01,110.519
EUA,3.1.3,Other Articles of Clothing and Clothing Accessories,2024-04-01,111.166
EUA,3.1.3,Other Articles of Clothing and Clothing Accessories,2024-05-01,110.993
EUA,3.1.3,Other Articles of Clothing and Clothing Accessories,2024-06-01,110.414
EUA,3.1.3,Other Articles of Clothing and Clothing Accessories,2024-07-01,109.207
EUA,3.1.3,Other Articles of Clothing and Clothing Accessories,2024-08-01,111.174
EUA,3.1.3,Other Articles of Clothing and Clothing Accessories,2024-09-01,111.526
EUA,3.1.3,Other Articles of Clothing and Clothing Accessories,2024-10-01,110.631
EUA,3.1.3,Other Articles of Clothing and Clothing Accessories,2024-11-01,110.009
EUA,3.1.3,Other Articles of Clothing and Clothing Accessories,2024-12-01,108.137
EUA,3.1.4,"Cleaning, Repair and Hire of Clothing",2013-12-01,100.0
EUA,3.1.4,"Cleaning, Repair and Hire of Clothing",2014-01-01,100.17
EUA,3.1.4,"Cleaning, Repair and Hire of Clothing",2014-02-01,100.555
EUA,3.1.4,"Cleaning, Repair and Hire of Clothing",2014-03-01,100.766
EUA,3.1.4,"Cleaning, Repair and Hire of Clothing",2014-04-01,100.961
EUA,3.1.4,"Cleaning, Repair and Hire of Clothing",2014-05-01,101.01
EUA,3.1.4,"Cleaning, Repair and Hire of Clothing",2014-06-01,101.049
EUA,3.1.4,"Cleaning, Repair and Hire of Clothing",2014-07-01,101.015
EUA,3.1.4,"Cleaning, Repair and Hire of Clothing",2014-08-01,101.59
EUA,3.1.4,"Cleaning, Repair and Hire of Clothing",2014-09-01,101.644
EUA,3.1.4,"Cleaning, Repair and Hire of Clothing",2014-10-01,101.958
EUA,3.1.4,"Cleaning, Repair and Hire of Clothing",2014-11-01,102.157
EUA,3.1.4,"Cleaning, Repair and Hire of Clothing",2014-12-01,102.159
EUA,3.1.4,"Cleaning, Repair and Hire of Clothing",2015-01-01,102.368
EUA,3.1.4,"Cleaning, Repair and Hire of Clothing",2015-02-01,102.336
EUA,3.1.4,"Cleaning, Repair and Hire of Clothing",2015-03-01,102.43
EUA,3.1.4,"Cleaning, Repair and Hire of Clothing",2015-04-01,102.53
EUA,3.1.4,"Cleaning, Repair and Hire of Clothing",2015-05-01,103.038
EUA,3.1.4,"Cleaning, Repair and Hire of Clothing",2015-06-01,103.833
EUA,3.1.4,"Cleaning, Repair and Hire of Clothing",2015-07-01,103.65
EUA,3.1.4,"Cleaning, Repair and Hire of Clothing",2015-08-01,103.802
EUA,3.1.4,"Cleaning, Repair and Hire of Clothing",2015-09-01,104.095
EUA,3.1.4,"Cleaning, Repair and Hire of Clothing",2015-10-01,104.728
EUA,3.1.4,"Cleaning, Repair and Hire of Clothing",2015-11-01,104.926
EUA,3.1.4,"Cleaning, Repair and Hire of Clothing",2015-12-01,105.15
EUA,3.1.4,"Cleaning, Repair and Hire of Clothing",2016-01-01,105.343
EUA,3.1.4,"Cleaning, Repair and Hire of Clothing",2016-02-01,105.577
EUA,3.1.4,"Cleaning, Repair and Hire of Clothing",2016-03-01,105.755
EUA,3.1.4,"Cleaning, Repair and Hire of Clothing",2016-04-01,106.0
EUA,3.1.4,"Cleaning, Repair and Hire of Clothing",2016-05-01,106.083
EUA,3.1.4,"Cleaning, Repair and Hire of Clothing",2016-06-01,106.688
EUA,3.1.4,"Cleaning, Repair and Hire of Clothing",2016-07-01,107.032
EUA,3.1.4,"Cleaning, Repair and Hire of Clothing",2016-08-01,107.162
EUA,3.1.4,"Cleaning, Repair and Hire of Clothing",2016-09-01,107.366
EUA,3.1.4,"Cleaning, Repair and Hire of Clothing",2016-10-01,107.167
EUA,3.1.4,"Cleaning, Repair and Hire of Clothing",2016-11-01,107.297
EUA,3.1.4,"Cleaning, Repair and Hire of Clothing",2016-12-01,107.808
EUA,3.1.4,"Cleaning, Repair and Hire of Clothing",2017-01-01,107.891
EUA,3.1.4,"Cleaning, Repair and Hire of Clothing",2017-02-01,108.077
EUA,3.1.4,"Cleaning, Repair and Hire of Clothing",2017-03-01,108.554
EUA,3.1.4,"Cleaning, Repair and Hire of Clothing",2017-04-01,109.027
EUA,3.1.4,"Cleaning, Repair and Hire of Clothing",2017-05-01,109.113
EUA,3.1.4,"Cleaning, Repair and Hire of Clothing",2017-06-01,109.544
EUA,3.1.4,"Cleaning, Repair and Hire of Clothing",2017-07-01,109.973
EUA,3.1.4,"Cleaning, Repair and Hire of Clothing",2017-08-01,109.846
EUA,3.1.4,"Cleaning, Repair and Hire of Clothing",2017-09-01,109.922
EUA,3.1.4,"Cleaning, Repair and Hire of Clothing",2017-10-01,109.95
EUA,3.1.4,"Cleaning, Repair and Hire of Clothing",2017-11-01,110.049
EUA,3.1.4,"Cleaning, Repair and Hire of Clothing",2017-12-01,110.11
EUA,3.1.4,"Cleaning, Repair and Hire of Clothing",2018-01-01,110.423
EUA,3.1.4,"Cleaning, Repair and Hire of Clothing",2018-02-01,110.891
EUA,3.1.4,"Cleaning, Repair and Hire of Clothing",2018-03-01,111.344
EUA,3.1.4,"Cleaning, Repair and Hire of Clothing",2018-04-01,111.869
EUA,3.1.4,"Cleaning, Repair and Hire of Clothing",2018-05-01,111.758
EUA,3.1.4,"Cleaning, Repair and Hire of Clothing",2018-06-01,112.112
EUA,3.1.4,"Cleaning, Repair and Hire of Clothing",2018-07-01,112.246
EUA,3.1.4,"Cleaning, Repair and Hire of Clothing",2018-08-01,112.665
EUA,3.1.4,"Cleaning, Repair and Hire of Clothing",2018-09-01,113.179
EUA,3.1.4,"Cleaning, Repair and Hire of Clothing",2018-10-01,113.829
EUA,3.1.4,"Cleaning, Repair and Hire of Clothing",2018-11-01,113.857
EUA,3.1.4,"Cleaning, Repair and Hire of Clothing",2018-12-01,114.168
EUA,3.1.4,"Cleaning, Repair and Hire of Clothing",2019-01-01,114.301
EUA,3.1.4,"Cleaning, Repair and Hire of Clothing",2019-02-01,114.75
EUA,3.1.4,"Cleaning, Repair and Hire of Clothing",2019-03-01,115.604
EUA,3.1.4,"Cleaning, Repair and Hire of Clothing",2019-04-01,115.872
EUA,3.1.4,"Cleaning, Repair and Hire of Clothing",2019-05-01,116.136
EUA,3.1.4,"Cleaning, Repair and Hire of Clothing",2019-06-01,116.635
EUA,3.1.4,"Cleaning, Repair and Hire of Clothing",2019-07-01,116.901
EUA,3.1.4,"Cleaning, Repair and Hire of Clothing",2019-08-01,117.176
EUA,3.1.4,"Cleaning, Repair and Hire of Clothing",2019-09-01,117.702
EUA,3.1.4,"Cleaning, Repair and Hire of Clothing",2019-10-01,117.953
EUA,3.1.4,"Cleaning, Repair and Hire of Clothing",2019-11-01,118.074
EUA,3.1.4,"Cleaning, Repair and Hire of Clothing",2019-12-01,118.48
EUA,3.1.4,"Cleaning, Repair and Hire of Clothing",2020-01-01,118.83
EUA,3.1.4,"Cleaning, Repair and Hire of Clothing",2020-02-01,119.335
EUA,3.1.4,"Cleaning, Repair and Hire of Clothing",2020-03-01,119.5
EUA,3.1.4,"Cleaning, Repair and Hire of Clothing",2020-04-01,119.43
EUA,3.1.4,"Cleaning, Repair and Hire of Clothing",2020-05-01,119.242
EUA,3.1.4,"Cleaning, Repair and Hire of Clothing",2020-06-01,119.322
EUA,3.1.4,"Cleaning, Repair and Hire of Clothing",2020-07-01,119.389
EUA,3.1.4,"Cleaning, Repair and Hire of Clothing",2020-08-01,119.534
EUA,3.1.4,"Cleaning, Repair and Hire of Clothing",2020-09-01,120.092
EUA,3.1.4,"Cleaning, Repair and Hire of Clothing",2020-10-01,119.917
EUA,3.1.4,"Cleaning, Repair and Hire of Clothing",2020-11-01,120.257
EUA,3.1.4,"Cleaning, Repair and Hire of Clothing",2020-12-01,120.714
EUA,3.1.4,"Cleaning, Repair and Hire of Clothing",2021-01-01,121.591
EUA,3.1.4,"Cleaning, Repair and Hire of Clothing",2021-02-01,121.644
EUA,3.1.4,"Cleaning, Repair and Hire of Clothing",2021-03-01,121.541
EUA,3.1.4,"Cleaning, Repair and Hire of Clothing",2021-04-01,122.015
EUA,3.1.4,"Cleaning, Repair and Hire of Clothing",2021-05-01,122.483
EUA,3.1.4,"Cleaning, Repair and Hire of Clothing",2021-06-01,123.376
EUA,3.1.4,"Cleaning, Repair and Hire of Clothing",2021-07-01,124.553
EUA,3.1.4,"Cleaning, Repair and Hire of Clothing",2021-08-01,126.96
EUA,3.1.4,"Cleaning, Repair and Hire of Clothing",2021-09-01,127.215
EUA,3.1.4,"Cleaning, Repair and Hire of Clothing",2021-10-01,128.084
EUA,3.1.4,"Cleaning, Repair and Hire of Clothing",2021-11-01,129.212
EUA,3.1.4,"Cleaning, Repair and Hire of Clothing",2021-12-01,130.826
EUA,3.1.4,"Cleaning, Repair and Hire of Clothing",2022-01-01,131.874
EUA,3.1.4,"Cleaning, Repair and Hire of Clothing",2022-02-01,133.088
EUA,3.1.4,"Cleaning, Repair and Hire of Clothing",2022-03-01,134.009
EUA,3.1.4,"Cleaning, Repair and Hire of Clothing",2022-04-01,134.558
EUA,3.1.4,"Cleaning, Repair and Hire of Clothing",2022-05-01,134.835
EUA,3.1.4,"Cleaning, Repair and Hire of Clothing",2022-06-01,135.946
EUA,3.1.4,"Cleaning, Repair and Hire of Clothing",2022-07-01,137.036
EUA,3.1.4,"Cleaning, Repair and Hire of Clothing",2022-08-01,137.092
EUA,3.1.4,"Cleaning, Repair and Hire of Clothing",2022-09-01,136.252
EUA,3.1.4,"Cleaning, Repair and Hire of Clothing",2022-10-01,137.368
EUA,3.1.4,"Cleaning, Repair and Hire of Clothing",2022-11-01,139.55
EUA,3.1.4,"Cleaning, Repair and Hire of Clothing",2022-12-01,140.175
EUA,3.1.4,"Cleaning, Repair and Hire of Clothing",2023-01-01,140.916
EUA,3.1.4,"Cleaning, Repair and Hire of Clothing",2023-02-01,142.162
EUA,3.1.4,"Cleaning, Repair and Hire of Clothing",2023-03-01,142.517
EUA,3.1.4,"Cleaning, Repair and Hire of Clothing",2023-04-01,143.22
EUA,3.1.4,"Cleaning, Repair and Hire of Clothing",2023-05-01,144.701
EUA,3.1.4,"Cleaning, Repair and Hire of Clothing",2023-06-01,144.138
EUA,3.1.4,"Cleaning, Repair and Hire of Clothing",2023-07-01,144.367
EUA,3.1.4,"Cleaning, Repair and Hire of Clothing",2023-08-01,145.211
EUA,3.1.4,"Cleaning, Repair and Hire of Clothing",2023-09-01,145.38
EUA,3.1.4,"Cleaning, Repair and Hire of Clothing",2023-10-01,145.82
EUA,3.1.4,"Cleaning, Repair and Hire of Clothing",2023-11-01,146.818
EUA,3.1.4,"Cleaning, Repair and Hire of Clothing",2023-12-01,147.426
EUA,3.1.4,"Cleaning, Repair and Hire of Clothing",2024-01-01,148.572
EUA,3.1.4,"Cleaning, Repair and Hire of Clothing",2024-02-01,148.92
EUA,3.1.4,"Cleaning, Repair and Hire of Clothing",2024-03-01,149.151
EUA,3.1.4,"Cleaning, Repair and Hire of Clothing",2024-04-01,151.874
EUA,3.1.4,"Cleaning, Repair and Hire of Clothing",2024-05-01,152.414
EUA,3.1.4,"Cleaning, Repair and Hire of Clothing",2024-06-01,152.791
EUA,3.1.4,"Cleaning, Repair and Hire of Clothing",2024-07-01,152.822
EUA,3.1.4,"Cleaning, Repair and Hire of Clothing",2024-08-01,153.788
EUA,3.1.4,"Cleaning, Repair and Hire of Clothing",2024-09-01,154.063
EUA,3.1.4,"Cleaning, Repair and Hire of Clothing",2024-10-01,154.505
EUA,3.1.4,"Cleaning, Repair and Hire of Clothing",2024-11-01,155.188
EUA,3.1.4,"Cleaning, Repair and Hire of Clothing",2024-12-01,155.242
EUA,3.2.1,Shoes and Other Footwear,2013-12-01,100.0
EUA,3.2.1,Shoes and Other Footwear,2014-01-01,98.59
EUA,3.2.1,Shoes and Other Footwear,2014-02-01,99.415
EUA,3.2.1,Shoes and Other Footwear,2014-03-01,100.904
EUA,3.2.1,Shoes and Other Footwear,2014-04-01,101.587
EUA,3.2.1,Shoes and Other Footwear,2014-05-01,102.158
EUA,3.2.1,Shoes and Other Footwear,2014-06-01,101.529
EUA,3.2.1,Shoes and Other Footwear,2014-07-01,101.747
EUA,3.2.1,Shoes and Other Footwear,2014-08-01,102.507
EUA,3.2.1,Shoes and Other Footwear,2014-09-01,105.031
EUA,3.2.1,Shoes and Other Footwear,2014-10-01,105.925
EUA,3.2.1,Shoes and Other Footwear,2014-11-01,104.223
EUA,3.2.1,Shoes and Other Footwear,2014-12-01,102.558
EUA,3.2.1,Shoes and Other Footwear,2015-01-01,100.896
EUA,3.2.1,Shoes and Other Footwear,2015-02-01,101.402
EUA,3.2.1,Shoes and Other Footwear,2015-03-01,103.53
EUA,3.2.1,Shoes and Other Footwear,2015-04-01,104.021
EUA,3.2.1,Shoes and Other Footwear,2015-05-01,103.601
EUA,3.2.1,Shoes and Other Footwear,2015-06-01,102.421
EUA,3.2.1,Shoes and Other Footwear,2015-07-01,102.253
EUA,3.2.1,Shoes and Other Footwear,2015-08-01,103.432
EUA,3.2.1,Shoes and Other Footwear,2015-09-01,104.638
EUA,3.2.1,Shoes and Other Footwear,2015-10-01,105.0
EUA,3.2.1,Shoes and Other Footwear,2015-11-01,103.638
EUA,3.2.1,Shoes and Other Footwear,2015-12-01,101.662
EUA,3.2.1,Shoes and Other Footwear,2016-01-01,101.114
EUA,3.2.1,Shoes and Other Footwear,2016-02-01,103.257
EUA,3.2.1,Shoes and Other Footwear,2016-03-01,103.965
EUA,3.2.1,Shoes and Other Footwear,2016-04-01,104.669
EUA,3.2.1,Shoes and Other Footwear,2016-05-01,104.213
EUA,3.2.1,Shoes and Other Footwear,2016-06-01,101.722
EUA,3.2.1,Shoes and Other Footwear,2016-07-01,101.222
EUA,3.2.1,Shoes and Other Footwear,2016-08-01,102.986
EUA,3.2.1,Shoes and Other Footwear,2016-09-01,104.796
EUA,3.2.1,Shoes and Other Footwear,2016-10-01,106.311
EUA,3.2.1,Shoes and Other Footwear,2016-11-01,104.592
EUA,3.2.1,Shoes and Other Footwear,2016-12-01,102.976
EUA,3.2.1,Shoes and Other Footwear,2017-01-01,102.027
EUA,3.2.1,Shoes and Other Footwear,2017-02-01,102.151
EUA,3.2.1,Shoes and Other Footwear,2017-03-01,104.169
EUA,3.2.1,Shoes and Other Footwear,2017-04-01,105.387
EUA,3.2.1,Shoes and Other Footwear,2017-05-01,104.449
EUA,3.2.1,Shoes and Other Footwear,2017-06-01,103.356
EUA,3.2.1,Shoes and Other Footwear,2017-07-01,101.966
EUA,3.2.1,Shoes and Other Footwear,2017-08-01,102.341
EUA,3.2.1,Shoes and Other Footwear,2017-09-01,103.961
EUA,3.2.1,Shoes and Other Footwear,2017-10-01,104.415
EUA,3.2.1,Shoes and Other Footwear,2017-11-01,102.5
EUA,3.2.1,Shoes and Other Footwear,2017-12-01,100.32
EUA,3.2.1,Shoes and Other Footwear,2018-01-01,99.978
EUA,3.2.1,Shoes and Other Footwear,2018-02-01,102.061
EUA,3.2.1,Shoes and Other Footwear,2018-03-01,104.847
EUA,3.2.1,Shoes and Other Footwear,2018-04-01,104.756
EUA,3.2.1,Shoes and Other Footwear,2018-05-01,103.78
EUA,3.2.1,Shoes and Other Footwear,2018-06-01,101.956
EUA,3.2.1,Shoes and Other Footwear,2018-07-01,102.235
EUA,3.2.1,Shoes and Other Footwear,2018-08-01,102.52
EUA,3.2.1,Shoes and Other Footwear,2018-09-01,102.88
EUA,3.2.1,Shoes and Other Footwear,2018-10-01,103.331
EUA,3.2.1,Shoes and Other Footwear,2018-11-01,101.902
EUA,3.2.1,Shoes and Other Footwear,2018-12-01,100.09
EUA,3.2.1,Shoes and Other Footwear,2019-01-01,101.79
EUA,3.2.1,Shoes and Other Footwear,2019-02-01,102.8
EUA,3.2.1,Shoes and Other Footwear,2019-03-01,103.091
EUA,3.2.1,Shoes and Other Footwear,2019-04-01,102.737
EUA,3.2.1,Shoes and Other Footwear,2019-05-01,102.111
EUA,3.2.1,Shoes and Other Footwear,2019-06-01,101.99
EUA,3.2.1,Shoes and Other Footwear,2019-07-01,101.702
EUA,3.2.1,Shoes and Other Footwear,2019-08-01,103.346
EUA,3.2.1,Shoes and Other Footwear,2019-09-01,104.627
EUA,3.2.1,Shoes and Other Footwear,2019-10-01,104.701
EUA,3.2.1,Shoes and Other Footwear,2019-11-01,103.531
EUA,3.2.1,Shoes and Other Footwear,2019-12-01,101.524
EUA,3.2.1,Shoes and Other Footwear,2020-01-01,102.721
EUA,3.2.1,Shoes and Other Footwear,2020-02-01,104.118
EUA,3.2.1,Shoes and Other Footwear,2020-03-01,102.874
EUA,3.2.1,Shoes and Other Footwear,2020-04-01,99.515
EUA,3.2.1,Shoes and Other Footwear,2020-05-01,96.992
EUA,3.2.1,Shoes and Other Footwear,2020-06-01,97.198
EUA,3.2.1,Shoes and Other Footwear,2020-07-01,98.085
EUA,3.2.1,Shoes and Other Footwear,2020-08-01,99.216
EUA,3.2.1,Shoes and Other Footwear,2020-09-01,99.494
EUA,3.2.1,Shoes and Other Footwear,2020-10-01,100.861
EUA,3.2.1,Shoes and Other Footwear,2020-11-01,100.785
EUA,3.2.1,Shoes and Other Footwear,2020-12-01,99.17
EUA,3.2.1,Shoes and Other Footwear,2021-01-01,100.191
EUA,3.2.1,Shoes and Other Footwear,2021-02-01,101.337
EUA,3.2.1,Shoes and Other Footwear,2021-03-01,102.33
EUA,3.2.1,Shoes and Other Footwear,2021-04-01,103.229
EUA,3.2.1,Shoes and Other Footwear,2021-05-01,103.871
EUA,3.2.1,Shoes and Other Footwear,2021-06-01,103.493
EUA,3.2.1,Shoes and Other Footwear,2021-07-01,102.622
EUA,3.2.1,Shoes and Other Footwear,2021-08-01,104.347
EUA,3.2.1,Shoes and Other Footwear,2021-09-01,105.772
EUA,3.2.1,Shoes and Other Footwear,2021-10-01,105.947
EUA,3.2.1,Shoes and Other Footwear,2021-11-01,105.369
EUA,3.2.1,Shoes and Other Footwear,2021-12-01,105.006
EUA,3.2.1,Shoes and Other Footwear,2022-01-01,106.311
EUA,3.2.1,Shoes and Other Footwear,2022-02-01,108.473
EUA,3.2.1,Shoes and Other Footwear,2022-03-01,109.009
EUA,3.2.1,Shoes and Other Footwear,2022-04-01,108.055
EUA,3.2.1,Shoes and Other Footwear,2022-05-01,108.512
EUA,3.2.1,Shoes and Other Footwear,2022-06-01,109.299
EUA,3.2.1,Shoes and Other Footwear,2022-07-01,108.743
EUA,3.2.1,Shoes and Other Footwear,2022-08-01,109.456
EUA,3.2.1,Shoes and Other Footwear,2022-09-01,110.011
EUA,3.2.1,Shoes and Other Footwear,2022-10-01,109.14
EUA,3.2.1,Shoes and Other Footwear,2022-11-01,108.111
EUA,3.2.1,Shoes and Other Footwear,2022-12-01,106.116
EUA,3.2.1,Shoes and Other Footwear,2023-01-01,106.88
EUA,3.2.1,Shoes and Other Footwear,2023-02-01,109.372
EUA,3.2.1,Shoes and Other Footwear,2023-03-01,109.451
EUA,3.2.1,Shoes and Other Footwear,2023-04-01,108.874
EUA,3.2.1,Shoes and Other Footwear,2023-05-01,108.773
EUA,3.2.1,Shoes and Other Footwear,2023-06-01,108.582
EUA,3.2.1,Shoes and Other Footwear,2023-07-01,107.26
EUA,3.2.1,Shoes and Other Footwear,2023-08-01,109.548
EUA,3.2.1,Shoes and Other Footwear,2023-09-01,110.745
EUA,3.2.1,Shoes and Other Footwear,2023-10-01,110.222
EUA,3.2.1,Shoes and Other Footwear,2023-11-01,108.851
EUA,3.2.1,Shoes and Other Footwear,2023-12-01,106.893
EUA,3.2.1,Shoes and Other Footwear,2024-01-01,106.902
EUA,3.2.1,Shoes and Other Footwear,2024-02-01,110.263
EUA,3.2.1,Shoes and Other Footwear,2024-03-01,111.016
EUA,3.2.1,Shoes and Other Footwear,2024-04-01,110.293
EUA,3.2.1,Shoes and Other Footwear,2024-05-01,110.024
EUA,3.2.1,Shoes and Other Footwear,2024-06-01,109.594
EUA,3.2.1,Shoes and Other Footwear,2024-07-01,108.468
EUA,3.2.1,Shoes and Other Footwear,2024-08-01,108.595
EUA,3.2.1,Shoes and Other Footwear,2024-09-01,110.484
EUA,3.2.1,Shoes and Other Footwear,2024-10-01,110.434
EUA,3.2.1,Shoes and Other Footwear,2024-11-01,108.957
EUA,3.2.1,Shoes and Other Footwear,2024-12-01,107.051
EUA,3.2.2,Repair and Hire of Footwear,2013-12-01,100.0
EUA,3.2.2,Repair and Hire of Footwear,2014-01-01,100.265
EUA,3.2.2,Repair and Hire of Footwear,2014-02-01,100.41
EUA,3.2.2,Repair and Hire of Footwear,2014-03-01,100.844
EUA,3.2.2,Repair and Hire of Footwear,2014-04-01,101.055
EUA,3.2.2,Repair and Hire of Footwear,2014-05-01,101.134
EUA,3.2.2,Repair and Hire of Footwear,2014-06-01,101.18
EUA,3.2.2,Repair and Hire of Footwear,2014-07-01,101.475
EUA,3.2.2,Repair and Hire of Footwear,2014-08-01,101.606
EUA,3.2.2,Repair and Hire of Footwear,2014-09-01,101.194
EUA,3.2.2,Repair and Hire of Footwear,2014-10-01,101.859
EUA,3.2.2,Repair and Hire of Footwear,2014-11-01,102.003
EUA,3.2.2,Repair and Hire of Footwear,2014-12-01,101.821
EUA,3.2.2,Repair and Hire of Footwear,2015-01-01,102.278
EUA,3.2.2,Repair and Hire of Footwear,2015-02-01,102.615
EUA,3.2.2,Repair and Hire of Footwear,2015-03-01,102.963
EUA,3.2.2,Repair and Hire of Footwear,2015-04-01,103.015
EUA,3.2.2,Repair and Hire of Footwear,2015-05-01,103.056
EUA,3.2.2,Repair and Hire of Footwear,2015-06-01,103.154
EUA,3.2.2,Repair and Hire of Footwear,2015-07-01,102.76
EUA,3.2.2,Repair and Hire of Footwear,2015-08-01,103.0
EUA,3.2.2,Repair and Hire of Footwear,2015-09-01,104.22
EUA,3.2.2,Repair and Hire of Footwear,2015-10-01,104.244
EUA,3.2.2,Repair and Hire of Footwear,2015-11-01,103.965
EUA,3.2.2,Repair and Hire of Footwear,2015-12-01,104.086
EUA,3.2.2,Repair and Hire of Footwear,2016-01-01,104.209
EUA,3.2.2,Repair and Hire of Footwear,2016-02-01,104.471
EUA,3.2.2,Repair and Hire of Footwear,2016-03-01,104.666
EUA,3.2.2,Repair and Hire of Footwear,2016-04-01,104.664
EUA,3.2.2,Repair and Hire of Footwear,2016-05-01,104.834
EUA,3.2.2,Repair and Hire of Footwear,2016-06-01,104.763
EUA,3.2.2,Repair and Hire of Footwear,2016-07-01,105.014
EUA,3.2.2,Repair and Hire of Footwear,2016-08-01,105.011
EUA,3.2.2,Repair and Hire of Footwear,2016-09-01,105.157
EUA,3.2.2,Repair and Hire of Footwear,2016-10-01,105.709
EUA,3.2.2,Repair and Hire of Footwear,2016-11-01,106.052
EUA,3.2.2,Repair and Hire of Footwear,2016-12-01,106.011
EUA,3.2.2,Repair and Hire of Footwear,2017-01-01,106.701
EUA,3.2.2,Repair and Hire of Footwear,2017-02-01,106.678
EUA,3.2.2,Repair and Hire of Footwear,2017-03-01,106.156
EUA,3.2.2,Repair and Hire of Footwear,2017-04-01,106.464
EUA,3.2.2,Repair and Hire of Footwear,2017-05-01,105.705
EUA,3.2.2,Repair and Hire of Footwear,2017-06-01,106.823
EUA,3.2.2,Repair and Hire of Footwear,2017-07-01,106.869
EUA,3.2.2,Repair and Hire of Footwear,2017-08-01,106.081
EUA,3.2.2,Repair and Hire of Footwear,2017-09-01,105.991
EUA,3.2.2,Repair and Hire of Footwear,2017-10-01,106.065
EUA,3.2.2,Repair and Hire of Footwear,2017-11-01,106.037
EUA,3.2.2,Repair and Hire of Footwear,2017-12-01,105.937
EUA,3.2.2,Repair and Hire of Footwear,2018-01-01,106.018
EUA,3.2.2,Repair and Hire of Footwear,2018-02-01,106.124
EUA,3.2.2,Repair and Hire of Footwear,2018-03-01,105.841
EUA,3.2.2,Repair and Hire of Footwear,2018-04-01,105.886
EUA,3.2.2,Repair and Hire of Footwear,2018-05-01,105.949
EUA,3.2.2,Repair and Hire of Footwear,2018-06-01,106.711
EUA,3.2.2,Repair and Hire of Footwear,2018-07-01,107.548
EUA,3.2.2,Repair and Hire of Footwear,2018-08-01,108.299
EUA,3.2.2,Repair and Hire of Footwear,2018-09-01,108.313
EUA,3.2.2,Repair and Hire of Footwear,2018-10-01,108.693
EUA,3.2.2,Repair and Hire of Footwear,2018-11-01,110.109
EUA,3.2.2,Repair and Hire of Footwear,2018-12-01,111.016
EUA,3.2.2,Repair and Hire of Footwear,2019-01-01,110.881
EUA,3.2.2,Repair and Hire of Footwear,2019-02-01,111.116
EUA,3.2.2,Repair and Hire of Footwear,2019-03-01,111.805
EUA,3.2.2,Repair and Hire of Footwear,2019-04-01,110.91
EUA,3.2.2,Repair and Hire of Footwear,2019-05-01,110.803
EUA,3.2.2,Repair and Hire of Footwear,2019-06-01,111.904
EUA,3.2.2,Repair and Hire of Footwear,2019-07-01,112.991
EUA,3.2.2,Repair and Hire of Footwear,2019-08-01,112.929
EUA,3.2.2,Repair and Hire of Footwear,2019-09-01,112.765
EUA,3.2.2,Repair and Hire of Footwear,2019-10-01,114.25
EUA,3.2.2,Repair and Hire of Footwear,2019-11-01,114.667
EUA,3.2.2,Repair and Hire of Footwear,2019-12-01,114.893
EUA,3.2.2,Repair and Hire of Footwear,2020-01-01,115.068
EUA,3.2.2,Repair and Hire of Footwear,2020-02-01,115.949
EUA,3.2.2,Repair and Hire of Footwear,2020-03-01,117.84
EUA,3.2.2,Repair and Hire of Footwear,2020-04-01,118.518
EUA,3.2.2,Repair and Hire of Footwear,2020-05-01,117.913
EUA,3.2.2,Repair and Hire of Footwear,2020-06-01,118.035
EUA,3.2.2,Repair and Hire of Footwear,2020-07-01,117.997
EUA,3.2.2,Repair and Hire of Footwear,2020-08-01,118.458
EUA,3.2.2,Repair and Hire of Footwear,2020-09-01,119.588
EUA,3.2.2,Repair and Hire of Footwear,2020-10-01,119.297
EUA,3.2.2,Repair and Hire of Footwear,2020-11-01,118.546
EUA,3.2.2,Repair and Hire of Footwear,2020-12-01,119.063
EUA,3.2.2,Repair and Hire of Footwear,2021-01-01,119.162
EUA,3.2.2,Repair and Hire of Footwear,2021-02-01,118.917
EUA,3.2.2,Repair and Hire of Footwear,2021-03-01,119.345
EUA,3.2.2,Repair and Hire of Footwear,2021-04-01,119.584
EUA,3.2.2,Repair and Hire of Footwear,2021-05-01,119.852
EUA,3.2.2,Repair and Hire of Footwear,2021-06-01,120.261
EUA,3.2.2,Repair and Hire of Footwear,2021-07-01,120.544
EUA,3.2.2,Repair and Hire of Footwear,2021-08-01,119.657
EUA,3.2.2,Repair and Hire of Footwear,2021-09-01,120.583
EUA,3.2.2,Repair and Hire of Footwear,2021-10-01,121.766
EUA,3.2.2,Repair and Hire of Footwear,2021-11-01,121.797
EUA,3.2.2,Repair and Hire of Footwear,2021-12-01,125.195
EUA,3.2.2,Repair and Hire of Footwear,2022-01-01,125.058
EUA,3.2.2,Repair and Hire of Footwear,2022-02-01,126.591
EUA,3.2.2,Repair and Hire of Footwear,2022-03-01,131.345
EUA,3.2.2,Repair and Hire of Footwear,2022-04-01,132.117
EUA,3.2.2,Repair and Hire of Footwear,2022-05-01,128.656
EUA,3.2.2,Repair and Hire of Footwear,2022-06-01,129.958
EUA,3.2.2,Repair and Hire of Footwear,2022-07-01,131.869
EUA,3.2.2,Repair and Hire of Footwear,2022-08-01,130.601
EUA,3.2.2,Repair and Hire of Footwear,2022-09-01,137.066
EUA,3.2.2,Repair and Hire of Footwear,2022-10-01,138.94
EUA,3.2.2,Repair and Hire of Footwear,2022-11-01,139.021
EUA,3.2.2,Repair and Hire of Footwear,2022-12-01,141.24
EUA,3.2.2,Repair and Hire of Footwear,2023-01-01,142.231
EUA,3.2.2,Repair and Hire of Footwear,2023-02-01,143.446
EUA,3.2.2,Repair and Hire of Footwear,2023-03-01,144.022
EUA,3.2.2,Repair and Hire of Footwear,2023-04-01,144.316
EUA,3.2.2,Repair and Hire of Footwear,2023-05-01,147.018
EUA,3.2.2,Repair and Hire of Footwear,2023-06-01,148.882
EUA,3.2.2,Repair and Hire of Footwear,2023-07-01,149.565
EUA,3.2.2,Repair and Hire of Footwear,2023-08-01,149.527
EUA,3.2.2,Repair and Hire of Footwear,2023-09-01,148.091
EUA,3.2.2,Repair and Hire of Footwear,2023-10-01,147.047
EUA,3.2.2,Repair and Hire of Footwear,2023-11-01,147.865
EUA,3.2.2,Repair and Hire of Footwear,2023-12-01,148.02
EUA,3.2.2,Repair and Hire of Footwear,2024-01-01,150.266
EUA,3.2.2,Repair and Hire of Footwear,2024-02-01,150.197
EUA,3.2.2,Repair and Hire of Footwear,2024-03-01,153.498
EUA,3.2.2,Repair and Hire of Footwear,2024-04-01,157.558
EUA,3.2.2,Repair and Hire of Footwear,2024-05-01,159.886
EUA,3.2.2,Repair and Hire of Footwear,2024-06-01,159.677
EUA,3.2.2,Repair and Hire of Footwear,2024-07-01,156.001
EUA,3.2.2,Repair and Hire of Footwear,2024-08-01,157.853
EUA,3.2.2,Repair and Hire of Footwear,2024-09-01,157.985
EUA,3.2.2,Repair and Hire of Footwear,2024-10-01,158.408
EUA,3.2.2,Repair and Hire of Footwear,2024-11-01,159.563
EUA,3.2.2,Repair and Hire of Footwear,2024-12-01,159.136
EUA,4,"Housing, Water, Electricity, Gas and Other Fuels",2013-12-01,100.0
EUA,4,"Housing, Water, Electricity, Gas and Other Fuels",2014-01-01,100.554
EUA,4,"Housing, Water, Electricity, Gas and Other Fuels",2014-02-01,100.812
EUA,4,"Housing, Water, Electricity, Gas and Other Fuels",2014-03-01,101.216
EUA,4,"Housing, Water, Electricity, Gas and Other Fuels",2014-04-01,101.078
EUA,4,"Housing, Water, Electricity, Gas and Other Fuels",2014-05-01,101.486
EUA,4,"Housing, Water, Electricity, Gas and Other Fuels",2014-06-01,102.035
EUA,4,"Housing, Water, Electricity, Gas and Other Fuels",2014-07-01,102.302
EUA,4,"Housing, Water, Electricity, Gas and Other Fuels",2014-08-01,102.443
EUA,4,"Housing, Water, Electricity, Gas and Other Fuels",2014-09-01,102.577
EUA,4,"Housing, Water, Electricity, Gas and Other Fuels",2014-10-01,102.443
EUA,4,"Housing, Water, Electricity, Gas and Other Fuels",2014-11-01,102.555
EUA,4,"Housing, Water, Electricity, Gas and Other Fuels",2014-12-01,102.811
EUA,4,"Housing, Water, Electricity, Gas and Other Fuels",2015-01-01,103.102
EUA,4,"Housing, Water, Electricity, Gas and Other Fuels",2015-02-01,103.28
EUA,4,"Housing, Water, Electricity, Gas and Other Fuels",2015-03-01,103.361
EUA,4,"Housing, Water, Electricity, Gas and Other Fuels",2015-04-01,103.461
EUA,4,"Housing, Water, Electricity, Gas and Other Fuels",2015-05-01,103.669
EUA,4,"Housing, Water, Electricity, Gas and Other Fuels",2015-06-01,104.365
EUA,4,"Housing, Water, Electricity, Gas and Other Fuels",2015-07-01,104.564
EUA,4,"Housing, Water, Electricity, Gas and Other Fuels",2015-08-01,104.809
EUA,4,"Housing, Water, Electricity, Gas and Other Fuels",2015-09-01,105.021
EUA,4,"Housing, Water, Electricity, Gas and Other Fuels",2015-10-01,104.933
EUA,4,"Housing, Water, Electricity, Gas and Other Fuels",2015-11-01,105.047
EUA,4,"Housing, Water, Electricity, Gas and Other Fuels",2015-12-01,105.197
EUA,4,"Housing, Water, Electricity, Gas and Other Fuels",2016-01-01,105.501
EUA,4,"Housing, Water, Electricity, Gas and Other Fuels",2016-02-01,105.68
EUA,4,"Housing, Water, Electricity, Gas and Other Fuels",2016-03-01,105.862
EUA,4,"Housing, Water, Electricity, Gas and Other Fuels",2016-04-01,106.069
EUA,4,"Housing, Water, Electricity, Gas and Other Fuels",2016-05-01,106.518
EUA,4,"Housing, Water, Electricity, Gas and Other Fuels",2016-06-01,107.168
EUA,4,"Housing, Water, Electricity, Gas and Other Fuels",2016-07-01,107.554
EUA,4,"Housing, Water, Electricity, Gas and Other Fuels",2016-08-01,107.906
EUA,4,"Housing, Water, Electricity, Gas and Other Fuels",2016-09-01,108.29
EUA,4,"Housing, Water, Electricity, Gas and Other Fuels",2016-10-01,108.362
EUA,4,"Housing, Water, Electricity, Gas and Other Fuels",2016-11-01,108.599
EUA,4,"Housing, Water, Electricity, Gas and Other Fuels",2016-12-01,108.914
EUA,4,"Housing, Water, Electricity, Gas and Other Fuels",2017-01-01,109.32
EUA,4,"Housing, Water, Electricity, Gas and Other Fuels",2017-02-01,109.593
EUA,4,"Housing, Water, Electricity, Gas and Other Fuels",2017-03-01,109.697
EUA,4,"Housing, Water, Electricity, Gas and Other Fuels",2017-04-01,109.934
EUA,4,"Housing, Water, Electricity, Gas and Other Fuels",2017-05-01,110.309
EUA,4,"Housing, Water, Electricity, Gas and Other Fuels",2017-06-01,110.928
EUA,4,"Housing, Water, Electricity, Gas and Other Fuels",2017-07-01,111.198
EUA,4,"Housing, Water, Electricity, Gas and Other Fuels",2017-08-01,111.56
EUA,4,"Housing, Water, Electricity, Gas and Other Fuels",2017-09-01,111.812
EUA,4,"Housing, Water, Electricity, Gas and Other Fuels",2017-10-01,111.877
EUA,4,"Housing, Water, Electricity, Gas and Other Fuels",2017-11-01,112.144
EUA,4,"Housing, Water, Electricity, Gas and Other Fuels",2017-12-01,112.525
EUA,4,"Housing, Water, Electricity, Gas and Other Fuels",2018-01-01,112.863
EUA,4,"Housing, Water, Electricity, Gas and Other Fuels",2018-02-01,113.155
EUA,4,"Housing, Water, Electricity, Gas and Other Fuels",2018-03-01,113.328
EUA,4,"Housing, Water, Electricity, Gas and Other Fuels",2018-04-01,113.535
EUA,4,"Housing, Water, Electricity, Gas and Other Fuels",2018-05-01,113.887
EUA,4,"Housing, Water, Electricity, Gas and Other Fuels",2018-06-01,114.366
EUA,4,"Housing, Water, Electricity, Gas and Other Fuels",2018-07-01,114.649
EUA,4,"Housing, Water, Electricity, Gas and Other Fuels",2018-08-01,115.028
EUA,4,"Housing, Water, Electricity, Gas and Other Fuels",2018-09-01,115.139
EUA,4,"Housing, Water, Electricity, Gas and Other Fuels",2018-10-01,115.34
EUA,4,"Housing, Water, Electricity, Gas and Other Fuels",2018-11-01,115.651
EUA,4,"Housing, Water, Electricity, Gas and Other Fuels",2018-12-01,116.05
EUA,4,"Housing, Water, Electricity, Gas and Other Fuels",2019-01-01,116.295
EUA,4,"Housing, Water, Electricity, Gas and Other Fuels",2019-02-01,116.502
EUA,4,"Housing, Water, Electricity, Gas and Other Fuels",2019-03-01,116.793
EUA,4,"Housing, Water, Electricity, Gas and Other Fuels",2019-04-01,117.075
EUA,4,"Housing, Water, Electricity, Gas and Other Fuels",2019-05-01,117.332
EUA,4,"Housing, Water, Electricity, Gas and Other Fuels",2019-06-01,117.892
EUA,4,"Housing, Water, Electricity, Gas and Other Fuels",2019-07-01,118.191
EUA,4,"Housing, Water, Electricity, Gas and Other Fuels",2019-08-01,118.455
EUA,4,"Housing, Water, Electricity, Gas and Other Fuels",2019-09-01,118.714
EUA,4,"Housing, Water, Electricity, Gas and Other Fuels",2019-10-01,118.889
EUA,4,"Housing, Water, Electricity, Gas and Other Fuels",2019-11-01,119.163
EUA,4,"Housing, Water, Electricity, Gas and Other Fuels",2019-12-01,119.442
EUA,4,"Housing, Water, Electricity, Gas and Other Fuels",2020-01-01,119.877
EUA,4,"Housing, Water, Electricity, Gas and Other Fuels",2020-02-01,120.048
EUA,4,"Housing, Water, Electricity, Gas and Other Fuels",2020-03-01,120.176
EUA,4,"Housing, Water, Electricity, Gas and Other Fuels",2020-04-01,120.268
EUA,4,"Housing, Water, Electricity, Gas and Other Fuels",2020-05-01,120.509
EUA,4,"Housing, Water, Electricity, Gas and Other Fuels",2020-06-01,120.893
EUA,4,"Housing, Water, Electricity, Gas and Other Fuels",2020-07-01,121.139
EUA,4,"Housing, Water, Electricity, Gas and Other Fuels",2020-08-01,121.315
EUA,4,"Housing, Water, Electricity, Gas and Other Fuels",2020-09-01,121.523
EUA,4,"Housing, Water, Electricity, Gas and Other Fuels",2020-10-01,121.696
EUA,4,"Housing, Water, Electricity, Gas and Other Fuels",2020-11-01,121.844
EUA,4,"Housing, Water, Electricity, Gas and Other Fuels",2020-12-01,122.071
EUA,4,"Housing, Water, Electricity, Gas and Other Fuels",2021-01-01,122.306
EUA,4,"Housing, Water, Electricity, Gas and Other Fuels",2021-02-01,122.665
EUA,4,"Housing, Water, Electricity, Gas and Other Fuels",2021-03-01,122.89
EUA,4,"Housing, Water, Electricity, Gas and Other Fuels",2021-04-01,123.181
EUA,4,"Housing, Water, Electricity, Gas and Other Fuels",2021-05-01,123.594
EUA,4,"Housing, Water, Electricity, Gas and Other Fuels",2021-06-01,124.216
EUA,4,"Housing, Water, Electricity, Gas and Other Fuels",2021-07-01,124.627
EUA,4,"Housing, Water, Electricity, Gas and Other Fuels",2021-08-01,125.088
EUA,4,"Housing, Water, Electricity, Gas and Other Fuels",2021-09-01,125.698
EUA,4,"Housing, Water, Electricity, Gas and Other Fuels",2021-10-01,126.478
EUA,4,"Housing, Water, Electricity, Gas and Other Fuels",2021-11-01,126.999
EUA,4,"Housing, Water, Electricity, Gas and Other Fuels",2021-12-01,127.455
EUA,4,"Housing, Water, Electricity, Gas and Other Fuels",2022-01-01,128.433
EUA,4,"Housing, Water, Electricity, Gas and Other Fuels",2022-02-01,128.949
EUA,4,"Housing, Water, Electricity, Gas and Other Fuels",2022-03-01,129.669
EUA,4,"Housing, Water, Electricity, Gas and Other Fuels",2022-04-01,130.344
EUA,4,"Housing, Water, Electricity, Gas and Other Fuels",2022-05-01,131.525
EUA,4,"Housing, Water, Electricity, Gas and Other Fuels",2022-06-01,132.955
EUA,4,"Housing, Water, Electricity, Gas and Other Fuels",2022-07-01,133.666
EUA,4,"Housing, Water, Electricity, Gas and Other Fuels",2022-08-01,134.759
EUA,4,"Housing, Water, Electricity, Gas and Other Fuels",2022-09-01,135.834
EUA,4,"Housing, Water, Electricity, Gas and Other Fuels",2022-10-01,136.542
EUA,4,"Housing, Water, Electricity, Gas and Other Fuels",2022-11-01,137.219
EUA,4,"Housing, Water, Electricity, Gas and Other Fuels",2022-12-01,138.233
EUA,4,"Housing, Water, Electricity, Gas and Other Fuels",2023-01-01,139.485
EUA,4,"Housing, Water, Electricity, Gas and Other Fuels",2023-02-01,139.995
EUA,4,"Housing, Water, Electricity, Gas and Other Fuels",2023-03-01,140.199
EUA,4,"Housing, Water, Electricity, Gas and Other Fuels",2023-04-01,140.597
EUA,4,"Housing, Water, Electricity, Gas and Other Fuels",2023-05-01,141.087
EUA,4,"Housing, Water, Electricity, Gas and Other Fuels",2023-06-01,141.998
EUA,4,"Housing, Water, Electricity, Gas and Other Fuels",2023-07-01,142.66
EUA,4,"Housing, Water, Electricity, Gas and Other Fuels",2023-08-01,143.304
EUA,4,"Housing, Water, Electricity, Gas and Other Fuels",2023-09-01,144.087
EUA,4,"Housing, Water, Electricity, Gas and Other Fuels",2023-10-01,144.58
EUA,4,"Housing, Water, Electricity, Gas and Other Fuels",2023-11-01,145.351
EUA,4,"Housing, Water, Electricity, Gas and Other Fuels",2023-12-01,145.94
EUA,4,"Housing, Water, Electricity, Gas and Other Fuels",2024-01-01,146.931
EUA,4,"Housing, Water, Electricity, Gas and Other Fuels",2024-02-01,147.512
EUA,4,"Housing, Water, Electricity, Gas and Other Fuels",2024-03-01,147.996
EUA,4,"Housing, Water, Electricity, Gas and Other Fuels",2024-04-01,148.27
EUA,4,"Housing, Water, Electricity, Gas and Other Fuels",2024-05-01,148.787
EUA,4,"Housing, Water, Electricity, Gas and Other Fuels",2024-06-01,149.417
EUA,4,"Housing, Water, Electricity, Gas and Other Fuels",2024-07-01,149.939
EUA,4,"Housing, Water, Electricity, Gas and Other Fuels",2024-08-01,150.472
EUA,4,"Housing, Water, Electricity, Gas and Other Fuels",2024-09-01,151.069
EUA,4,"Housing, Water, Electricity, Gas and Other Fuels",2024-10-01,151.628
EUA,4,"Housing, Water, Electricity, Gas and Other Fuels",2024-11-01,151.982
EUA,4,"Housing, Water, Electricity, Gas and Other Fuels",2024-12-01,152.544
EUA,4.1,Actual Rentals For Housing,2013-12-01,100.0
EUA,4.1,Actual Rentals For Housing,2014-01-01,100.232
EUA,4.1,Actual Rentals For Housing,2014-02-01,100.385
EUA,4.1,Actual Rentals For Housing,2014-03-01,100.662
EUA,4.1,Actual Rentals For Housing,2014-04-01,100.888
EUA,4.1,Actual Rentals For Housing,2014-05-01,101.113
EUA,4.1,Actual Rentals For Housing,2014-06-01,101.338
EUA,4.1,Actual Rentals For Housing,2014-07-01,101.679
EUA,4.1,Actual Rentals For Housing,2014-08-01,101.973
EUA,4.1,Actual Rentals For Housing,2014-09-01,102.323
EUA,4.1,Actual Rentals For Housing,2014-10-01,102.686
EUA,4.1,Actual Rentals For Housing,2014-11-01,103.105
EUA,4.1,Actual Rentals For Housing,2014-12-01,103.381
EUA,4.1,Actual Rentals For Housing,2015-01-01,103.638
EUA,4.1,Actual Rentals For Housing,2015-02-01,103.939
EUA,4.1,Actual Rentals For Housing,2015-03-01,104.212
EUA,4.1,Actual Rentals For Housing,2015-04-01,104.384
EUA,4.1,Actual Rentals For Housing,2015-05-01,104.622
EUA,4.1,Actual Rentals For Housing,2015-06-01,104.911
EUA,4.1,Actual Rentals For Housing,2015-07-01,105.301
EUA,4.1,Actual Rentals For Housing,2015-08-01,105.661
EUA,4.1,Actual Rentals For Housing,2015-09-01,106.117
EUA,4.1,Actual Rentals For Housing,2015-10-01,106.53
EUA,4.1,Actual Rentals For Housing,2015-11-01,106.859
EUA,4.1,Actual Rentals For Housing,2015-12-01,107.184
EUA,4.1,Actual Rentals For Housing,2016-01-01,107.479
EUA,4.1,Actual Rentals For Housing,2016-02-01,107.763
EUA,4.1,Actual Rentals For Housing,2016-03-01,108.025
EUA,4.1,Actual Rentals For Housing,2016-04-01,108.278
EUA,4.1,Actual Rentals For Housing,2016-05-01,108.595
EUA,4.1,Actual Rentals For Housing,2016-06-01,108.914
EUA,4.1,Actual Rentals For Housing,2016-07-01,109.268
EUA,4.1,Actual Rentals For Housing,2016-08-01,109.656
EUA,4.1,Actual Rentals For Housing,2016-09-01,110.04
EUA,4.1,Actual Rentals For Housing,2016-10-01,110.57
EUA,4.1,Actual Rentals For Housing,2016-11-01,111.006
EUA,4.1,Actual Rentals For Housing,2016-12-01,111.428
EUA,4.1,Actual Rentals For Housing,2017-01-01,111.698
EUA,4.1,Actual Rentals For Housing,2017-02-01,111.972
EUA,4.1,Actual Rentals For Housing,2017-03-01,112.214
EUA,4.1,Actual Rentals For Housing,2017-04-01,112.438
EUA,4.1,Actual Rentals For Housing,2017-05-01,112.77
EUA,4.1,Actual Rentals For Housing,2017-06-01,113.114
EUA,4.1,Actual Rentals For Housing,2017-07-01,113.431
EUA,4.1,Actual Rentals For Housing,2017-08-01,113.911
EUA,4.1,Actual Rentals For Housing,2017-09-01,114.201
EUA,4.1,Actual Rentals For Housing,2017-10-01,114.655
EUA,4.1,Actual Rentals For Housing,2017-11-01,115.085
EUA,4.1,Actual Rentals For Housing,2017-12-01,115.539
EUA,4.1,Actual Rentals For Housing,2018-01-01,115.865
EUA,4.1,Actual Rentals For Housing,2018-02-01,116.045
EUA,4.1,Actual Rentals For Housing,2018-03-01,116.267
EUA,4.1,Actual Rentals For Housing,2018-04-01,116.591
EUA,4.1,Actual Rentals For Housing,2018-05-01,116.859
EUA,4.1,Actual Rentals For Housing,2018-06-01,117.164
EUA,4.1,Actual Rentals For Housing,2018-07-01,117.544
EUA,4.1,Actual Rentals For Housing,2018-08-01,118.023
EUA,4.1,Actual Rentals For Housing,2018-09-01,118.347
EUA,4.1,Actual Rentals For Housing,2018-10-01,118.75
EUA,4.1,Actual Rentals For Housing,2018-11-01,119.244
EUA,4.1,Actual Rentals For Housing,2018-12-01,119.555
EUA,4.1,Actual Rentals For Housing,2019-01-01,119.843
EUA,4.1,Actual Rentals For Housing,2019-02-01,120.121
EUA,4.1,Actual Rentals For Housing,2019-03-01,120.548
EUA,4.1,Actual Rentals For Housing,2019-04-01,120.977
EUA,4.1,Actual Rentals For Housing,2019-05-01,121.218
EUA,4.1,Actual Rentals For Housing,2019-06-01,121.702
EUA,4.1,Actual Rentals For Housing,2019-07-01,122.054
EUA,4.1,Actual Rentals For Housing,2019-08-01,122.435
EUA,4.1,Actual Rentals For Housing,2019-09-01,122.875
EUA,4.1,Actual Rentals For Housing,2019-10-01,123.186
EUA,4.1,Actual Rentals For Housing,2019-11-01,123.606
EUA,4.1,Actual Rentals For Housing,2019-12-01,123.962
EUA,4.1,Actual Rentals For Housing,2020-01-01,124.344
EUA,4.1,Actual Rentals For Housing,2020-02-01,124.635
EUA,4.1,Actual Rentals For Housing,2020-03-01,124.967
EUA,4.1,Actual Rentals For Housing,2020-04-01,125.194
EUA,4.1,Actual Rentals For Housing,2020-05-01,125.443
EUA,4.1,Actual Rentals For Housing,2020-06-01,125.621
EUA,4.1,Actual Rentals For Housing,2020-07-01,125.862
EUA,4.1,Actual Rentals For Housing,2020-08-01,126.044
EUA,4.1,Actual Rentals For Housing,2020-09-01,126.215
EUA,4.1,Actual Rentals For Housing,2020-10-01,126.475
EUA,4.1,Actual Rentals For Housing,2020-11-01,126.631
EUA,4.1,Actual Rentals For Housing,2020-12-01,126.784
EUA,4.1,Actual Rentals For Housing,2021-01-01,126.896
EUA,4.1,Actual Rentals For Housing,2021-02-01,127.074
EUA,4.1,Actual Rentals For Housing,2021-03-01,127.249
EUA,4.1,Actual Rentals For Housing,2021-04-01,127.451
EUA,4.1,Actual Rentals For Housing,2021-05-01,127.727
EUA,4.1,Actual Rentals For Housing,2021-06-01,128.027
EUA,4.1,Actual Rentals For Housing,2021-07-01,128.262
EUA,4.1,Actual Rentals For Housing,2021-08-01,128.718
EUA,4.1,Actual Rentals For Housing,2021-09-01,129.287
EUA,4.1,Actual Rentals For Housing,2021-10-01,129.889
EUA,4.1,Actual Rentals For Housing,2021-11-01,130.491
EUA,4.1,Actual Rentals For Housing,2021-12-01,131.008
EUA,4.1,Actual Rentals For Housing,2022-01-01,131.673
EUA,4.1,Actual Rentals For Housing,2022-02-01,132.369
EUA,4.1,Actual Rentals For Housing,2022-03-01,132.904
EUA,4.1,Actual Rentals For Housing,2022-04-01,133.592
EUA,4.1,Actual Rentals For Housing,2022-05-01,134.389
EUA,4.1,Actual Rentals For Housing,2022-06-01,135.424
EUA,4.1,Actual Rentals For Housing,2022-07-01,136.351
EUA,4.1,Actual Rentals For Housing,2022-08-01,137.395
EUA,4.1,Actual Rentals For Housing,2022-09-01,138.605
EUA,4.1,Actual Rentals For Housing,2022-10-01,139.66
EUA,4.1,Actual Rentals For Housing,2022-11-01,140.81
EUA,4.1,Actual Rentals For Housing,2022-12-01,141.946
EUA,4.1,Actual Rentals For Housing,2023-01-01,142.949
EUA,4.1,Actual Rentals For Housing,2023-02-01,143.968
EUA,4.1,Actual Rentals For Housing,2023-03-01,144.619
EUA,4.1,Actual Rentals For Housing,2023-04-01,145.351
EUA,4.1,Actual Rentals For Housing,2023-05-01,146.024
EUA,4.1,Actual Rentals For Housing,2023-06-01,146.711
EUA,4.1,Actual Rentals For Housing,2023-07-01,147.306
EUA,4.1,Actual Rentals For Housing,2023-08-01,148.056
EUA,4.1,Actual Rentals For Housing,2023-09-01,148.88
EUA,4.1,Actual Rentals For Housing,2023-10-01,149.688
EUA,4.1,Actual Rentals For Housing,2023-11-01,150.482
EUA,4.1,Actual Rentals For Housing,2023-12-01,151.133
EUA,4.1,Actual Rentals For Housing,2024-01-01,151.653
EUA,4.1,Actual Rentals For Housing,2024-02-01,152.27
EUA,4.1,Actual Rentals For Housing,2024-03-01,152.831
EUA,4.1,Actual Rentals For Housing,2024-04-01,153.26
EUA,4.1,Actual Rentals For Housing,2024-05-01,153.77
EUA,4.1,Actual Rentals For Housing,2024-06-01,154.156
EUA,4.1,Actual Rentals For Housing,2024-07-01,154.802
EUA,4.1,Actual Rentals For Housing,2024-08-01,155.408
EUA,4.1,Actual Rentals For Housing,2024-09-01,155.997
EUA,4.1,Actual Rentals For Housing,2024-10-01,156.571
EUA,4.1,Actual Rentals For Housing,2024-11-01,157.038
EUA,4.1,Actual Rentals For Housing,2024-12-01,157.59
EUA,4.1.1,Actual Rentals Paid by Tenants,2013-12-01,100.0
EUA,4.1.1,Actual Rentals Paid by Tenants,2014-01-01,100.232
EUA,4.1.1,Actual Rentals Paid by Tenants,2014-02-01,100.385
EUA,4.1.1,Actual Rentals Paid by Tenants,2014-03-01,100.662
EUA,4.1.1,Actual Rentals Paid by Tenants,2014-04-01,100.888
EUA,4.1.1,Actual Rentals Paid by Tenants,2014-05-01,101.113
EUA,4.1.1,Actual Rentals Paid by Tenants,2014-06-01,101.338
EUA,4.1.1,Actual Rentals Paid by Tenants,2014-07-01,101.679
EUA,4.1.1,Actual Rentals Paid by Tenants,2014-08-01,101.973
EUA,4.1.1,Actual Rentals Paid by Tenants,2014-09-01,102.323
EUA,4.1.1,Actual Rentals Paid by Tenants,2014-10-01,102.686
EUA,4.1.1,Actual Rentals Paid by Tenants,2014-11-01,103.105
EUA,4.1.1,Actual Rentals Paid by Tenants,2014-12-01,103.381
EUA,4.1.1,Actual Rentals Paid by Tenants,2015-01-01,103.638
EUA,4.1.1,Actual Rentals Paid by Tenants,2015-02-01,103.939
EUA,4.1.1,Actual Rentals Paid by Tenants,2015-03-01,104.212
EUA,4.1.1,Actual Rentals Paid by Tenants,2015-04-01,104.384
EUA,4.1.1,Actual Rentals Paid by Tenants,2015-05-01,104.622
EUA,4.1.1,Actual Rentals Paid by Tenants,2015-06-01,104.911
EUA,4.1.1,Actual Rentals Paid by Tenants,2015-07-01,105.301
EUA,4.1.1,Actual Rentals Paid by Tenants,2015-08-01,105.661
EUA,4.1.1,Actual Rentals Paid by Tenants,2015-09-01,106.117
EUA,4.1.1,Actual Rentals Paid by Tenants,2015-10-01,106.53
EUA,4.1.1,Actual Rentals Paid by Tenants,2015-11-01,106.859
EUA,4.1.1,Actual Rentals Paid by Tenants,2015-12-01,107.184
EUA,4.1.1,Actual Rentals Paid by Tenants,2016-01-01,107.479
EUA,4.1.1,Actual Rentals Paid by Tenants,2016-02-01,107.763
EUA,4.1.1,Actual Rentals Paid by Tenants,2016-03-01,108.025
EUA,4.1.1,Actual Rentals Paid by Tenants,2016-04-01,108.278
EUA,4.1.1,Actual Rentals Paid by Tenants,2016-05-01,108.595
EUA,4.1.1,Actual Rentals Paid by Tenants,2016-06-01,108.914
EUA,4.1.1,Actual Rentals Paid by Tenants,2016-07-01,109.268
EUA,4.1.1,Actual Rentals Paid by Tenants,2016-08-01,109.656
EUA,4.1.1,Actual Rentals Paid by Tenants,2016-09-01,110.04
EUA,4.1.1,Actual Rentals Paid by Tenants,2016-10-01,110.57
EUA,4.1.1,Actual Rentals Paid by Tenants,2016-11-01,111.006
EUA,4.1.1,Actual Rentals Paid by Tenants,2016-12-01,111.428
EUA,4.1.1,Actual Rentals Paid by Tenants,2017-01-01,111.698
EUA,4.1.1,Actual Rentals Paid by Tenants,2017-02-01,111.972
EUA,4.1.1,Actual Rentals Paid by Tenants,2017-03-01,112.214
EUA,4.1.1,Actual Rentals Paid by Tenants,2017-04-01,112.438
EUA,4.1.1,Actual Rentals Paid by Tenants,2017-05-01,112.77
EUA,4.1.1,Actual Rentals Paid by Tenants,2017-06-01,113.114
EUA,4.1.1,Actual Rentals Paid by Tenants,2017-07-01,113.431
EUA,4.1.1,Actual Rentals Paid by Tenants,2017-08-01,113.911
EUA,4.1.1,Actual Rentals Paid by Tenants,2017-09-01,114.201
EUA,4.1.1,Actual Rentals Paid by Tenants,2017-10-01,114.655
EUA,4.1.1,Actual Rentals Paid by Tenants,2017-11-01,115.085
EUA,4.1.1,Actual Rentals Paid by Tenants,2017-12-01,115.539
EUA,4.1.1,Actual Rentals Paid by Tenants,2018-01-01,115.865
EUA,4.1.1,Actual Rentals Paid by Tenants,2018-02-01,116.045
EUA,4.1.1,Actual Rentals Paid by Tenants,2018-03-01,116.267
EUA,4.1.1,Actual Rentals Paid by Tenants,2018-04-01,116.591
EUA,4.1.1,Actual Rentals Paid by Tenants,2018-05-01,116.859
EUA,4.1.1,Actual Rentals Paid by Tenants,2018-06-01,117.164
EUA,4.1.1,Actual Rentals Paid by Tenants,2018-07-01,117.544
EUA,4.1.1,Actual Rentals Paid by Tenants,2018-08-01,118.023
EUA,4.1.1,Actual Rentals Paid by Tenants,2018-09-01,118.347
EUA,4.1.1,Actual Rentals Paid by Tenants,2018-10-01,118.75
EUA,4.1.1,Actual Rentals Paid by Tenants,2018-11-01,119.244
EUA,4.1.1,Actual Rentals Paid by Tenants,2018-12-01,119.555
EUA,4.1.1,Actual Rentals Paid by Tenants,2019-01-01,119.843
EUA,4.1.1,Actual Rentals Paid by Tenants,2019-02-01,120.121
EUA,4.1.1,Actual Rentals Paid by Tenants,2019-03-01,120.548
EUA,4.1.1,Actual Rentals Paid by Tenants,2019-04-01,120.977
EUA,4.1.1,Actual Rentals Paid by Tenants,2019-05-01,121.218
EUA,4.1.1,Actual Rentals Paid by Tenants,2019-06-01,121.702
EUA,4.1.1,Actual Rentals Paid by Tenants,2019-07-01,122.054
EUA,4.1.1,Actual Rentals Paid by Tenants,2019-08-01,122.435
EUA,4.1.1,Actual Rentals Paid by Tenants,2019-09-01,122.875
EUA,4.1.1,Actual Rentals Paid by Tenants,2019-10-01,123.186
EUA,4.1.1,Actual Rentals Paid by Tenants,2019-11-01,123.606
EUA,4.1.1,Actual Rentals Paid by Tenants,2019-12-01,123.962
EUA,4.1.1,Actual Rentals Paid by Tenants,2020-01-01,124.344
EUA,4.1.1,Actual Rentals Paid by Tenants,2020-02-01,124.635
EUA,4.1.1,Actual Rentals Paid by Tenants,2020-03-01,124.967
EUA,4.1.1,Actual Rentals Paid by Tenants,2020-04-01,125.194
EUA,4.1.1,Actual Rentals Paid by Tenants,2020-05-01,125.443
EUA,4.1.1,Actual Rentals Paid by Tenants,2020-06-01,125.621
EUA,4.1.1,Actual Rentals Paid by Tenants,2020-07-01,125.862
EUA,4.1.1,Actual Rentals Paid by Tenants,2020-08-01,126.044
EUA,4.1.1,Actual Rentals Paid by Tenants,2020-09-01,126.215
EUA,4.1.1,Actual Rentals Paid by Tenants,2020-10-01,126.475
EUA,4.1.1,Actual Rentals Paid by Tenants,2020-11-01,126.631
EUA,4.1.1,Actual Rentals Paid by Tenants,2020-12-01,126.784
EUA,4.1.1,Actual Rentals Paid by Tenants,2021-01-01,126.896
EUA,4.1.1,Actual Rentals Paid by Tenants,2021-02-01,127.074
EUA,4.1.1,Actual Rentals Paid by Tenants,2021-03-01,127.249
EUA,4.1.1,Actual Rentals Paid by Tenants,2021-04-01,127.451
EUA,4.1.1,Actual Rentals Paid by Tenants,2021-05-01,127.727
EUA,4.1.1,Actual Rentals Paid by Tenants,2021-06-01,128.027
EUA,4.1.1,Actual Rentals Paid by Tenants,2021-07-01,128.262
EUA,4.1.1,Actual Rentals Paid by Tenants,2021-08-01,128.718
EUA,4.1.1,Actual Rentals Paid by Tenants,2021-09-01,129.287
EUA,4.1.1,Actual Rentals Paid by Tenants,2021-10-01,129.889
EUA,4.1.1,Actual Rentals Paid by Tenants,2021-11-01,130.491
EUA,4.1.1,Actual Rentals Paid by Tenants,2021-12-01,131.008
EUA,4.1.1,Actual Rentals Paid by Tenants,2022-01-01,131.673
EUA,4.1.1,Actual Rentals Paid by Tenants,2022-02-01,132.369
EUA,4.1.1,Actual Rentals Paid by Tenants,2022-03-01,132.904
EUA,4.1.1,Actual Rentals Paid by Tenants,2022-04-01,133.592
EUA,4.1.1,Actual Rentals Paid by Tenants,2022-05-01,134.389
EUA,4.1.1,Actual Rentals Paid by Tenants,2022-06-01,135.424
EUA,4.1.1,Actual Rentals Paid by Tenants,2022-07-01,136.351
EUA,4.1.1,Actual Rentals Paid by Tenants,2022-08-01,137.395
EUA,4.1.1,Actual Rentals Paid by Tenants,2022-09-01,138.605
EUA,4.1.1,Actual Rentals Paid by Tenants,2022-10-01,139.66
EUA,4.1.1,Actual Rentals Paid by Tenants,2022-11-01,140.81
EUA,4.1.1,Actual Rentals Paid by Tenants,2022-12-01,141.946
EUA,4.1.1,Actual Rentals Paid by Tenants,2023-01-01,142.949
EUA,4.1.1,Actual Rentals Paid by Tenants,2023-02-01,143.968
EUA,4.1.1,Actual Rentals Paid by Tenants,2023-03-01,144.619
EUA,4.1.1,Actual Rentals Paid by Tenants,2023-04-01,145.351
EUA,4.1.1,Actual Rentals Paid by Tenants,2023-05-01,146.024
EUA,4.1.1,Actual Rentals Paid by Tenants,2023-06-01,146.711
EUA,4.1.1,Actual Rentals Paid by Tenants,2023-07-01,147.306
EUA,4.1.1,Actual Rentals Paid by Tenants,2023-08-01,148.056
EUA,4.1.1,Actual Rentals Paid by Tenants,2023-09-01,148.88
EUA,4.1.1,Actual Rentals Paid by Tenants,2023-10-01,149.688
EUA,4.1.1,Actual Rentals Paid by Tenants,2023-11-01,150.482
EUA,4.1.1,Actual Rentals Paid by Tenants,2023-12-01,151.133
EUA,4.1.1,Actual Rentals Paid by Tenants,2024-01-01,151.653
EUA,4.1.1,Actual Rentals Paid by Tenants,2024-02-01,152.27
EUA,4.1.1,Actual Rentals Paid by Tenants,2024-03-01,152.831
EUA,4.1.1,Actual Rentals Paid by Tenants,2024-04-01,153.26
EUA,4.1.1,Actual Rentals Paid by Tenants,2024-05-01,153.77
EUA,4.1.1,Actual Rentals Paid by Tenants,2024-06-01,154.156
EUA,4.1.1,Actual Rentals Paid by Tenants,2024-07-01,154.802
EUA,4.1.1,Actual Rentals Paid by Tenants,2024-08-01,155.408
EUA,4.1.1,Actual Rentals Paid by Tenants,2024-09-01,155.997
EUA,4.1.1,Actual Rentals Paid by Tenants,2024-10-01,156.571
EUA,4.1.1,Actual Rentals Paid by Tenants,2024-11-01,157.038
EUA,4.1.1,Actual Rentals Paid by Tenants,2024-12-01,157.59
EUA,4.2,Imputed Rentals For Housing,2013-12-01,100.0
EUA,4.2,Imputed Rentals For Housing,2014-01-01,100.22
EUA,4.2,Imputed Rentals For Housing,2014-02-01,100.382
EUA,4.2,Imputed Rentals For Housing,2014-03-01,100.612
EUA,4.2,Imputed Rentals For Housing,2014-04-01,100.775
EUA,4.2,Imputed Rentals For Housing,2014-05-01,100.951
EUA,4.2,Imputed Rentals For Housing,2014-06-01,101.136
EUA,4.2,Imputed Rentals For Housing,2014-07-01,101.366
EUA,4.2,Imputed Rentals For Housing,2014-08-01,101.634
EUA,4.2,Imputed Rentals For Housing,2014-09-01,101.879
EUA,4.2,Imputed Rentals For Housing,2014-10-01,102.154
EUA,4.2,Imputed Rentals For Housing,2014-11-01,102.444
EUA,4.2,Imputed Rentals For Housing,2014-12-01,102.607
EUA,4.2,Imputed Rentals For Housing,2015-01-01,102.859
EUA,4.2,Imputed Rentals For Housing,2015-02-01,103.077
EUA,4.2,Imputed Rentals For Housing,2015-03-01,103.32
EUA,4.2,Imputed Rentals For Housing,2015-04-01,103.567
EUA,4.2,Imputed Rentals For Housing,2015-05-01,103.769
EUA,4.2,Imputed Rentals For Housing,2015-06-01,104.12
EUA,4.2,Imputed Rentals For Housing,2015-07-01,104.406
EUA,4.2,Imputed Rentals For Housing,2015-08-01,104.7
EUA,4.2,Imputed Rentals For Housing,2015-09-01,105.025
EUA,4.2,Imputed Rentals For Housing,2015-10-01,105.311
EUA,4.2,Imputed Rentals For Housing,2015-11-01,105.595
EUA,4.2,Imputed Rentals For Housing,2015-12-01,105.833
EUA,4.2,Imputed Rentals For Housing,2016-01-01,106.107
EUA,4.2,Imputed Rentals For Housing,2016-02-01,106.334
EUA,4.2,Imputed Rentals For Housing,2016-03-01,106.543
EUA,4.2,Imputed Rentals For Housing,2016-04-01,106.826
EUA,4.2,Imputed Rentals For Housing,2016-05-01,107.156
EUA,4.2,Imputed Rentals For Housing,2016-06-01,107.5
EUA,4.2,Imputed Rentals For Housing,2016-07-01,107.811
EUA,4.2,Imputed Rentals For Housing,2016-08-01,108.163
EUA,4.2,Imputed Rentals For Housing,2016-09-01,108.57
EUA,4.2,Imputed Rentals For Housing,2016-10-01,108.938
EUA,4.2,Imputed Rentals For Housing,2016-11-01,109.337
EUA,4.2,Imputed Rentals For Housing,2016-12-01,109.615
EUA,4.2,Imputed Rentals For Housing,2017-01-01,109.863
EUA,4.2,Imputed Rentals For Housing,2017-02-01,110.083
EUA,4.2,Imputed Rentals For Housing,2017-03-01,110.256
EUA,4.2,Imputed Rentals For Housing,2017-04-01,110.441
EUA,4.2,Imputed Rentals For Housing,2017-05-01,110.64
EUA,4.2,Imputed Rentals For Housing,2017-06-01,110.97
EUA,4.2,Imputed Rentals For Housing,2017-07-01,111.269
EUA,4.2,Imputed Rentals For Housing,2017-08-01,111.693
EUA,4.2,Imputed Rentals For Housing,2017-09-01,112.023
EUA,4.2,Imputed Rentals For Housing,2017-10-01,112.418
EUA,4.2,Imputed Rentals For Housing,2017-11-01,112.75
EUA,4.2,Imputed Rentals For Housing,2017-12-01,113.095
EUA,4.2,Imputed Rentals For Housing,2018-01-01,113.382
EUA,4.2,Imputed Rentals For Housing,2018-02-01,113.547
EUA,4.2,Imputed Rentals For Housing,2018-03-01,113.848
EUA,4.2,Imputed Rentals For Housing,2018-04-01,114.15
EUA,4.2,Imputed Rentals For Housing,2018-05-01,114.414
EUA,4.2,Imputed Rentals For Housing,2018-06-01,114.711
EUA,4.2,Imputed Rentals For Housing,2018-07-01,115.046
EUA,4.2,Imputed Rentals For Housing,2018-08-01,115.415
EUA,4.2,Imputed Rentals For Housing,2018-09-01,115.688
EUA,4.2,Imputed Rentals For Housing,2018-10-01,116.076
EUA,4.2,Imputed Rentals For Housing,2018-11-01,116.486
EUA,4.2,Imputed Rentals For Housing,2018-12-01,116.741
EUA,4.2,Imputed Rentals For Housing,2019-01-01,117.016
EUA,4.2,Imputed Rentals For Housing,2019-02-01,117.321
EUA,4.2,Imputed Rentals For Housing,2019-03-01,117.633
EUA,4.2,Imputed Rentals For Housing,2019-04-01,117.977
EUA,4.2,Imputed Rentals For Housing,2019-05-01,118.239
EUA,4.2,Imputed Rentals For Housing,2019-06-01,118.621
EUA,4.2,Imputed Rentals For Housing,2019-07-01,118.925
EUA,4.2,Imputed Rentals For Housing,2019-08-01,119.273
EUA,4.2,Imputed Rentals For Housing,2019-09-01,119.621
EUA,4.2,Imputed Rentals For Housing,2019-10-01,119.924
EUA,4.2,Imputed Rentals For Housing,2019-11-01,120.282
EUA,4.2,Imputed Rentals For Housing,2019-12-01,120.568
EUA,4.2,Imputed Rentals For Housing,2020-01-01,120.93
EUA,4.2,Imputed Rentals For Housing,2020-02-01,121.169
EUA,4.2,Imputed Rentals For Housing,2020-03-01,121.42
EUA,4.2,Imputed Rentals For Housing,2020-04-01,121.6
EUA,4.2,Imputed Rentals For Housing,2020-05-01,121.854
EUA,4.2,Imputed Rentals For Housing,2020-06-01,121.989
EUA,4.2,Imputed Rentals For Housing,2020-07-01,122.252
EUA,4.2,Imputed Rentals For Housing,2020-08-01,122.477
EUA,4.2,Imputed Rentals For Housing,2020-09-01,122.599
EUA,4.2,Imputed Rentals For Housing,2020-10-01,122.916
EUA,4.2,Imputed Rentals For Housing,2020-11-01,123.019
EUA,4.2,Imputed Rentals For Housing,2020-12-01,123.182
EUA,4.2,Imputed Rentals For Housing,2021-01-01,123.36
EUA,4.2,Imputed Rentals For Housing,2021-02-01,123.629
EUA,4.2,Imputed Rentals For Housing,2021-03-01,123.864
EUA,4.2,Imputed Rentals For Housing,2021-04-01,124.082
EUA,4.2,Imputed Rentals For Housing,2021-05-01,124.422
EUA,4.2,Imputed Rentals For Housing,2021-06-01,124.847
EUA,4.2,Imputed Rentals For Housing,2021-07-01,125.224
EUA,4.2,Imputed Rentals For Housing,2021-08-01,125.601
EUA,4.2,Imputed Rentals For Housing,2021-09-01,126.148
EUA,4.2,Imputed Rentals For Housing,2021-10-01,126.767
EUA,4.2,Imputed Rentals For Housing,2021-11-01,127.362
EUA,4.2,Imputed Rentals For Housing,2021-12-01,127.856
EUA,4.2,Imputed Rentals For Housing,2022-01-01,128.402
EUA,4.2,Imputed Rentals For Housing,2022-02-01,128.952
EUA,4.2,Imputed Rentals For Housing,2022-03-01,129.483
EUA,4.2,Imputed Rentals For Housing,2022-04-01,130.02
EUA,4.2,Imputed Rentals For Housing,2022-05-01,130.76
EUA,4.2,Imputed Rentals For Housing,2022-06-01,131.69
EUA,4.2,Imputed Rentals For Housing,2022-07-01,132.526
EUA,4.2,Imputed Rentals For Housing,2022-08-01,133.505
EUA,4.2,Imputed Rentals For Housing,2022-09-01,134.577
EUA,4.2,Imputed Rentals For Housing,2022-10-01,135.495
EUA,4.2,Imputed Rentals For Housing,2022-11-01,136.44
EUA,4.2,Imputed Rentals For Housing,2022-12-01,137.482
EUA,4.2,Imputed Rentals For Housing,2023-01-01,138.369
EUA,4.2,Imputed Rentals For Housing,2023-02-01,139.287
EUA,4.2,Imputed Rentals For Housing,2023-03-01,139.891
EUA,4.2,Imputed Rentals For Housing,2023-04-01,140.572
EUA,4.2,Imputed Rentals For Housing,2023-05-01,141.285
EUA,4.2,Imputed Rentals For Housing,2023-06-01,141.978
EUA,4.2,Imputed Rentals For Housing,2023-07-01,142.674
EUA,4.2,Imputed Rentals For Housing,2023-08-01,143.281
EUA,4.2,Imputed Rentals For Housing,2023-09-01,144.1
EUA,4.2,Imputed Rentals For Housing,2023-10-01,144.772
EUA,4.2,Imputed Rentals For Housing,2023-11-01,145.556
EUA,4.2,Imputed Rentals For Housing,2023-12-01,146.211
EUA,4.2,Imputed Rentals For Housing,2024-01-01,146.991
EUA,4.2,Imputed Rentals For Housing,2024-02-01,147.608
EUA,4.2,Imputed Rentals For Housing,2024-03-01,148.155
EUA,4.2,Imputed Rentals For Housing,2024-04-01,148.659
EUA,4.2,Imputed Rentals For Housing,2024-05-01,149.268
EUA,4.2,Imputed Rentals For Housing,2024-06-01,149.714
EUA,4.2,Imputed Rentals For Housing,2024-07-01,150.243
EUA,4.2,Imputed Rentals For Housing,2024-08-01,150.989
EUA,4.2,Imputed Rentals For Housing,2024-09-01,151.6
EUA,4.2,Imputed Rentals For Housing,2024-10-01,152.285
EUA,4.2,Imputed Rentals For Housing,2024-11-01,152.719
EUA,4.2,Imputed Rentals For Housing,2024-12-01,153.233
EUA,4.2.1,Imputed Rentals of Owner-Occupiers,2013-12-01,100.0
EUA,4.2.1,Imputed Rentals of Owner-Occupiers,2014-01-01,100.219
EUA,4.2.1,Imputed Rentals of Owner-Occupiers,2014-02-01,100.382
EUA,4.2.1,Imputed Rentals of Owner-Occupiers,2014-03-01,100.614
EUA,4.2.1,Imputed Rentals of Owner-Occupiers,2014-04-01,100.778
EUA,4.2.1,Imputed Rentals of Owner-Occupiers,2014-05-01,100.954
EUA,4.2.1,Imputed Rentals of Owner-Occupiers,2014-06-01,101.139
EUA,4.2.1,Imputed Rentals of Owner-Occupiers,2014-07-01,101.369
EUA,4.2.1,Imputed Rentals of Owner-Occupiers,2014-08-01,101.637
EUA,4.2.1,Imputed Rentals of Owner-Occupiers,2014-09-01,101.881
EUA,4.2.1,Imputed Rentals of Owner-Occupiers,2014-10-01,102.156
EUA,4.2.1,Imputed Rentals of Owner-Occupiers,2014-11-01,102.444
EUA,4.2.1,Imputed Rentals of Owner-Occupiers,2014-12-01,102.608
EUA,4.2.1,Imputed Rentals of Owner-Occupiers,2015-01-01,102.86
EUA,4.2.1,Imputed Rentals of Owner-Occupiers,2015-02-01,103.078
EUA,4.2.1,Imputed Rentals of Owner-Occupiers,2015-03-01,103.321
EUA,4.2.1,Imputed Rentals of Owner-Occupiers,2015-04-01,103.567
EUA,4.2.1,Imputed Rentals of Owner-Occupiers,2015-05-01,103.768
EUA,4.2.1,Imputed Rentals of Owner-Occupiers,2015-06-01,104.117
EUA,4.2.1,Imputed Rentals of Owner-Occupiers,2015-07-01,104.403
EUA,4.2.1,Imputed Rentals of Owner-Occupiers,2015-08-01,104.697
EUA,4.2.1,Imputed Rentals of Owner-Occupiers,2015-09-01,105.019
EUA,4.2.1,Imputed Rentals of Owner-Occupiers,2015-10-01,105.306
EUA,4.2.1,Imputed Rentals of Owner-Occupiers,2015-11-01,105.591
EUA,4.2.1,Imputed Rentals of Owner-Occupiers,2015-12-01,105.829
EUA,4.2.1,Imputed Rentals of Owner-Occupiers,2016-01-01,106.104
EUA,4.2.1,Imputed Rentals of Owner-Occupiers,2016-02-01,106.331
EUA,4.2.1,Imputed Rentals of Owner-Occupiers,2016-03-01,106.541
EUA,4.2.1,Imputed Rentals of Owner-Occupiers,2016-04-01,106.824
EUA,4.2.1,Imputed Rentals of Owner-Occupiers,2016-05-01,107.155
EUA,4.2.1,Imputed Rentals of Owner-Occupiers,2016-06-01,107.499
EUA,4.2.1,Imputed Rentals of Owner-Occupiers,2016-07-01,107.81
EUA,4.2.1,Imputed Rentals of Owner-Occupiers,2016-08-01,108.164
EUA,4.2.1,Imputed Rentals of Owner-Occupiers,2016-09-01,108.571
EUA,4.2.1,Imputed Rentals of Owner-Occupiers,2016-10-01,108.938
EUA,4.2.1,Imputed Rentals of Owner-Occupiers,2016-11-01,109.337
EUA,4.2.1,Imputed Rentals of Owner-Occupiers,2016-12-01,109.618
EUA,4.2.1,Imputed Rentals of Owner-Occupiers,2017-01-01,109.867
EUA,4.2.1,Imputed Rentals of Owner-Occupiers,2017-02-01,110.089
EUA,4.2.1,Imputed Rentals of Owner-Occupiers,2017-03-01,110.261
EUA,4.2.1,Imputed Rentals of Owner-Occupiers,2017-04-01,110.447
EUA,4.2.1,Imputed Rentals of Owner-Occupiers,2017-05-01,110.645
EUA,4.2.1,Imputed Rentals of Owner-Occupiers,2017-06-01,110.977
EUA,4.2.1,Imputed Rentals of Owner-Occupiers,2017-07-01,111.277
EUA,4.2.1,Imputed Rentals of Owner-Occupiers,2017-08-01,111.704
EUA,4.2.1,Imputed Rentals of Owner-Occupiers,2017-09-01,112.035
EUA,4.2.1,Imputed Rentals of Owner-Occupiers,2017-10-01,112.431
EUA,4.2.1,Imputed Rentals of Owner-Occupiers,2017-11-01,112.764
EUA,4.2.1,Imputed Rentals of Owner-Occupiers,2017-12-01,113.11
EUA,4.2.1,Imputed Rentals of Owner-Occupiers,2018-01-01,113.396
EUA,4.2.1,Imputed Rentals of Owner-Occupiers,2018-02-01,113.561
EUA,4.2.1,Imputed Rentals of Owner-Occupiers,2018-03-01,113.864
EUA,4.2.1,Imputed Rentals of Owner-Occupiers,2018-04-01,114.167
EUA,4.2.1,Imputed Rentals of Owner-Occupiers,2018-05-01,114.431
EUA,4.2.1,Imputed Rentals of Owner-Occupiers,2018-06-01,114.729
EUA,4.2.1,Imputed Rentals of Owner-Occupiers,2018-07-01,115.065
EUA,4.2.1,Imputed Rentals of Owner-Occupiers,2018-08-01,115.433
EUA,4.2.1,Imputed Rentals of Owner-Occupiers,2018-09-01,115.707
EUA,4.2.1,Imputed Rentals of Owner-Occupiers,2018-10-01,116.095
EUA,4.2.1,Imputed Rentals of Owner-Occupiers,2018-11-01,116.505
EUA,4.2.1,Imputed Rentals of Owner-Occupiers,2018-12-01,116.759
EUA,4.2.1,Imputed Rentals of Owner-Occupiers,2019-01-01,117.035
EUA,4.2.1,Imputed Rentals of Owner-Occupiers,2019-02-01,117.342
EUA,4.2.1,Imputed Rentals of Owner-Occupiers,2019-03-01,117.656
EUA,4.2.1,Imputed Rentals of Owner-Occupiers,2019-04-01,118.002
EUA,4.2.1,Imputed Rentals of Owner-Occupiers,2019-05-01,118.264
EUA,4.2.1,Imputed Rentals of Owner-Occupiers,2019-06-01,118.648
EUA,4.2.1,Imputed Rentals of Owner-Occupiers,2019-07-01,118.954
EUA,4.2.1,Imputed Rentals of Owner-Occupiers,2019-08-01,119.3
EUA,4.2.1,Imputed Rentals of Owner-Occupiers,2019-09-01,119.651
EUA,4.2.1,Imputed Rentals of Owner-Occupiers,2019-10-01,119.953
EUA,4.2.1,Imputed Rentals of Owner-Occupiers,2019-11-01,120.311
EUA,4.2.1,Imputed Rentals of Owner-Occupiers,2019-12-01,120.597
EUA,4.2.1,Imputed Rentals of Owner-Occupiers,2020-01-01,120.96
EUA,4.2.1,Imputed Rentals of Owner-Occupiers,2020-02-01,121.199
EUA,4.2.1,Imputed Rentals of Owner-Occupiers,2020-03-01,121.449
EUA,4.2.1,Imputed Rentals of Owner-Occupiers,2020-04-01,121.627
EUA,4.2.1,Imputed Rentals of Owner-Occupiers,2020-05-01,121.88
EUA,4.2.1,Imputed Rentals of Owner-Occupiers,2020-06-01,122.014
EUA,4.2.1,Imputed Rentals of Owner-Occupiers,2020-07-01,122.277
EUA,4.2.1,Imputed Rentals of Owner-Occupiers,2020-08-01,122.502
EUA,4.2.1,Imputed Rentals of Owner-Occupiers,2020-09-01,122.622
EUA,4.2.1,Imputed Rentals of Owner-Occupiers,2020-10-01,122.94
EUA,4.2.1,Imputed Rentals of Owner-Occupiers,2020-11-01,123.042
EUA,4.2.1,Imputed Rentals of Owner-Occupiers,2020-12-01,123.206
EUA,4.2.1,Imputed Rentals of Owner-Occupiers,2021-01-01,123.385
EUA,4.2.1,Imputed Rentals of Owner-Occupiers,2021-02-01,123.653
EUA,4.2.1,Imputed Rentals of Owner-Occupiers,2021-03-01,123.888
EUA,4.2.1,Imputed Rentals of Owner-Occupiers,2021-04-01,124.105
EUA,4.2.1,Imputed Rentals of Owner-Occupiers,2021-05-01,124.444
EUA,4.2.1,Imputed Rentals of Owner-Occupiers,2021-06-01,124.868
EUA,4.2.1,Imputed Rentals of Owner-Occupiers,2021-07-01,125.246
EUA,4.2.1,Imputed Rentals of Owner-Occupiers,2021-08-01,125.623
EUA,4.2.1,Imputed Rentals of Owner-Occupiers,2021-09-01,126.168
EUA,4.2.1,Imputed Rentals of Owner-Occupiers,2021-10-01,126.786
EUA,4.2.1,Imputed Rentals of Owner-Occupiers,2021-11-01,127.38
EUA,4.2.1,Imputed Rentals of Owner-Occupiers,2021-12-01,127.872
EUA,4.2.1,Imputed Rentals of Owner-Occupiers,2022-01-01,128.42
EUA,4.2.1,Imputed Rentals of Owner-Occupiers,2022-02-01,128.97
EUA,4.2.1,Imputed Rentals of Owner-Occupiers,2022-03-01,129.502
EUA,4.2.1,Imputed Rentals of Owner-Occupiers,2022-04-01,130.042
EUA,4.2.1,Imputed Rentals of Owner-Occupiers,2022-05-01,130.784
EUA,4.2.1,Imputed Rentals of Owner-Occupiers,2022-06-01,131.718
EUA,4.2.1,Imputed Rentals of Owner-Occupiers,2022-07-01,132.559
EUA,4.2.1,Imputed Rentals of Owner-Occupiers,2022-08-01,133.539
EUA,4.2.1,Imputed Rentals of Owner-Occupiers,2022-09-01,134.613
EUA,4.2.1,Imputed Rentals of Owner-Occupiers,2022-10-01,135.533
EUA,4.2.1,Imputed Rentals of Owner-Occupiers,2022-11-01,136.481
EUA,4.2.1,Imputed Rentals of Owner-Occupiers,2022-12-01,137.525
EUA,4.2.1,Imputed Rentals of Owner-Occupiers,2023-01-01,138.413
EUA,4.2.1,Imputed Rentals of Owner-Occupiers,2023-02-01,139.33
EUA,4.2.1,Imputed Rentals of Owner-Occupiers,2023-03-01,139.935
EUA,4.2.1,Imputed Rentals of Owner-Occupiers,2023-04-01,140.619
EUA,4.2.1,Imputed Rentals of Owner-Occupiers,2023-05-01,141.336
EUA,4.2.1,Imputed Rentals of Owner-Occupiers,2023-06-01,142.027
EUA,4.2.1,Imputed Rentals of Owner-Occupiers,2023-07-01,142.718
EUA,4.2.1,Imputed Rentals of Owner-Occupiers,2023-08-01,143.323
EUA,4.2.1,Imputed Rentals of Owner-Occupiers,2023-09-01,144.143
EUA,4.2.1,Imputed Rentals of Owner-Occupiers,2023-10-01,144.812
EUA,4.2.1,Imputed Rentals of Owner-Occupiers,2023-11-01,145.595
EUA,4.2.1,Imputed Rentals of Owner-Occupiers,2023-12-01,146.25
EUA,4.2.1,Imputed Rentals of Owner-Occupiers,2024-01-01,147.03
EUA,4.2.1,Imputed Rentals of Owner-Occupiers,2024-02-01,147.644
EUA,4.2.1,Imputed Rentals of Owner-Occupiers,2024-03-01,148.191
EUA,4.2.1,Imputed Rentals of Owner-Occupiers,2024-04-01,148.695
EUA,4.2.1,Imputed Rentals of Owner-Occupiers,2024-05-01,149.302
EUA,4.2.1,Imputed Rentals of Owner-Occupiers,2024-06-01,149.744
EUA,4.2.1,Imputed Rentals of Owner-Occupiers,2024-07-01,150.272
EUA,4.2.1,Imputed Rentals of Owner-Occupiers,2024-08-01,151.018
EUA,4.2.1,Imputed Rentals of Owner-Occupiers,2024-09-01,151.627
EUA,4.2.1,Imputed Rentals of Owner-Occupiers,2024-10-01,152.307
EUA,4.2.1,Imputed Rentals of Owner-Occupiers,2024-11-01,152.741
EUA,4.2.1,Imputed Rentals of Owner-Occupiers,2024-12-01,153.256
EUA,4.2.2,Other Imputed Rentals,2013-12-01,100.0
EUA,4.2.2,Other Imputed Rentals,2014-01-01,100.239
EUA,4.2.2,Other Imputed Rentals,2014-02-01,100.395
EUA,4.2.2,Other Imputed Rentals,2014-03-01,100.599
EUA,4.2.2,Other Imputed Rentals,2014-04-01,100.756
EUA,4.2.2,Other Imputed Rentals,2014-05-01,100.931
EUA,4.2.2,Other Imputed Rentals,2014-06-01,101.122
EUA,4.2.2,Other Imputed Rentals,2014-07-01,101.348
EUA,4.2.2,Other Imputed Rentals,2014-08-01,101.621
EUA,4.2.2,Other Imputed Rentals,2014-09-01,101.881
EUA,4.2.2,Other Imputed Rentals,2014-10-01,102.157
EUA,4.2.2,Other Imputed Rentals,2014-11-01,102.477
EUA,4.2.2,Other Imputed Rentals,2014-12-01,102.627
EUA,4.2.2,Other Imputed Rentals,2015-01-01,102.888
EUA,4.2.2,Other Imputed Rentals,2015-02-01,103.112
EUA,4.2.2,Other Imputed Rentals,2015-03-01,103.345
EUA,4.2.2,Other Imputed Rentals,2015-04-01,103.595
EUA,4.2.2,Other Imputed Rentals,2015-05-01,103.808
EUA,4.2.2,Other Imputed Rentals,2015-06-01,104.192
EUA,4.2.2,Other Imputed Rentals,2015-07-01,104.48
EUA,4.2.2,Other Imputed Rentals,2015-08-01,104.775
EUA,4.2.2,Other Imputed Rentals,2015-09-01,105.146
EUA,4.2.2,Other Imputed Rentals,2015-10-01,105.423
EUA,4.2.2,Other Imputed Rentals,2015-11-01,105.707
EUA,4.2.2,Other Imputed Rentals,2015-12-01,105.95
EUA,4.2.2,Other Imputed Rentals,2016-01-01,106.21
EUA,4.2.2,Other Imputed Rentals,2016-02-01,106.43
EUA,4.2.2,Other Imputed Rentals,2016-03-01,106.628
EUA,4.2.2,Other Imputed Rentals,2016-04-01,106.9
EUA,4.2.2,Other Imputed Rentals,2016-05-01,107.208
EUA,4.2.2,Other Imputed Rentals,2016-06-01,107.558
EUA,4.2.2,Other Imputed Rentals,2016-07-01,107.86
EUA,4.2.2,Other Imputed Rentals,2016-08-01,108.189
EUA,4.2.2,Other Imputed Rentals,2016-09-01,108.574
EUA,4.2.2,Other Imputed Rentals,2016-10-01,108.961
EUA,4.2.2,Other Imputed Rentals,2016-11-01,109.341
EUA,4.2.2,Other Imputed Rentals,2016-12-01,109.578
EUA,4.2.2,Other Imputed Rentals,2017-01-01,109.783
EUA,4.2.2,Other Imputed Rentals,2017-02-01,109.986
EUA,4.2.2,Other Imputed Rentals,2017-03-01,110.157
EUA,4.2.2,Other Imputed Rentals,2017-04-01,110.315
EUA,4.2.2,Other Imputed Rentals,2017-05-01,110.526
EUA,4.2.2,Other Imputed Rentals,2017-06-01,110.829
EUA,4.2.2,Other Imputed Rentals,2017-07-01,111.088
EUA,4.2.2,Other Imputed Rentals,2017-08-01,111.48
EUA,4.2.2,Other Imputed Rentals,2017-09-01,111.795
EUA,4.2.2,Other Imputed Rentals,2017-10-01,112.169
EUA,4.2.2,Other Imputed Rentals,2017-11-01,112.484
EUA,4.2.2,Other Imputed Rentals,2017-12-01,112.808
EUA,4.2.2,Other Imputed Rentals,2018-01-01,113.114
EUA,4.2.2,Other Imputed Rentals,2018-02-01,113.273
EUA,4.2.2,Other Imputed Rentals,2018-03-01,113.564
EUA,4.2.2,Other Imputed Rentals,2018-04-01,113.842
EUA,4.2.2,Other Imputed Rentals,2018-05-01,114.098
EUA,4.2.2,Other Imputed Rentals,2018-06-01,114.384
EUA,4.2.2,Other Imputed Rentals,2018-07-01,114.703
EUA,4.2.2,Other Imputed Rentals,2018-08-01,115.076
EUA,4.2.2,Other Imputed Rentals,2018-09-01,115.333
EUA,4.2.2,Other Imputed Rentals,2018-10-01,115.73
EUA,4.2.2,Other Imputed Rentals,2018-11-01,116.145
EUA,4.2.2,Other Imputed Rentals,2018-12-01,116.413
EUA,4.2.2,Other Imputed Rentals,2019-01-01,116.662
EUA,4.2.2,Other Imputed Rentals,2019-02-01,116.935
EUA,4.2.2,Other Imputed Rentals,2019-03-01,117.226
EUA,4.2.2,Other Imputed Rentals,2019-04-01,117.539
EUA,4.2.2,Other Imputed Rentals,2019-05-01,117.785
EUA,4.2.2,Other Imputed Rentals,2019-06-01,118.128
EUA,4.2.2,Other Imputed Rentals,2019-07-01,118.412
EUA,4.2.2,Other Imputed Rentals,2019-08-01,118.778
EUA,4.2.2,Other Imputed Rentals,2019-09-01,119.104
EUA,4.2.2,Other Imputed Rentals,2019-10-01,119.399
EUA,4.2.2,Other Imputed Rentals,2019-11-01,119.769
EUA,4.2.2,Other Imputed Rentals,2019-12-01,120.048
EUA,4.2.2,Other Imputed Rentals,2020-01-01,120.402
EUA,4.2.2,Other Imputed Rentals,2020-02-01,120.639
EUA,4.2.2,Other Imputed Rentals,2020-03-01,120.909
EUA,4.2.2,Other Imputed Rentals,2020-04-01,121.131
EUA,4.2.2,Other Imputed Rentals,2020-05-01,121.384
EUA,4.2.2,Other Imputed Rentals,2020-06-01,121.551
EUA,4.2.2,Other Imputed Rentals,2020-07-01,121.812
EUA,4.2.2,Other Imputed Rentals,2020-08-01,122.051
EUA,4.2.2,Other Imputed Rentals,2020-09-01,122.185
EUA,4.2.2,Other Imputed Rentals,2020-10-01,122.49
EUA,4.2.2,Other Imputed Rentals,2020-11-01,122.623
EUA,4.2.2,Other Imputed Rentals,2020-12-01,122.768
EUA,4.2.2,Other Imputed Rentals,2021-01-01,122.922
EUA,4.2.2,Other Imputed Rentals,2021-02-01,123.192
EUA,4.2.2,Other Imputed Rentals,2021-03-01,123.456
EUA,4.2.2,Other Imputed Rentals,2021-04-01,123.692
EUA,4.2.2,Other Imputed Rentals,2021-05-01,124.044
EUA,4.2.2,Other Imputed Rentals,2021-06-01,124.473
EUA,4.2.2,Other Imputed Rentals,2021-07-01,124.858
EUA,4.2.2,Other Imputed Rentals,2021-08-01,125.23
EUA,4.2.2,Other Imputed Rentals,2021-09-01,125.801
EUA,4.2.2,Other Imputed Rentals,2021-10-01,126.438
EUA,4.2.2,Other Imputed Rentals,2021-11-01,127.055
EUA,4.2.2,Other Imputed Rentals,2021-12-01,127.587
EUA,4.2.2,Other Imputed Rentals,2022-01-01,128.093
EUA,4.2.2,Other Imputed Rentals,2022-02-01,128.638
EUA,4.2.2,Other Imputed Rentals,2022-03-01,129.152
EUA,4.2.2,Other Imputed Rentals,2022-04-01,129.642
EUA,4.2.2,Other Imputed Rentals,2022-05-01,130.342
EUA,4.2.2,Other Imputed Rentals,2022-06-01,131.203
EUA,4.2.2,Other Imputed Rentals,2022-07-01,131.955
EUA,4.2.2,Other Imputed Rentals,2022-08-01,132.9
EUA,4.2.2,Other Imputed Rentals,2022-09-01,133.935
EUA,4.2.2,Other Imputed Rentals,2022-10-01,134.833
EUA,4.2.2,Other Imputed Rentals,2022-11-01,135.723
EUA,4.2.2,Other Imputed Rentals,2022-12-01,136.732
EUA,4.2.2,Other Imputed Rentals,2023-01-01,137.593
EUA,4.2.2,Other Imputed Rentals,2023-02-01,138.52
EUA,4.2.2,Other Imputed Rentals,2023-03-01,139.119
EUA,4.2.2,Other Imputed Rentals,2023-04-01,139.731
EUA,4.2.2,Other Imputed Rentals,2023-05-01,140.403
EUA,4.2.2,Other Imputed Rentals,2023-06-01,141.129
EUA,4.2.2,Other Imputed Rentals,2023-07-01,141.903
EUA,4.2.2,Other Imputed Rentals,2023-08-01,142.545
EUA,4.2.2,Other Imputed Rentals,2023-09-01,143.347
EUA,4.2.2,Other Imputed Rentals,2023-10-01,144.062
EUA,4.2.2,Other Imputed Rentals,2023-11-01,144.868
EUA,4.2.2,Other Imputed Rentals,2023-12-01,145.523
EUA,4.2.2,Other Imputed Rentals,2024-01-01,146.303
EUA,4.2.2,Other Imputed Rentals,2024-02-01,146.971
EUA,4.2.2,Other Imputed Rentals,2024-03-01,147.525
EUA,4.2.2,Other Imputed Rentals,2024-04-01,148.034
EUA,4.2.2,Other Imputed Rentals,2024-05-01,148.689
EUA,4.2.2,Other Imputed Rentals,2024-06-01,149.194
EUA,4.2.2,Other Imputed Rentals,2024-07-01,149.745
EUA,4.2.2,Other Imputed Rentals,2024-08-01,150.482
EUA,4.2.2,Other Imputed Rentals,2024-09-01,151.146
EUA,4.2.2,Other Imputed Rentals,2024-10-01,151.904
EUA,4.2.2,Other Imputed Rentals,2024-11-01,152.36
EUA,4.2.2,Other Imputed Rentals,2024-12-01,152.845
EUA,4.3,Maintenance And Repairs Of The Dwellings,2013-12-01,100.0
EUA,4.3,Maintenance And Repairs Of The Dwellings,2014-01-01,100.234
EUA,4.3,Maintenance And Repairs Of The Dwellings,2014-02-01,100.658
EUA,4.3,Maintenance And Repairs Of The Dwellings,2014-03-01,100.547
EUA,4.3,Maintenance And Repairs Of The Dwellings,2014-04-01,100.278
EUA,4.3,Maintenance And Repairs Of The Dwellings,2014-05-01,100.496
EUA,4.3,Maintenance And Repairs Of The Dwellings,2014-06-01,100.367
EUA,4.3,Maintenance And Repairs Of The Dwellings,2014-07-01,101.04
EUA,4.3,Maintenance And Repairs Of The Dwellings,2014-08-01,101.05
EUA,4.3,Maintenance And Repairs Of The Dwellings,2014-09-01,101.334
EUA,4.3,Maintenance And Repairs Of The Dwellings,2014-10-01,101.727
EUA,4.3,Maintenance And Repairs Of The Dwellings,2014-11-01,101.66
EUA,4.3,Maintenance And Repairs Of The Dwellings,2014-12-01,102.055
EUA,4.3,Maintenance And Repairs Of The Dwellings,2015-01-01,102.225
EUA,4.3,Maintenance And Repairs Of The Dwellings,2015-02-01,102.46
EUA,4.3,Maintenance And Repairs Of The Dwellings,2015-03-01,102.481
EUA,4.3,Maintenance And Repairs Of The Dwellings,2015-04-01,102.615
EUA,4.3,Maintenance And Repairs Of The Dwellings,2015-05-01,102.686
EUA,4.3,Maintenance And Repairs Of The Dwellings,2015-06-01,103.324
EUA,4.3,Maintenance And Repairs Of The Dwellings,2015-07-01,102.67
EUA,4.3,Maintenance And Repairs Of The Dwellings,2015-08-01,102.423
EUA,4.3,Maintenance And Repairs Of The Dwellings,2015-09-01,102.563
EUA,4.3,Maintenance And Repairs Of The Dwellings,2015-10-01,103.081
EUA,4.3,Maintenance And Repairs Of The Dwellings,2015-11-01,103.245
EUA,4.3,Maintenance And Repairs Of The Dwellings,2015-12-01,102.841
EUA,4.3,Maintenance And Repairs Of The Dwellings,2016-01-01,102.853
EUA,4.3,Maintenance And Repairs Of The Dwellings,2016-02-01,103.602
EUA,4.3,Maintenance And Repairs Of The Dwellings,2016-03-01,103.751
EUA,4.3,Maintenance And Repairs Of The Dwellings,2016-04-01,102.702
EUA,4.3,Maintenance And Repairs Of The Dwellings,2016-05-01,103.436
EUA,4.3,Maintenance And Repairs Of The Dwellings,2016-06-01,103.647
EUA,4.3,Maintenance And Repairs Of The Dwellings,2016-07-01,103.678
EUA,4.3,Maintenance And Repairs Of The Dwellings,2016-08-01,103.483
EUA,4.3,Maintenance And Repairs Of The Dwellings,2016-09-01,103.516
EUA,4.3,Maintenance And Repairs Of The Dwellings,2016-10-01,104.377
EUA,4.3,Maintenance And Repairs Of The Dwellings,2016-11-01,104.818
EUA,4.3,Maintenance And Repairs Of The Dwellings,2016-12-01,105.643
EUA,4.3,Maintenance And Repairs Of The Dwellings,2017-01-01,105.589
EUA,4.3,Maintenance And Repairs Of The Dwellings,2017-02-01,105.762
EUA,4.3,Maintenance And Repairs Of The Dwellings,2017-03-01,106.553
EUA,4.3,Maintenance And Repairs Of The Dwellings,2017-04-01,106.754
EUA,4.3,Maintenance And Repairs Of The Dwellings,2017-05-01,107.549
EUA,4.3,Maintenance And Repairs Of The Dwellings,2017-06-01,107.864
EUA,4.3,Maintenance And Repairs Of The Dwellings,2017-07-01,107.826
EUA,4.3,Maintenance And Repairs Of The Dwellings,2017-08-01,107.405
EUA,4.3,Maintenance And Repairs Of The Dwellings,2017-09-01,107.277
EUA,4.3,Maintenance And Repairs Of The Dwellings,2017-10-01,107.357
EUA,4.3,Maintenance And Repairs Of The Dwellings,2017-11-01,107.475
EUA,4.3,Maintenance And Repairs Of The Dwellings,2017-12-01,107.932
EUA,4.3,Maintenance And Repairs Of The Dwellings,2018-01-01,108.186
EUA,4.3,Maintenance And Repairs Of The Dwellings,2018-02-01,111.911
EUA,4.3,Maintenance And Repairs Of The Dwellings,2018-03-01,112.027
EUA,4.3,Maintenance And Repairs Of The Dwellings,2018-04-01,112.079
EUA,4.3,Maintenance And Repairs Of The Dwellings,2018-05-01,111.758
EUA,4.3,Maintenance And Repairs Of The Dwellings,2018-06-01,111.798
EUA,4.3,Maintenance And Repairs Of The Dwellings,2018-07-01,112.475
EUA,4.3,Maintenance And Repairs Of The Dwellings,2018-08-01,110.526
EUA,4.3,Maintenance And Repairs Of The Dwellings,2018-09-01,110.651
EUA,4.3,Maintenance And Repairs Of The Dwellings,2018-10-01,110.247
EUA,4.3,Maintenance And Repairs Of The Dwellings,2018-11-01,110.108
EUA,4.3,Maintenance And Repairs Of The Dwellings,2018-12-01,111.441
EUA,4.3,Maintenance And Repairs Of The Dwellings,2019-01-01,112.674
EUA,4.3,Maintenance And Repairs Of The Dwellings,2019-02-01,112.839
EUA,4.3,Maintenance And Repairs Of The Dwellings,2019-03-01,112.622
EUA,4.3,Maintenance And Repairs Of The Dwellings,2019-04-01,116.882
EUA,4.3,Maintenance And Repairs Of The Dwellings,2019-05-01,116.798
EUA,4.3,Maintenance And Repairs Of The Dwellings,2019-06-01,118.615
EUA,4.3,Maintenance And Repairs Of The Dwellings,2019-07-01,117.746
EUA,4.3,Maintenance And Repairs Of The Dwellings,2019-08-01,117.529
EUA,4.3,Maintenance And Repairs Of The Dwellings,2019-09-01,116.386
EUA,4.3,Maintenance And Repairs Of The Dwellings,2019-10-01,116.522
EUA,4.3,Maintenance And Repairs Of The Dwellings,2019-11-01,116.211
EUA,4.3,Maintenance And Repairs Of The Dwellings,2019-12-01,116.082
EUA,4.3,Maintenance And Repairs Of The Dwellings,2020-01-01,116.713
EUA,4.3,Maintenance And Repairs Of The Dwellings,2020-02-01,116.748
EUA,4.3,Maintenance And Repairs Of The Dwellings,2020-03-01,116.965
EUA,4.3,Maintenance And Repairs Of The Dwellings,2020-04-01,117.317
EUA,4.3,Maintenance And Repairs Of The Dwellings,2020-05-01,116.449
EUA,4.3,Maintenance And Repairs Of The Dwellings,2020-06-01,116.798
EUA,4.3,Maintenance And Repairs Of The Dwellings,2020-07-01,116.83
EUA,4.3,Maintenance And Repairs Of The Dwellings,2020-08-01,116.971
EUA,4.3,Maintenance And Repairs Of The Dwellings,2020-09-01,117.533
EUA,4.3,Maintenance And Repairs Of The Dwellings,2020-10-01,117.502
EUA,4.3,Maintenance And Repairs Of The Dwellings,2020-11-01,117.359
EUA,4.3,Maintenance And Repairs Of The Dwellings,2020-12-01,118.069
EUA,4.3,Maintenance And Repairs Of The Dwellings,2021-01-01,117.679
EUA,4.3,Maintenance And Repairs Of The Dwellings,2021-02-01,118.628
EUA,4.3,Maintenance And Repairs Of The Dwellings,2021-03-01,119.316
EUA,4.3,Maintenance And Repairs Of The Dwellings,2021-04-01,121.054
EUA,4.3,Maintenance And Repairs Of The Dwellings,2021-05-01,121.673
EUA,4.3,Maintenance And Repairs Of The Dwellings,2021-06-01,121.851
EUA,4.3,Maintenance And Repairs Of The Dwellings,2021-07-01,122.322
EUA,4.3,Maintenance And Repairs Of The Dwellings,2021-08-01,122.737
EUA,4.3,Maintenance And Repairs Of The Dwellings,2021-09-01,123.122
EUA,4.3,Maintenance And Repairs Of The Dwellings,2021-10-01,126.012
EUA,4.3,Maintenance And Repairs Of The Dwellings,2021-11-01,129.215
EUA,4.3,Maintenance And Repairs Of The Dwellings,2021-12-01,129.623
EUA,4.3,Maintenance And Repairs Of The Dwellings,2022-01-01,131.96
EUA,4.3,Maintenance And Repairs Of The Dwellings,2022-02-01,131.482
EUA,4.3,Maintenance And Repairs Of The Dwellings,2022-03-01,132.071
EUA,4.3,Maintenance And Repairs Of The Dwellings,2022-04-01,133.185
EUA,4.3,Maintenance And Repairs Of The Dwellings,2022-05-01,134.234
EUA,4.3,Maintenance And Repairs Of The Dwellings,2022-06-01,132.417
EUA,4.3,Maintenance And Repairs Of The Dwellings,2022-07-01,132.858
EUA,4.3,Maintenance And Repairs Of The Dwellings,2022-08-01,133.643
EUA,4.3,Maintenance And Repairs Of The Dwellings,2022-09-01,135.549
EUA,4.3,Maintenance And Repairs Of The Dwellings,2022-10-01,136.542
EUA,4.3,Maintenance And Repairs Of The Dwellings,2022-11-01,137.425
EUA,4.3,Maintenance And Repairs Of The Dwellings,2022-12-01,141.061
EUA,4.3,Maintenance And Repairs Of The Dwellings,2023-01-01,140.078
EUA,4.3,Maintenance And Repairs Of The Dwellings,2023-02-01,142.204
EUA,4.3,Maintenance And Repairs Of The Dwellings,2023-03-01,142.358
EUA,4.3,Maintenance And Repairs Of The Dwellings,2023-04-01,146.917
EUA,4.3,Maintenance And Repairs Of The Dwellings,2023-05-01,146.623
EUA,4.3,Maintenance And Repairs Of The Dwellings,2023-06-01,146.525
EUA,4.3,Maintenance And Repairs Of The Dwellings,2023-07-01,153.954
EUA,4.3,Maintenance And Repairs Of The Dwellings,2023-08-01,151.728
EUA,4.3,Maintenance And Repairs Of The Dwellings,2023-09-01,153.692
EUA,4.3,Maintenance And Repairs Of The Dwellings,2023-10-01,153.4
EUA,4.3,Maintenance And Repairs Of The Dwellings,2023-11-01,154.034
EUA,4.3,Maintenance And Repairs Of The Dwellings,2023-12-01,153.868
EUA,4.3,Maintenance And Repairs Of The Dwellings,2024-01-01,153.832
EUA,4.3,Maintenance And Repairs Of The Dwellings,2024-02-01,153.832
EUA,4.3,Maintenance And Repairs Of The Dwellings,2024-03-01,155.216
EUA,4.3,Maintenance And Repairs Of The Dwellings,2024-04-01,155.325
EUA,4.3,Maintenance And Repairs Of The Dwellings,2024-05-01,152.806
EUA,4.3,Maintenance And Repairs Of The Dwellings,2024-06-01,153.758
EUA,4.3,Maintenance And Repairs Of The Dwellings,2024-07-01,157.19
EUA,4.3,Maintenance And Repairs Of The Dwellings,2024-08-01,156.984
EUA,4.3,Maintenance And Repairs Of The Dwellings,2024-09-01,155.8
EUA,4.3,Maintenance And Repairs Of The Dwellings,2024-10-01,156.242
EUA,4.3,Maintenance And Repairs Of The Dwellings,2024-11-01,158.05
EUA,4.3,Maintenance And Repairs Of The Dwellings,2024-12-01,156.566
EUA,4.3.1,Materials for the Maintenance and Repair of the Dwelling,2013-12-01,100.0
EUA,4.3.1,Materials for the Maintenance and Repair of the Dwelling,2014-01-01,100.636
EUA,4.3.1,Materials for the Maintenance and Repair of the Dwelling,2014-02-01,101.398
EUA,4.3.1,Materials for the Maintenance and Repair of the Dwelling,2014-03-01,101.242
EUA,4.3.1,Materials for the Maintenance and Repair of the Dwelling,2014-04-01,100.708
EUA,4.3.1,Materials for the Maintenance and Repair of the Dwelling,2014-05-01,100.4
EUA,4.3.1,Materials for the Maintenance and Repair of the Dwelling,2014-06-01,100.112
EUA,4.3.1,Materials for the Maintenance and Repair of the Dwelling,2014-07-01,99.89
EUA,4.3.1,Materials for the Maintenance and Repair of the Dwelling,2014-08-01,99.85
EUA,4.3.1,Materials for the Maintenance and Repair of the Dwelling,2014-09-01,100.004
EUA,4.3.1,Materials for the Maintenance and Repair of the Dwelling,2014-10-01,100.314
EUA,4.3.1,Materials for the Maintenance and Repair of the Dwelling,2014-11-01,100.106
EUA,4.3.1,Materials for the Maintenance and Repair of the Dwelling,2014-12-01,100.141
EUA,4.3.1,Materials for the Maintenance and Repair of the Dwelling,2015-01-01,100.16
EUA,4.3.1,Materials for the Maintenance and Repair of the Dwelling,2015-02-01,100.592
EUA,4.3.1,Materials for the Maintenance and Repair of the Dwelling,2015-03-01,100.666
EUA,4.3.1,Materials for the Maintenance and Repair of the Dwelling,2015-04-01,100.903
EUA,4.3.1,Materials for the Maintenance and Repair of the Dwelling,2015-05-01,101.034
EUA,4.3.1,Materials for the Maintenance and Repair of the Dwelling,2015-06-01,100.668
EUA,4.3.1,Materials for the Maintenance and Repair of the Dwelling,2015-07-01,100.072
EUA,4.3.1,Materials for the Maintenance and Repair of the Dwelling,2015-08-01,99.563
EUA,4.3.1,Materials for the Maintenance and Repair of the Dwelling,2015-09-01,99.689
EUA,4.3.1,Materials for the Maintenance and Repair of the Dwelling,2015-10-01,100.212
EUA,4.3.1,Materials for the Maintenance and Repair of the Dwelling,2015-11-01,99.649
EUA,4.3.1,Materials for the Maintenance and Repair of the Dwelling,2015-12-01,99.218
EUA,4.3.1,Materials for the Maintenance and Repair of the Dwelling,2016-01-01,99.367
EUA,4.3.1,Materials for the Maintenance and Repair of the Dwelling,2016-02-01,99.65
EUA,4.3.1,Materials for the Maintenance and Repair of the Dwelling,2016-03-01,99.815
EUA,4.3.1,Materials for the Maintenance and Repair of the Dwelling,2016-04-01,99.3
EUA,4.3.1,Materials for the Maintenance and Repair of the Dwelling,2016-05-01,99.069
EUA,4.3.1,Materials for the Maintenance and Repair of the Dwelling,2016-06-01,99.241
EUA,4.3.1,Materials for the Maintenance and Repair of the Dwelling,2016-07-01,99.198
EUA,4.3.1,Materials for the Maintenance and Repair of the Dwelling,2016-08-01,98.572
EUA,4.3.1,Materials for the Maintenance and Repair of the Dwelling,2016-09-01,98.588
EUA,4.3.1,Materials for the Maintenance and Repair of the Dwelling,2016-10-01,98.532
EUA,4.3.1,Materials for the Maintenance and Repair of the Dwelling,2016-11-01,98.565
EUA,4.3.1,Materials for the Maintenance and Repair of the Dwelling,2016-12-01,98.579
EUA,4.3.1,Materials for the Maintenance and Repair of the Dwelling,2017-01-01,98.705
EUA,4.3.1,Materials for the Maintenance and Repair of the Dwelling,2017-02-01,98.718
EUA,4.3.1,Materials for the Maintenance and Repair of the Dwelling,2017-03-01,98.894
EUA,4.3.1,Materials for the Maintenance and Repair of the Dwelling,2017-04-01,99.0
EUA,4.3.1,Materials for the Maintenance and Repair of the Dwelling,2017-05-01,99.213
EUA,4.3.1,Materials for the Maintenance and Repair of the Dwelling,2017-06-01,98.935
EUA,4.3.1,Materials for the Maintenance and Repair of the Dwelling,2017-07-01,98.48
EUA,4.3.1,Materials for the Maintenance and Repair of the Dwelling,2017-08-01,97.906
EUA,4.3.1,Materials for the Maintenance and Repair of the Dwelling,2017-09-01,97.353
EUA,4.3.1,Materials for the Maintenance and Repair of the Dwelling,2017-10-01,97.718
EUA,4.3.1,Materials for the Maintenance and Repair of the Dwelling,2017-11-01,97.999
EUA,4.3.1,Materials for the Maintenance and Repair of the Dwelling,2017-12-01,97.371
EUA,4.3.1,Materials for the Maintenance and Repair of the Dwelling,2018-01-01,97.966
EUA,4.3.1,Materials for the Maintenance and Repair of the Dwelling,2018-02-01,98.778
EUA,4.3.1,Materials for the Maintenance and Repair of the Dwelling,2018-03-01,99.057
EUA,4.3.1,Materials for the Maintenance and Repair of the Dwelling,2018-04-01,99.128
EUA,4.3.1,Materials for the Maintenance and Repair of the Dwelling,2018-05-01,98.292
EUA,4.3.1,Materials for the Maintenance and Repair of the Dwelling,2018-06-01,98.292
EUA,4.3.1,Materials for the Maintenance and Repair of the Dwelling,2018-07-01,98.461
EUA,4.3.1,Materials for the Maintenance and Repair of the Dwelling,2018-08-01,97.991
EUA,4.3.1,Materials for the Maintenance and Repair of the Dwelling,2018-09-01,97.943
EUA,4.3.1,Materials for the Maintenance and Repair of the Dwelling,2018-10-01,98.038
EUA,4.3.1,Materials for the Maintenance and Repair of the Dwelling,2018-11-01,97.733
EUA,4.3.1,Materials for the Maintenance and Repair of the Dwelling,2018-12-01,98.493
EUA,4.3.1,Materials for the Maintenance and Repair of the Dwelling,2019-01-01,99.489
EUA,4.3.1,Materials for the Maintenance and Repair of the Dwelling,2019-02-01,100.533
EUA,4.3.1,Materials for the Maintenance and Repair of the Dwelling,2019-03-01,100.073
EUA,4.3.1,Materials for the Maintenance and Repair of the Dwelling,2019-04-01,99.379
EUA,4.3.1,Materials for the Maintenance and Repair of the Dwelling,2019-05-01,99.406
EUA,4.3.1,Materials for the Maintenance and Repair of the Dwelling,2019-06-01,99.567
EUA,4.3.1,Materials for the Maintenance and Repair of the Dwelling,2019-07-01,99.891
EUA,4.3.1,Materials for the Maintenance and Repair of the Dwelling,2019-08-01,100.173
EUA,4.3.1,Materials for the Maintenance and Repair of the Dwelling,2019-09-01,100.654
EUA,4.3.1,Materials for the Maintenance and Repair of the Dwelling,2019-10-01,100.481
EUA,4.3.1,Materials for the Maintenance and Repair of the Dwelling,2019-11-01,99.19
EUA,4.3.1,Materials for the Maintenance and Repair of the Dwelling,2019-12-01,99.09
EUA,4.3.1,Materials for the Maintenance and Repair of the Dwelling,2020-01-01,99.789
EUA,4.3.1,Materials for the Maintenance and Repair of the Dwelling,2020-02-01,100.292
EUA,4.3.1,Materials for the Maintenance and Repair of the Dwelling,2020-03-01,100.628
EUA,4.3.1,Materials for the Maintenance and Repair of the Dwelling,2020-04-01,101.036
EUA,4.3.1,Materials for the Maintenance and Repair of the Dwelling,2020-05-01,101.235
EUA,4.3.1,Materials for the Maintenance and Repair of the Dwelling,2020-06-01,101.993
EUA,4.3.1,Materials for the Maintenance and Repair of the Dwelling,2020-07-01,102.031
EUA,4.3.1,Materials for the Maintenance and Repair of the Dwelling,2020-08-01,102.139
EUA,4.3.1,Materials for the Maintenance and Repair of the Dwelling,2020-09-01,102.718
EUA,4.3.1,Materials for the Maintenance and Repair of the Dwelling,2020-10-01,102.79
EUA,4.3.1,Materials for the Maintenance and Repair of the Dwelling,2020-11-01,102.469
EUA,4.3.1,Materials for the Maintenance and Repair of the Dwelling,2020-12-01,102.63
EUA,4.3.1,Materials for the Maintenance and Repair of the Dwelling,2021-01-01,101.635
EUA,4.3.1,Materials for the Maintenance and Repair of the Dwelling,2021-02-01,102.432
EUA,4.3.1,Materials for the Maintenance and Repair of the Dwelling,2021-03-01,103.257
EUA,4.3.1,Materials for the Maintenance and Repair of the Dwelling,2021-04-01,103.162
EUA,4.3.1,Materials for the Maintenance and Repair of the Dwelling,2021-05-01,104.31
EUA,4.3.1,Materials for the Maintenance and Repair of the Dwelling,2021-06-01,104.743
EUA,4.3.1,Materials for the Maintenance and Repair of the Dwelling,2021-07-01,104.609
EUA,4.3.1,Materials for the Maintenance and Repair of the Dwelling,2021-08-01,105.454
EUA,4.3.1,Materials for the Maintenance and Repair of the Dwelling,2021-09-01,106.164
EUA,4.3.1,Materials for the Maintenance and Repair of the Dwelling,2021-10-01,108.447
EUA,4.3.1,Materials for the Maintenance and Repair of the Dwelling,2021-11-01,109.207
EUA,4.3.1,Materials for the Maintenance and Repair of the Dwelling,2021-12-01,109.701
EUA,4.3.1,Materials for the Maintenance and Repair of the Dwelling,2022-01-01,111.976
EUA,4.3.1,Materials for the Maintenance and Repair of the Dwelling,2022-02-01,112.777
EUA,4.3.1,Materials for the Maintenance and Repair of the Dwelling,2022-03-01,113.662
EUA,4.3.1,Materials for the Maintenance and Repair of the Dwelling,2022-04-01,114.139
EUA,4.3.1,Materials for the Maintenance and Repair of the Dwelling,2022-05-01,115.682
EUA,4.3.1,Materials for the Maintenance and Repair of the Dwelling,2022-06-01,115.368
EUA,4.3.1,Materials for the Maintenance and Repair of the Dwelling,2022-07-01,115.406
EUA,4.3.1,Materials for the Maintenance and Repair of the Dwelling,2022-08-01,116.973
EUA,4.3.1,Materials for the Maintenance and Repair of the Dwelling,2022-09-01,118.811
EUA,4.3.1,Materials for the Maintenance and Repair of the Dwelling,2022-10-01,120.367
EUA,4.3.1,Materials for the Maintenance and Repair of the Dwelling,2022-11-01,120.882
EUA,4.3.1,Materials for the Maintenance and Repair of the Dwelling,2022-12-01,121.933
EUA,4.3.1,Materials for the Maintenance and Repair of the Dwelling,2023-01-01,123.121
EUA,4.3.1,Materials for the Maintenance and Repair of the Dwelling,2023-02-01,124.469
EUA,4.3.1,Materials for the Maintenance and Repair of the Dwelling,2023-03-01,125.011
EUA,4.3.1,Materials for the Maintenance and Repair of the Dwelling,2023-04-01,124.633
EUA,4.3.1,Materials for the Maintenance and Repair of the Dwelling,2023-05-01,123.963
EUA,4.3.1,Materials for the Maintenance and Repair of the Dwelling,2023-06-01,123.739
EUA,4.3.1,Materials for the Maintenance and Repair of the Dwelling,2023-07-01,122.861
EUA,4.3.1,Materials for the Maintenance and Repair of the Dwelling,2023-08-01,123.69
EUA,4.3.1,Materials for the Maintenance and Repair of the Dwelling,2023-09-01,124.403
EUA,4.3.1,Materials for the Maintenance and Repair of the Dwelling,2023-10-01,123.66
EUA,4.3.1,Materials for the Maintenance and Repair of the Dwelling,2023-11-01,122.811
EUA,4.3.1,Materials for the Maintenance and Repair of the Dwelling,2023-12-01,122.298
EUA,4.3.1,Materials for the Maintenance and Repair of the Dwelling,2024-01-01,121.274
EUA,4.3.1,Materials for the Maintenance and Repair of the Dwelling,2024-02-01,121.257
EUA,4.3.1,Materials for the Maintenance and Repair of the Dwelling,2024-03-01,121.395
EUA,4.3.1,Materials for the Maintenance and Repair of the Dwelling,2024-04-01,120.937
EUA,4.3.1,Materials for the Maintenance and Repair of the Dwelling,2024-05-01,121.158
EUA,4.3.1,Materials for the Maintenance and Repair of the Dwelling,2024-06-01,120.69
EUA,4.3.1,Materials for the Maintenance and Repair of the Dwelling,2024-07-01,120.836
EUA,4.3.1,Materials for the Maintenance and Repair of the Dwelling,2024-08-01,120.423
EUA,4.3.1,Materials for the Maintenance and Repair of the Dwelling,2024-09-01,119.659
EUA,4.3.1,Materials for the Maintenance and Repair of the Dwelling,2024-10-01,120.022
EUA,4.3.1,Materials for the Maintenance and Repair of the Dwelling,2024-11-01,120.346
EUA,4.3.1,Materials for the Maintenance and Repair of the Dwelling,2024-12-01,119.885
EUA,4.3.2,Services for the Maintenance and Repair of the Dwelling,2013-12-01,100.0
EUA,4.3.2,Services for the Maintenance and Repair of the Dwelling,2014-01-01,99.846
EUA,4.3.2,Services for the Maintenance and Repair of the Dwelling,2014-02-01,99.945
EUA,4.3.2,Services for the Maintenance and Repair of the Dwelling,2014-03-01,99.877
EUA,4.3.2,Services for the Maintenance and Repair of the Dwelling,2014-04-01,99.864
EUA,4.3.2,Services for the Maintenance and Repair of the Dwelling,2014-05-01,100.591
EUA,4.3.2,Services for the Maintenance and Repair of the Dwelling,2014-06-01,100.616
EUA,4.3.2,Services for the Maintenance and Repair of the Dwelling,2014-07-01,102.153
EUA,4.3.2,Services for the Maintenance and Repair of the Dwelling,2014-08-01,102.211
EUA,4.3.2,Services for the Maintenance and Repair of the Dwelling,2014-09-01,102.621
EUA,4.3.2,Services for the Maintenance and Repair of the Dwelling,2014-10-01,103.095
EUA,4.3.2,Services for the Maintenance and Repair of the Dwelling,2014-11-01,103.165
EUA,4.3.2,Services for the Maintenance and Repair of the Dwelling,2014-12-01,103.909
EUA,4.3.2,Services for the Maintenance and Repair of the Dwelling,2015-01-01,104.225
EUA,4.3.2,Services for the Maintenance and Repair of the Dwelling,2015-02-01,104.271
EUA,4.3.2,Services for the Maintenance and Repair of the Dwelling,2015-03-01,104.241
EUA,4.3.2,Services for the Maintenance and Repair of the Dwelling,2015-04-01,104.276
EUA,4.3.2,Services for the Maintenance and Repair of the Dwelling,2015-05-01,104.288
EUA,4.3.2,Services for the Maintenance and Repair of the Dwelling,2015-06-01,105.895
EUA,4.3.2,Services for the Maintenance and Repair of the Dwelling,2015-07-01,105.185
EUA,4.3.2,Services for the Maintenance and Repair of the Dwelling,2015-08-01,105.191
EUA,4.3.2,Services for the Maintenance and Repair of the Dwelling,2015-09-01,105.345
EUA,4.3.2,Services for the Maintenance and Repair of the Dwelling,2015-10-01,105.857
EUA,4.3.2,Services for the Maintenance and Repair of the Dwelling,2015-11-01,106.722
EUA,4.3.2,Services for the Maintenance and Repair of the Dwelling,2015-12-01,106.344
EUA,4.3.2,Services for the Maintenance and Repair of the Dwelling,2016-01-01,106.26
EUA,4.3.2,Services for the Maintenance and Repair of the Dwelling,2016-02-01,107.344
EUA,4.3.2,Services for the Maintenance and Repair of the Dwelling,2016-03-01,107.483
EUA,4.3.2,Services for the Maintenance and Repair of the Dwelling,2016-04-01,106.048
EUA,4.3.2,Services for the Maintenance and Repair of the Dwelling,2016-05-01,107.468
EUA,4.3.2,Services for the Maintenance and Repair of the Dwelling,2016-06-01,107.707
EUA,4.3.2,Services for the Maintenance and Repair of the Dwelling,2016-07-01,107.791
EUA,4.3.2,Services for the Maintenance and Repair of the Dwelling,2016-08-01,107.898
EUA,4.3.2,Services for the Maintenance and Repair of the Dwelling,2016-09-01,107.943
EUA,4.3.2,Services for the Maintenance and Repair of the Dwelling,2016-10-01,109.459
EUA,4.3.2,Services for the Maintenance and Repair of the Dwelling,2016-11-01,110.19
EUA,4.3.2,Services for the Maintenance and Repair of the Dwelling,2016-12-01,111.594
EUA,4.3.2,Services for the Maintenance and Repair of the Dwelling,2017-01-01,111.412
EUA,4.3.2,Services for the Maintenance and Repair of the Dwelling,2017-02-01,111.698
EUA,4.3.2,Services for the Maintenance and Repair of the Dwelling,2017-03-01,112.929
EUA,4.3.2,Services for the Maintenance and Repair of the Dwelling,2017-04-01,113.2
EUA,4.3.2,Services for the Maintenance and Repair of the Dwelling,2017-05-01,114.412
EUA,4.3.2,Services for the Maintenance and Repair of the Dwelling,2017-06-01,115.147
EUA,4.3.2,Services for the Maintenance and Repair of the Dwelling,2017-07-01,115.402
EUA,4.3.2,Services for the Maintenance and Repair of the Dwelling,2017-08-01,115.084
EUA,4.3.2,Services for the Maintenance and Repair of the Dwelling,2017-09-01,115.254
EUA,4.3.2,Services for the Maintenance and Repair of the Dwelling,2017-10-01,115.134
EUA,4.3.2,Services for the Maintenance and Repair of the Dwelling,2017-11-01,115.139
EUA,4.3.2,Services for the Maintenance and Repair of the Dwelling,2017-12-01,116.361
EUA,4.3.2,Services for the Maintenance and Repair of the Dwelling,2018-01-01,116.379
EUA,4.3.2,Services for the Maintenance and Repair of the Dwelling,2018-02-01,122.184
EUA,4.3.2,Services for the Maintenance and Repair of the Dwelling,2018-03-01,122.185
EUA,4.3.2,Services for the Maintenance and Repair of the Dwelling,2018-04-01,122.224
EUA,4.3.2,Services for the Maintenance and Repair of the Dwelling,2018-05-01,122.262
EUA,4.3.2,Services for the Maintenance and Repair of the Dwelling,2018-06-01,122.331
EUA,4.3.2,Services for the Maintenance and Repair of the Dwelling,2018-07-01,123.37
EUA,4.3.2,Services for the Maintenance and Repair of the Dwelling,2018-08-01,120.365
EUA,4.3.2,Services for the Maintenance and Repair of the Dwelling,2018-09-01,120.612
EUA,4.3.2,Services for the Maintenance and Repair of the Dwelling,2018-10-01,119.855
EUA,4.3.2,Services for the Maintenance and Repair of the Dwelling,2018-11-01,119.832
EUA,4.3.2,Services for the Maintenance and Repair of the Dwelling,2018-12-01,121.579
EUA,4.3.2,Services for the Maintenance and Repair of the Dwelling,2019-01-01,122.991
EUA,4.3.2,Services for the Maintenance and Repair of the Dwelling,2019-02-01,122.54
EUA,4.3.2,Services for the Maintenance and Repair of the Dwelling,2019-03-01,122.491
EUA,4.3.2,Services for the Maintenance and Repair of the Dwelling,2019-04-01,130.266
EUA,4.3.2,Services for the Maintenance and Repair of the Dwelling,2019-05-01,130.104
EUA,4.3.2,Services for the Maintenance and Repair of the Dwelling,2019-06-01,133.1
EUA,4.3.2,Services for the Maintenance and Repair of the Dwelling,2019-07-01,131.387
EUA,4.3.2,Services for the Maintenance and Repair of the Dwelling,2019-08-01,130.817
EUA,4.3.2,Services for the Maintenance and Repair of the Dwelling,2019-09-01,128.524
EUA,4.3.2,Services for the Maintenance and Repair of the Dwelling,2019-10-01,128.878
EUA,4.3.2,Services for the Maintenance and Repair of the Dwelling,2019-11-01,129.252
EUA,4.3.2,Services for the Maintenance and Repair of the Dwelling,2019-12-01,129.1
EUA,4.3.2,Services for the Maintenance and Repair of the Dwelling,2020-01-01,129.677
EUA,4.3.2,Services for the Maintenance and Repair of the Dwelling,2020-02-01,129.343
EUA,4.3.2,Services for the Maintenance and Repair of the Dwelling,2020-03-01,129.465
EUA,4.3.2,Services for the Maintenance and Repair of the Dwelling,2020-04-01,129.77
EUA,4.3.2,Services for the Maintenance and Repair of the Dwelling,2020-05-01,128.064
EUA,4.3.2,Services for the Maintenance and Repair of the Dwelling,2020-06-01,128.089
EUA,4.3.2,Services for the Maintenance and Repair of the Dwelling,2020-07-01,128.116
EUA,4.3.2,Services for the Maintenance and Repair of the Dwelling,2020-08-01,128.282
EUA,4.3.2,Services for the Maintenance and Repair of the Dwelling,2020-09-01,128.829
EUA,4.3.2,Services for the Maintenance and Repair of the Dwelling,2020-10-01,128.717
EUA,4.3.2,Services for the Maintenance and Repair of the Dwelling,2020-11-01,128.714
EUA,4.3.2,Services for the Maintenance and Repair of the Dwelling,2020-12-01,129.855
EUA,4.3.2,Services for the Maintenance and Repair of the Dwelling,2021-01-01,129.945
EUA,4.3.2,Services for the Maintenance and Repair of the Dwelling,2021-02-01,131.01
EUA,4.3.2,Services for the Maintenance and Repair of the Dwelling,2021-03-01,131.589
EUA,4.3.2,Services for the Maintenance and Repair of the Dwelling,2021-04-01,134.767
EUA,4.3.2,Services for the Maintenance and Repair of the Dwelling,2021-05-01,134.966
EUA,4.3.2,Services for the Maintenance and Repair of the Dwelling,2021-06-01,134.943
EUA,4.3.2,Services for the Maintenance and Repair of the Dwelling,2021-07-01,135.889
EUA,4.3.2,Services for the Maintenance and Repair of the Dwelling,2021-08-01,135.965
EUA,4.3.2,Services for the Maintenance and Repair of the Dwelling,2021-09-01,136.091
EUA,4.3.2,Services for the Maintenance and Repair of the Dwelling,2021-10-01,139.449
EUA,4.3.2,Services for the Maintenance and Repair of the Dwelling,2021-11-01,144.571
EUA,4.3.2,Services for the Maintenance and Repair of the Dwelling,2021-12-01,144.91
EUA,4.3.2,Services for the Maintenance and Repair of the Dwelling,2022-01-01,147.253
EUA,4.3.2,Services for the Maintenance and Repair of the Dwelling,2022-02-01,145.631
EUA,4.3.2,Services for the Maintenance and Repair of the Dwelling,2022-03-01,145.943
EUA,4.3.2,Services for the Maintenance and Repair of the Dwelling,2022-04-01,147.607
EUA,4.3.2,Services for the Maintenance and Repair of the Dwelling,2022-05-01,148.189
EUA,4.3.2,Services for the Maintenance and Repair of the Dwelling,2022-06-01,145.053
EUA,4.3.2,Services for the Maintenance and Repair of the Dwelling,2022-07-01,145.849
EUA,4.3.2,Services for the Maintenance and Repair of the Dwelling,2022-08-01,145.911
EUA,4.3.2,Services for the Maintenance and Repair of the Dwelling,2022-09-01,147.839
EUA,4.3.2,Services for the Maintenance and Repair of the Dwelling,2022-10-01,148.303
EUA,4.3.2,Services for the Maintenance and Repair of the Dwelling,2022-11-01,149.502
EUA,4.3.2,Services for the Maintenance and Repair of the Dwelling,2022-12-01,155.393
EUA,4.3.2,Services for the Maintenance and Repair of the Dwelling,2023-01-01,152.501
EUA,4.3.2,Services for the Maintenance and Repair of the Dwelling,2023-02-01,155.279
EUA,4.3.2,Services for the Maintenance and Repair of the Dwelling,2023-03-01,155.084
EUA,4.3.2,Services for the Maintenance and Repair of the Dwelling,2023-04-01,163.943
EUA,4.3.2,Services for the Maintenance and Repair of the Dwelling,2023-05-01,163.987
EUA,4.3.2,Services for the Maintenance and Repair of the Dwelling,2023-06-01,164.003
EUA,4.3.2,Services for the Maintenance and Repair of the Dwelling,2023-07-01,178.668
EUA,4.3.2,Services for the Maintenance and Repair of the Dwelling,2023-08-01,173.771
EUA,4.3.2,Services for the Maintenance and Repair of the Dwelling,2023-09-01,176.809
EUA,4.3.2,Services for the Maintenance and Repair of the Dwelling,2023-10-01,176.923
EUA,4.3.2,Services for the Maintenance and Repair of the Dwelling,2023-11-01,178.862
EUA,4.3.2,Services for the Maintenance and Repair of the Dwelling,2023-12-01,179.007
EUA,4.3.2,Services for the Maintenance and Repair of the Dwelling,2024-01-01,180.125
EUA,4.3.2,Services for the Maintenance and Repair of the Dwelling,2024-02-01,180.145
EUA,4.3.2,Services for the Maintenance and Repair of the Dwelling,2024-03-01,182.875
EUA,4.3.2,Services for the Maintenance and Repair of the Dwelling,2024-04-01,183.638
EUA,4.3.2,Services for the Maintenance and Repair of the Dwelling,2024-05-01,178.116
EUA,4.3.2,Services for the Maintenance and Repair of the Dwelling,2024-06-01,180.651
EUA,4.3.2,Services for the Maintenance and Repair of the Dwelling,2024-07-01,187.653
EUA,4.3.2,Services for the Maintenance and Repair of the Dwelling,2024-08-01,187.702
EUA,4.3.2,Services for the Maintenance and Repair of the Dwelling,2024-09-01,186.117
EUA,4.3.2,Services for the Maintenance and Repair of the Dwelling,2024-10-01,186.618
EUA,4.3.2,Services for the Maintenance and Repair of the Dwelling,2024-11-01,190.02
EUA,4.3.2,Services for the Maintenance and Repair of the Dwelling,2024-12-01,187.455
EUA,4.4,Water Supply And Miscellaneous Services Relating To The Dwelling,2013-12-01,100.0
EUA,4.4,Water Supply And Miscellaneous Services Relating To The Dwelling,2014-01-01,100.477
EUA,4.4,Water Supply And Miscellaneous Services Relating To The Dwelling,2014-02-01,100.956
EUA,4.4,Water Supply And Miscellaneous Services Relating To The Dwelling,2014-03-01,101.208
EUA,4.4,Water Supply And Miscellaneous Services Relating To The Dwelling,2014-04-01,101.431
EUA,4.4,Water Supply And Miscellaneous Services Relating To The Dwelling,2014-05-01,101.454
EUA,4.4,Water Supply And Miscellaneous Services Relating To The Dwelling,2014-06-01,101.595
EUA,4.4,Water Supply And Miscellaneous Services Relating To The Dwelling,2014-07-01,102.403
EUA,4.4,Water Supply And Miscellaneous Services Relating To The Dwelling,2014-08-01,102.974
EUA,4.4,Water Supply And Miscellaneous Services Relating To The Dwelling,2014-09-01,103.068
EUA,4.4,Water Supply And Miscellaneous Services Relating To The Dwelling,2014-10-01,103.704
EUA,4.4,Water Supply And Miscellaneous Services Relating To The Dwelling,2014-11-01,104.163
EUA,4.4,Water Supply And Miscellaneous Services Relating To The Dwelling,2014-12-01,104.581
EUA,4.4,Water Supply And Miscellaneous Services Relating To The Dwelling,2015-01-01,104.993
EUA,4.4,Water Supply And Miscellaneous Services Relating To The Dwelling,2015-02-01,105.565
EUA,4.4,Water Supply And Miscellaneous Services Relating To The Dwelling,2015-03-01,105.735
EUA,4.4,Water Supply And Miscellaneous Services Relating To The Dwelling,2015-04-01,105.949
EUA,4.4,Water Supply And Miscellaneous Services Relating To The Dwelling,2015-05-01,106.144
EUA,4.4,Water Supply And Miscellaneous Services Relating To The Dwelling,2015-06-01,106.309
EUA,4.4,Water Supply And Miscellaneous Services Relating To The Dwelling,2015-07-01,106.808
EUA,4.4,Water Supply And Miscellaneous Services Relating To The Dwelling,2015-08-01,107.787
EUA,4.4,Water Supply And Miscellaneous Services Relating To The Dwelling,2015-09-01,107.949
EUA,4.4,Water Supply And Miscellaneous Services Relating To The Dwelling,2015-10-01,108.05
EUA,4.4,Water Supply And Miscellaneous Services Relating To The Dwelling,2015-11-01,108.361
EUA,4.4,Water Supply And Miscellaneous Services Relating To The Dwelling,2015-12-01,108.555
EUA,4.4,Water Supply And Miscellaneous Services Relating To The Dwelling,2016-01-01,109.042
EUA,4.4,Water Supply And Miscellaneous Services Relating To The Dwelling,2016-02-01,109.376
EUA,4.4,Water Supply And Miscellaneous Services Relating To The Dwelling,2016-03-01,109.681
EUA,4.4,Water Supply And Miscellaneous Services Relating To The Dwelling,2016-04-01,110.103
EUA,4.4,Water Supply And Miscellaneous Services Relating To The Dwelling,2016-05-01,110.529
EUA,4.4,Water Supply And Miscellaneous Services Relating To The Dwelling,2016-06-01,110.553
EUA,4.4,Water Supply And Miscellaneous Services Relating To The Dwelling,2016-07-01,110.538
EUA,4.4,Water Supply And Miscellaneous Services Relating To The Dwelling,2016-08-01,111.131
EUA,4.4,Water Supply And Miscellaneous Services Relating To The Dwelling,2016-09-01,111.408
EUA,4.4,Water Supply And Miscellaneous Services Relating To The Dwelling,2016-10-01,111.563
EUA,4.4,Water Supply And Miscellaneous Services Relating To The Dwelling,2016-11-01,112.048
EUA,4.4,Water Supply And Miscellaneous Services Relating To The Dwelling,2016-12-01,112.226
EUA,4.4,Water Supply And Miscellaneous Services Relating To The Dwelling,2017-01-01,113.052
EUA,4.4,Water Supply And Miscellaneous Services Relating To The Dwelling,2017-02-01,113.48
EUA,4.4,Water Supply And Miscellaneous Services Relating To The Dwelling,2017-03-01,113.618
EUA,4.4,Water Supply And Miscellaneous Services Relating To The Dwelling,2017-04-01,113.907
EUA,4.4,Water Supply And Miscellaneous Services Relating To The Dwelling,2017-05-01,114.04
EUA,4.4,Water Supply And Miscellaneous Services Relating To The Dwelling,2017-06-01,114.141
EUA,4.4,Water Supply And Miscellaneous Services Relating To The Dwelling,2017-07-01,114.35
EUA,4.4,Water Supply And Miscellaneous Services Relating To The Dwelling,2017-08-01,114.73
EUA,4.4,Water Supply And Miscellaneous Services Relating To The Dwelling,2017-09-01,114.913
EUA,4.4,Water Supply And Miscellaneous Services Relating To The Dwelling,2017-10-01,115.153
EUA,4.4,Water Supply And Miscellaneous Services Relating To The Dwelling,2017-11-01,115.604
EUA,4.4,Water Supply And Miscellaneous Services Relating To The Dwelling,2017-12-01,115.763
EUA,4.4,Water Supply And Miscellaneous Services Relating To The Dwelling,2018-01-01,116.351
EUA,4.4,Water Supply And Miscellaneous Services Relating To The Dwelling,2018-02-01,116.819
EUA,4.4,Water Supply And Miscellaneous Services Relating To The Dwelling,2018-03-01,116.996
EUA,4.4,Water Supply And Miscellaneous Services Relating To The Dwelling,2018-04-01,117.453
EUA,4.4,Water Supply And Miscellaneous Services Relating To The Dwelling,2018-05-01,117.823
EUA,4.4,Water Supply And Miscellaneous Services Relating To The Dwelling,2018-06-01,118.139
EUA,4.4,Water Supply And Miscellaneous Services Relating To The Dwelling,2018-07-01,118.486
EUA,4.4,Water Supply And Miscellaneous Services Relating To The Dwelling,2018-08-01,119.102
EUA,4.4,Water Supply And Miscellaneous Services Relating To The Dwelling,2018-09-01,119.137
EUA,4.4,Water Supply And Miscellaneous Services Relating To The Dwelling,2018-10-01,119.345
EUA,4.4,Water Supply And Miscellaneous Services Relating To The Dwelling,2018-11-01,120.74
EUA,4.4,Water Supply And Miscellaneous Services Relating To The Dwelling,2018-12-01,121.004
EUA,4.4,Water Supply And Miscellaneous Services Relating To The Dwelling,2019-01-01,120.718
EUA,4.4,Water Supply And Miscellaneous Services Relating To The Dwelling,2019-02-01,120.903
EUA,4.4,Water Supply And Miscellaneous Services Relating To The Dwelling,2019-03-01,121.195
EUA,4.4,Water Supply And Miscellaneous Services Relating To The Dwelling,2019-04-01,121.64
EUA,4.4,Water Supply And Miscellaneous Services Relating To The Dwelling,2019-05-01,121.768
EUA,4.4,Water Supply And Miscellaneous Services Relating To The Dwelling,2019-06-01,122.108
EUA,4.4,Water Supply And Miscellaneous Services Relating To The Dwelling,2019-07-01,122.423
EUA,4.4,Water Supply And Miscellaneous Services Relating To The Dwelling,2019-08-01,122.721
EUA,4.4,Water Supply And Miscellaneous Services Relating To The Dwelling,2019-09-01,122.889
EUA,4.4,Water Supply And Miscellaneous Services Relating To The Dwelling,2019-10-01,123.305
EUA,4.4,Water Supply And Miscellaneous Services Relating To The Dwelling,2019-11-01,123.614
EUA,4.4,Water Supply And Miscellaneous Services Relating To The Dwelling,2019-12-01,123.716
EUA,4.4,Water Supply And Miscellaneous Services Relating To The Dwelling,2020-01-01,124.344
EUA,4.4,Water Supply And Miscellaneous Services Relating To The Dwelling,2020-02-01,124.803
EUA,4.4,Water Supply And Miscellaneous Services Relating To The Dwelling,2020-03-01,125.103
EUA,4.4,Water Supply And Miscellaneous Services Relating To The Dwelling,2020-04-01,125.258
EUA,4.4,Water Supply And Miscellaneous Services Relating To The Dwelling,2020-05-01,125.38
EUA,4.4,Water Supply And Miscellaneous Services Relating To The Dwelling,2020-06-01,125.632
EUA,4.4,Water Supply And Miscellaneous Services Relating To The Dwelling,2020-07-01,126.113
EUA,4.4,Water Supply And Miscellaneous Services Relating To The Dwelling,2020-08-01,126.895
EUA,4.4,Water Supply And Miscellaneous Services Relating To The Dwelling,2020-09-01,127.045
EUA,4.4,Water Supply And Miscellaneous Services Relating To The Dwelling,2020-10-01,127.306
EUA,4.4,Water Supply And Miscellaneous Services Relating To The Dwelling,2020-11-01,127.724
EUA,4.4,Water Supply And Miscellaneous Services Relating To The Dwelling,2020-12-01,128.165
EUA,4.4,Water Supply And Miscellaneous Services Relating To The Dwelling,2021-01-01,128.804
EUA,4.4,Water Supply And Miscellaneous Services Relating To The Dwelling,2021-02-01,129.324
EUA,4.4,Water Supply And Miscellaneous Services Relating To The Dwelling,2021-03-01,129.541
EUA,4.4,Water Supply And Miscellaneous Services Relating To The Dwelling,2021-04-01,129.745
EUA,4.4,Water Supply And Miscellaneous Services Relating To The Dwelling,2021-05-01,129.806
EUA,4.4,Water Supply And Miscellaneous Services Relating To The Dwelling,2021-06-01,130.207
EUA,4.4,Water Supply And Miscellaneous Services Relating To The Dwelling,2021-07-01,130.851
EUA,4.4,Water Supply And Miscellaneous Services Relating To The Dwelling,2021-08-01,131.415
EUA,4.4,Water Supply And Miscellaneous Services Relating To The Dwelling,2021-09-01,131.873
EUA,4.4,Water Supply And Miscellaneous Services Relating To The Dwelling,2021-10-01,132.144
EUA,4.4,Water Supply And Miscellaneous Services Relating To The Dwelling,2021-11-01,132.323
EUA,4.4,Water Supply And Miscellaneous Services Relating To The Dwelling,2021-12-01,132.739
EUA,4.4,Water Supply And Miscellaneous Services Relating To The Dwelling,2022-01-01,134.102
EUA,4.4,Water Supply And Miscellaneous Services Relating To The Dwelling,2022-02-01,134.784
EUA,4.4,Water Supply And Miscellaneous Services Relating To The Dwelling,2022-03-01,134.837
EUA,4.4,Water Supply And Miscellaneous Services Relating To The Dwelling,2022-04-01,135.242
EUA,4.4,Water Supply And Miscellaneous Services Relating To The Dwelling,2022-05-01,135.501
EUA,4.4,Water Supply And Miscellaneous Services Relating To The Dwelling,2022-06-01,136.029
EUA,4.4,Water Supply And Miscellaneous Services Relating To The Dwelling,2022-07-01,136.631
EUA,4.4,Water Supply And Miscellaneous Services Relating To The Dwelling,2022-08-01,137.562
EUA,4.4,Water Supply And Miscellaneous Services Relating To The Dwelling,2022-09-01,138.426
EUA,4.4,Water Supply And Miscellaneous Services Relating To The Dwelling,2022-10-01,138.505
EUA,4.4,Water Supply And Miscellaneous Services Relating To The Dwelling,2022-11-01,138.929
EUA,4.4,Water Supply And Miscellaneous Services Relating To The Dwelling,2022-12-01,139.275
EUA,4.4,Water Supply And Miscellaneous Services Relating To The Dwelling,2023-01-01,140.744
EUA,4.4,Water Supply And Miscellaneous Services Relating To The Dwelling,2023-02-01,141.866
EUA,4.4,Water Supply And Miscellaneous Services Relating To The Dwelling,2023-03-01,142.103
EUA,4.4,Water Supply And Miscellaneous Services Relating To The Dwelling,2023-04-01,142.632
EUA,4.4,Water Supply And Miscellaneous Services Relating To The Dwelling,2023-05-01,143.22
EUA,4.4,Water Supply And Miscellaneous Services Relating To The Dwelling,2023-06-01,143.797
EUA,4.4,Water Supply And Miscellaneous Services Relating To The Dwelling,2023-07-01,144.611
EUA,4.4,Water Supply And Miscellaneous Services Relating To The Dwelling,2023-08-01,145.538
EUA,4.4,Water Supply And Miscellaneous Services Relating To The Dwelling,2023-09-01,145.735
EUA,4.4,Water Supply And Miscellaneous Services Relating To The Dwelling,2023-10-01,145.936
EUA,4.4,Water Supply And Miscellaneous Services Relating To The Dwelling,2023-11-01,146.444
EUA,4.4,Water Supply And Miscellaneous Services Relating To The Dwelling,2023-12-01,146.553
EUA,4.4,Water Supply And Miscellaneous Services Relating To The Dwelling,2024-01-01,148.62
EUA,4.4,Water Supply And Miscellaneous Services Relating To The Dwelling,2024-02-01,149.458
EUA,4.4,Water Supply And Miscellaneous Services Relating To The Dwelling,2024-03-01,149.695
EUA,4.4,Water Supply And Miscellaneous Services Relating To The Dwelling,2024-04-01,150.145
EUA,4.4,Water Supply And Miscellaneous Services Relating To The Dwelling,2024-05-01,150.041
EUA,4.4,Water Supply And Miscellaneous Services Relating To The Dwelling,2024-06-01,150.45
EUA,4.4,Water Supply And Miscellaneous Services Relating To The Dwelling,2024-07-01,151.21
EUA,4.4,Water Supply And Miscellaneous Services Relating To The Dwelling,2024-08-01,151.788
EUA,4.4,Water Supply And Miscellaneous Services Relating To The Dwelling,2024-09-01,152.697
EUA,4.4,Water Supply And Miscellaneous Services Relating To The Dwelling,2024-10-01,153.285
EUA,4.4,Water Supply And Miscellaneous Services Relating To The Dwelling,2024-11-01,154.115
EUA,4.4,Water Supply And Miscellaneous Services Relating To The Dwelling,2024-12-01,154.24
EUA,4.4.1,Water Supply,2013-12-01,100.0
EUA,4.4.1,Water Supply,2014-01-01,100.615
EUA,4.4.1,Water Supply,2014-02-01,101.251
EUA,4.4.1,Water Supply,2014-03-01,101.515
EUA,4.4.1,Water Supply,2014-04-01,101.65
EUA,4.4.1,Water Supply,2014-05-01,101.687
EUA,4.4.1,Water Supply,2014-06-01,101.815
EUA,4.4.1,Water Supply,2014-07-01,102.829
EUA,4.4.1,Water Supply,2014-08-01,103.563
EUA,4.4.1,Water Supply,2014-09-01,103.648
EUA,4.4.1,Water Supply,2014-10-01,104.428
EUA,4.4.1,Water Supply,2014-11-01,105.047
EUA,4.4.1,Water Supply,2014-12-01,105.575
EUA,4.4.1,Water Supply,2015-01-01,106.148
EUA,4.4.1,Water Supply,2015-02-01,106.79
EUA,4.4.1,Water Supply,2015-03-01,107.013
EUA,4.4.1,Water Supply,2015-04-01,107.242
EUA,4.4.1,Water Supply,2015-05-01,107.393
EUA,4.4.1,Water Supply,2015-06-01,107.633
EUA,4.4.1,Water Supply,2015-07-01,108.261
EUA,4.4.1,Water Supply,2015-08-01,109.42
EUA,4.4.1,Water Supply,2015-09-01,109.571
EUA,4.4.1,Water Supply,2015-10-01,109.635
EUA,4.4.1,Water Supply,2015-11-01,109.927
EUA,4.4.1,Water Supply,2015-12-01,110.135
EUA,4.4.1,Water Supply,2016-01-01,110.78
EUA,4.4.1,Water Supply,2016-02-01,111.138
EUA,4.4.1,Water Supply,2016-03-01,111.602
EUA,4.4.1,Water Supply,2016-04-01,112.181
EUA,4.4.1,Water Supply,2016-05-01,112.703
EUA,4.4.1,Water Supply,2016-06-01,112.765
EUA,4.4.1,Water Supply,2016-07-01,112.677
EUA,4.4.1,Water Supply,2016-08-01,113.421
EUA,4.4.1,Water Supply,2016-09-01,113.767
EUA,4.4.1,Water Supply,2016-10-01,113.925
EUA,4.4.1,Water Supply,2016-11-01,114.332
EUA,4.4.1,Water Supply,2016-12-01,114.449
EUA,4.4.1,Water Supply,2017-01-01,115.446
EUA,4.4.1,Water Supply,2017-02-01,115.91
EUA,4.4.1,Water Supply,2017-03-01,116.156
EUA,4.4.1,Water Supply,2017-04-01,116.535
EUA,4.4.1,Water Supply,2017-05-01,116.7
EUA,4.4.1,Water Supply,2017-06-01,116.773
EUA,4.4.1,Water Supply,2017-07-01,117.025
EUA,4.4.1,Water Supply,2017-08-01,117.507
EUA,4.4.1,Water Supply,2017-09-01,117.733
EUA,4.4.1,Water Supply,2017-10-01,117.786
EUA,4.4.1,Water Supply,2017-11-01,118.263
EUA,4.4.1,Water Supply,2017-12-01,118.496
EUA,4.4.1,Water Supply,2018-01-01,119.283
EUA,4.4.1,Water Supply,2018-02-01,119.747
EUA,4.4.1,Water Supply,2018-03-01,119.961
EUA,4.4.1,Water Supply,2018-04-01,120.294
EUA,4.4.1,Water Supply,2018-05-01,120.442
EUA,4.4.1,Water Supply,2018-06-01,120.677
EUA,4.4.1,Water Supply,2018-07-01,121.1
EUA,4.4.1,Water Supply,2018-08-01,121.536
EUA,4.4.1,Water Supply,2018-09-01,121.538
EUA,4.4.1,Water Supply,2018-10-01,121.698
EUA,4.4.1,Water Supply,2018-11-01,122.431
EUA,4.4.1,Water Supply,2018-12-01,122.781
EUA,4.4.1,Water Supply,2019-01-01,123.236
EUA,4.4.1,Water Supply,2019-02-01,123.36
EUA,4.4.1,Water Supply,2019-03-01,123.674
EUA,4.4.1,Water Supply,2019-04-01,124.193
EUA,4.4.1,Water Supply,2019-05-01,124.266
EUA,4.4.1,Water Supply,2019-06-01,124.626
EUA,4.4.1,Water Supply,2019-07-01,124.949
EUA,4.4.1,Water Supply,2019-08-01,125.203
EUA,4.4.1,Water Supply,2019-09-01,125.411
EUA,4.4.1,Water Supply,2019-10-01,125.827
EUA,4.4.1,Water Supply,2019-11-01,126.218
EUA,4.4.1,Water Supply,2019-12-01,126.337
EUA,4.4.1,Water Supply,2020-01-01,126.822
EUA,4.4.1,Water Supply,2020-02-01,127.129
EUA,4.4.1,Water Supply,2020-03-01,127.471
EUA,4.4.1,Water Supply,2020-04-01,127.77
EUA,4.4.1,Water Supply,2020-05-01,127.894
EUA,4.4.1,Water Supply,2020-06-01,128.088
EUA,4.4.1,Water Supply,2020-07-01,128.583
EUA,4.4.1,Water Supply,2020-08-01,129.458
EUA,4.4.1,Water Supply,2020-09-01,129.579
EUA,4.4.1,Water Supply,2020-10-01,129.791
EUA,4.4.1,Water Supply,2020-11-01,130.239
EUA,4.4.1,Water Supply,2020-12-01,130.496
EUA,4.4.1,Water Supply,2021-01-01,130.95
EUA,4.4.1,Water Supply,2021-02-01,131.246
EUA,4.4.1,Water Supply,2021-03-01,131.437
EUA,4.4.1,Water Supply,2021-04-01,131.692
EUA,4.4.1,Water Supply,2021-05-01,131.866
EUA,4.4.1,Water Supply,2021-06-01,132.391
EUA,4.4.1,Water Supply,2021-07-01,132.924
EUA,4.4.1,Water Supply,2021-08-01,133.389
EUA,4.4.1,Water Supply,2021-09-01,133.52
EUA,4.4.1,Water Supply,2021-10-01,133.872
EUA,4.4.1,Water Supply,2021-11-01,134.182
EUA,4.4.1,Water Supply,2021-12-01,134.4
EUA,4.4.1,Water Supply,2022-01-01,136.289
EUA,4.4.1,Water Supply,2022-02-01,136.756
EUA,4.4.1,Water Supply,2022-03-01,136.591
EUA,4.4.1,Water Supply,2022-04-01,136.972
EUA,4.4.1,Water Supply,2022-05-01,137.076
EUA,4.4.1,Water Supply,2022-06-01,137.541
EUA,4.4.1,Water Supply,2022-07-01,138.303
EUA,4.4.1,Water Supply,2022-08-01,139.579
EUA,4.4.1,Water Supply,2022-09-01,139.892
EUA,4.4.1,Water Supply,2022-10-01,139.708
EUA,4.4.1,Water Supply,2022-11-01,140.097
EUA,4.4.1,Water Supply,2022-12-01,140.412
EUA,4.4.1,Water Supply,2023-01-01,142.007
EUA,4.4.1,Water Supply,2023-02-01,143.038
EUA,4.4.1,Water Supply,2023-03-01,143.286
EUA,4.4.1,Water Supply,2023-04-01,143.58
EUA,4.4.1,Water Supply,2023-05-01,143.755
EUA,4.4.1,Water Supply,2023-06-01,144.32
EUA,4.4.1,Water Supply,2023-07-01,144.784
EUA,4.4.1,Water Supply,2023-08-01,146.054
EUA,4.4.1,Water Supply,2023-09-01,146.303
EUA,4.4.1,Water Supply,2023-10-01,146.531
EUA,4.4.1,Water Supply,2023-11-01,146.843
EUA,4.4.1,Water Supply,2023-12-01,146.946
EUA,4.4.1,Water Supply,2024-01-01,149.449
EUA,4.4.1,Water Supply,2024-02-01,150.252
EUA,4.4.1,Water Supply,2024-03-01,150.618
EUA,4.4.1,Water Supply,2024-04-01,151.221
EUA,4.4.1,Water Supply,2024-05-01,151.245
EUA,4.4.1,Water Supply,2024-06-01,151.47
EUA,4.4.1,Water Supply,2024-07-01,152.288
EUA,4.4.1,Water Supply,2024-08-01,152.964
EUA,4.4.1,Water Supply,2024-09-01,153.865
EUA,4.4.1,Water Supply,2024-10-01,154.531
EUA,4.4.1,Water Supply,2024-11-01,155.159
EUA,4.4.1,Water Supply,2024-12-01,155.244
EUA,4.4.2,Refuse Collection,2013-12-01,100.0
EUA,4.4.2,Refuse Collection,2014-01-01,100.048
EUA,4.4.2,Refuse Collection,2014-02-01,100.058
EUA,4.4.2,Refuse Collection,2014-03-01,100.278
EUA,4.4.2,Refuse Collection,2014-04-01,100.747
EUA,4.4.2,Refuse Collection,2014-05-01,100.711
EUA,4.4.2,Refuse Collection,2014-06-01,100.874
EUA,4.4.2,Refuse Collection,2014-07-01,101.024
EUA,4.4.2,Refuse Collection,2014-08-01,101.073
EUA,4.4.2,Refuse Collection,2014-09-01,101.205
EUA,4.4.2,Refuse Collection,2014-10-01,101.363
EUA,4.4.2,Refuse Collection,2014-11-01,101.319
EUA,4.4.2,Refuse Collection,2014-12-01,101.409
EUA,4.4.2,Refuse Collection,2015-01-01,101.302
EUA,4.4.2,Refuse Collection,2015-02-01,101.661
EUA,4.4.2,Refuse Collection,2015-03-01,101.658
EUA,4.4.2,Refuse Collection,2015-04-01,101.793
EUA,4.4.2,Refuse Collection,2015-05-01,102.131
EUA,4.4.2,Refuse Collection,2015-06-01,102.031
EUA,4.4.2,Refuse Collection,2015-07-01,102.129
EUA,4.4.2,Refuse Collection,2015-08-01,102.541
EUA,4.4.2,Refuse Collection,2015-09-01,102.748
EUA,4.4.2,Refuse Collection,2015-10-01,102.982
EUA,4.4.2,Refuse Collection,2015-11-01,103.361
EUA,4.4.2,Refuse Collection,2015-12-01,103.496
EUA,4.4.2,Refuse Collection,2016-01-01,103.546
EUA,4.4.2,Refuse Collection,2016-02-01,103.804
EUA,4.4.2,Refuse Collection,2016-03-01,103.663
EUA,4.4.2,Refuse Collection,2016-04-01,103.657
EUA,4.4.2,Refuse Collection,2016-05-01,103.81
EUA,4.4.2,Refuse Collection,2016-06-01,103.701
EUA,4.4.2,Refuse Collection,2016-07-01,103.878
EUA,4.4.2,Refuse Collection,2016-08-01,104.056
EUA,4.4.2,Refuse Collection,2016-09-01,104.139
EUA,4.4.2,Refuse Collection,2016-10-01,104.282
EUA,4.4.2,Refuse Collection,2016-11-01,105.0
EUA,4.4.2,Refuse Collection,2016-12-01,105.332
EUA,4.4.2,Refuse Collection,2017-01-01,105.692
EUA,4.4.2,Refuse Collection,2017-02-01,106.032
EUA,4.4.2,Refuse Collection,2017-03-01,105.863
EUA,4.4.2,Refuse Collection,2017-04-01,105.897
EUA,4.4.2,Refuse Collection,2017-05-01,105.931
EUA,4.4.2,Refuse Collection,2017-06-01,106.114
EUA,4.4.2,Refuse Collection,2017-07-01,106.182
EUA,4.4.2,Refuse Collection,2017-08-01,106.274
EUA,4.4.2,Refuse Collection,2017-09-01,106.343
EUA,4.4.2,Refuse Collection,2017-10-01,107.098
EUA,4.4.2,Refuse Collection,2017-11-01,107.482
EUA,4.4.2,Refuse Collection,2017-12-01,107.427
EUA,4.4.2,Refuse Collection,2018-01-01,107.37
EUA,4.4.2,Refuse Collection,2018-02-01,107.74
EUA,4.4.2,Refuse Collection,2018-03-01,107.814
EUA,4.4.2,Refuse Collection,2018-04-01,108.642
EUA,4.4.2,Refuse Collection,2018-05-01,109.628
EUA,4.4.2,Refuse Collection,2018-06-01,110.138
EUA,4.4.2,Refuse Collection,2018-07-01,110.266
EUA,4.4.2,Refuse Collection,2018-08-01,111.421
EUA,4.4.2,Refuse Collection,2018-09-01,111.556
EUA,4.4.2,Refuse Collection,2018-10-01,111.913
EUA,4.4.2,Refuse Collection,2018-11-01,115.256
EUA,4.4.2,Refuse Collection,2018-12-01,115.086
EUA,4.4.2,Refuse Collection,2019-01-01,112.659
EUA,4.4.2,Refuse Collection,2019-02-01,113.083
EUA,4.4.2,Refuse Collection,2019-03-01,113.342
EUA,4.4.2,Refuse Collection,2019-04-01,113.55
EUA,4.4.2,Refuse Collection,2019-05-01,113.886
EUA,4.4.2,Refuse Collection,2019-06-01,113.914
EUA,4.4.2,Refuse Collection,2019-07-01,114.187
EUA,4.4.2,Refuse Collection,2019-08-01,114.625
EUA,4.4.2,Refuse Collection,2019-09-01,114.71
EUA,4.4.2,Refuse Collection,2019-10-01,115.133
EUA,4.4.2,Refuse Collection,2019-11-01,115.217
EUA,4.4.2,Refuse Collection,2019-12-01,115.27
EUA,4.4.2,Refuse Collection,2020-01-01,116.287
EUA,4.4.2,Refuse Collection,2020-02-01,117.098
EUA,4.4.2,Refuse Collection,2020-03-01,117.302
EUA,4.4.2,Refuse Collection,2020-04-01,117.099
EUA,4.4.2,Refuse Collection,2020-05-01,117.221
EUA,4.4.2,Refuse Collection,2020-06-01,117.631
EUA,4.4.2,Refuse Collection,2020-07-01,118.077
EUA,4.4.2,Refuse Collection,2020-08-01,118.627
EUA,4.4.2,Refuse Collection,2020-09-01,118.834
EUA,4.4.2,Refuse Collection,2020-10-01,119.203
EUA,4.4.2,Refuse Collection,2020-11-01,119.595
EUA,4.4.2,Refuse Collection,2020-12-01,120.357
EUA,4.4.2,Refuse Collection,2021-01-01,121.43
EUA,4.4.2,Refuse Collection,2021-02-01,122.508
EUA,4.4.2,Refuse Collection,2021-03-01,122.8
EUA,4.4.2,Refuse Collection,2021-04-01,122.818
EUA,4.4.2,Refuse Collection,2021-05-01,122.311
EUA,4.4.2,Refuse Collection,2021-06-01,122.491
EUA,4.4.2,Refuse Collection,2021-07-01,123.435
EUA,4.4.2,Refuse Collection,2021-08-01,124.198
EUA,4.4.2,Refuse Collection,2021-09-01,125.507
EUA,4.4.2,Refuse Collection,2021-10-01,125.55
EUA,4.4.2,Refuse Collection,2021-11-01,125.298
EUA,4.4.2,Refuse Collection,2021-12-01,126.124
EUA,4.4.2,Refuse Collection,2022-01-01,126.252
EUA,4.4.2,Refuse Collection,2022-02-01,127.491
EUA,4.4.2,Refuse Collection,2022-03-01,128.061
EUA,4.4.2,Refuse Collection,2022-04-01,128.498
EUA,4.4.2,Refuse Collection,2022-05-01,128.968
EUA,4.4.2,Refuse Collection,2022-06-01,129.68
EUA,4.4.2,Refuse Collection,2022-07-01,129.83
EUA,4.4.2,Refuse Collection,2022-08-01,129.953
EUA,4.4.2,Refuse Collection,2022-09-01,132.214
EUA,4.4.2,Refuse Collection,2022-10-01,132.886
EUA,4.4.2,Refuse Collection,2022-11-01,133.531
EUA,4.4.2,Refuse Collection,2022-12-01,133.856
EUA,4.4.2,Refuse Collection,2023-01-01,135.094
EUA,4.4.2,Refuse Collection,2023-02-01,136.345
EUA,4.4.2,Refuse Collection,2023-03-01,136.6
EUA,4.4.2,Refuse Collection,2023-04-01,137.394
EUA,4.4.2,Refuse Collection,2023-05-01,139.124
EUA,4.4.2,Refuse Collection,2023-06-01,139.688
EUA,4.4.2,Refuse Collection,2023-07-01,141.193
EUA,4.4.2,Refuse Collection,2023-08-01,141.473
EUA,4.4.2,Refuse Collection,2023-09-01,141.39
EUA,4.4.2,Refuse Collection,2023-10-01,141.525
EUA,4.4.2,Refuse Collection,2023-11-01,142.487
EUA,4.4.2,Refuse Collection,2023-12-01,142.614
EUA,4.4.2,Refuse Collection,2024-01-01,143.705
EUA,4.4.2,Refuse Collection,2024-02-01,144.6
EUA,4.4.2,Refuse Collection,2024-03-01,144.473
EUA,4.4.2,Refuse Collection,2024-04-01,144.723
EUA,4.4.2,Refuse Collection,2024-05-01,144.36
EUA,4.4.2,Refuse Collection,2024-06-01,144.93
EUA,4.4.2,Refuse Collection,2024-07-01,145.438
EUA,4.4.2,Refuse Collection,2024-08-01,145.862
EUA,4.4.2,Refuse Collection,2024-09-01,146.753
EUA,4.4.2,Refuse Collection,2024-10-01,147.224
EUA,4.4.2,Refuse Collection,2024-11-01,148.526
EUA,4.4.2,Refuse Collection,2024-12-01,148.687
EUA,4.4.3,Sewage Collection,2013-12-01,100.0
EUA,4.4.3,Sewage Collection,2014-01-01,100.615
EUA,4.4.3,Sewage Collection,2014-02-01,101.251
EUA,4.4.3,Sewage Collection,2014-03-01,101.515
EUA,4.4.3,Sewage Collection,2014-04-01,101.65
EUA,4.4.3,Sewage Collection,2014-05-01,101.687
EUA,4.4.3,Sewage Collection,2014-06-01,101.815
EUA,4.4.3,Sewage Collection,2014-07-01,102.829
EUA,4.4.3,Sewage Collection,2014-08-01,103.563
EUA,4.4.3,Sewage Collection,2014-09-01,103.648
EUA,4.4.3,Sewage Collection,2014-10-01,104.428
EUA,4.4.3,Sewage Collection,2014-11-01,105.047
EUA,4.4.3,Sewage Collection,2014-12-01,105.575
EUA,4.4.3,Sewage Collection,2015-01-01,106.148
EUA,4.4.3,Sewage Collection,2015-02-01,106.79
EUA,4.4.3,Sewage Collection,2015-03-01,107.013
EUA,4.4.3,Sewage Collection,2015-04-01,107.242
EUA,4.4.3,Sewage Collection,2015-05-01,107.393
EUA,4.4.3,Sewage Collection,2015-06-01,107.633
EUA,4.4.3,Sewage Collection,2015-07-01,108.261
EUA,4.4.3,Sewage Collection,2015-08-01,109.42
EUA,4.4.3,Sewage Collection,2015-09-01,109.571
EUA,4.4.3,Sewage Collection,2015-10-01,109.635
EUA,4.4.3,Sewage Collection,2015-11-01,109.927
EUA,4.4.3,Sewage Collection,2015-12-01,110.135
EUA,4.4.3,Sewage Collection,2016-01-01,110.78
EUA,4.4.3,Sewage Collection,2016-02-01,111.138
EUA,4.4.3,Sewage Collection,2016-03-01,111.602
EUA,4.4.3,Sewage Collection,2016-04-01,112.181
EUA,4.4.3,Sewage Collection,2016-05-01,112.703
EUA,4.4.3,Sewage Collection,2016-06-01,112.765
EUA,4.4.3,Sewage Collection,2016-07-01,112.677
EUA,4.4.3,Sewage Collection,2016-08-01,113.421
EUA,4.4.3,Sewage Collection,2016-09-01,113.767
EUA,4.4.3,Sewage Collection,2016-10-01,113.925
EUA,4.4.3,Sewage Collection,2016-11-01,114.332
EUA,4.4.3,Sewage Collection,2016-12-01,114.449
EUA,4.4.3,Sewage Collection,2017-01-01,115.446
EUA,4.4.3,Sewage Collection,2017-02-01,115.91
EUA,4.4.3,Sewage Collection,2017-03-01,116.156
EUA,4.4.3,Sewage Collection,2017-04-01,116.535
EUA,4.4.3,Sewage Collection,2017-05-01,116.7
EUA,4.4.3,Sewage Collection,2017-06-01,116.773
EUA,4.4.3,Sewage Collection,2017-07-01,117.025
EUA,4.4.3,Sewage Collection,2017-08-01,117.507
EUA,4.4.3,Sewage Collection,2017-09-01,117.733
EUA,4.4.3,Sewage Collection,2017-10-01,117.786
EUA,4.4.3,Sewage Collection,2017-11-01,118.263
EUA,4.4.3,Sewage Collection,2017-12-01,118.496
EUA,4.4.3,Sewage Collection,2018-01-01,119.283
EUA,4.4.3,Sewage Collection,2018-02-01,119.747
EUA,4.4.3,Sewage Collection,2018-03-01,119.961
EUA,4.4.3,Sewage Collection,2018-04-01,120.294
EUA,4.4.3,Sewage Collection,2018-05-01,120.442
EUA,4.4.3,Sewage Collection,2018-06-01,120.677
EUA,4.4.3,Sewage Collection,2018-07-01,121.1
EUA,4.4.3,Sewage Collection,2018-08-01,121.536
EUA,4.4.3,Sewage Collection,2018-09-01,121.538
EUA,4.4.3,Sewage Collection,2018-10-01,121.698
EUA,4.4.3,Sewage Collection,2018-11-01,122.431
EUA,4.4.3,Sewage Collection,2018-12-01,122.781
EUA,4.4.3,Sewage Collection,2019-01-01,123.236
EUA,4.4.3,Sewage Collection,2019-02-01,123.36
EUA,4.4.3,Sewage Collection,2019-03-01,123.674
EUA,4.4.3,Sewage Collection,2019-04-01,124.193
EUA,4.4.3,Sewage Collection,2019-05-01,124.266
EUA,4.4.3,Sewage Collection,2019-06-01,124.626
EUA,4.4.3,Sewage Collection,2019-07-01,124.949
EUA,4.4.3,Sewage Collection,2019-08-01,125.203
EUA,4.4.3,Sewage Collection,2019-09-01,125.411
EUA,4.4.3,Sewage Collection,2019-10-01,125.827
EUA,4.4.3,Sewage Collection,2019-11-01,126.218
EUA,4.4.3,Sewage Collection,2019-12-01,126.337
EUA,4.4.3,Sewage Collection,2020-01-01,126.822
EUA,4.4.3,Sewage Collection,2020-02-01,127.129
EUA,4.4.3,Sewage Collection,2020-03-01,127.471
EUA,4.4.3,Sewage Collection,2020-04-01,127.77
EUA,4.4.3,Sewage Collection,2020-05-01,127.894
EUA,4.4.3,Sewage Collection,2020-06-01,128.088
EUA,4.4.3,Sewage Collection,2020-07-01,128.583
EUA,4.4.3,Sewage Collection,2020-08-01,129.458
EUA,4.4.3,Sewage Collection,2020-09-01,129.579
EUA,4.4.3,Sewage Collection,2020-10-01,129.791
EUA,4.4.3,Sewage Collection,2020-11-01,130.239
EUA,4.4.3,Sewage Collection,2020-12-01,130.496
EUA,4.4.3,Sewage Collection,2021-01-01,130.95
EUA,4.4.3,Sewage Collection,2021-02-01,131.246
EUA,4.4.3,Sewage Collection,2021-03-01,131.437
EUA,4.4.3,Sewage Collection,2021-04-01,131.692
EUA,4.4.3,Sewage Collection,2021-05-01,131.866
EUA,4.4.3,Sewage Collection,2021-06-01,132.391
EUA,4.4.3,Sewage Collection,2021-07-01,132.924
EUA,4.4.3,Sewage Collection,2021-08-01,133.389
EUA,4.4.3,Sewage Collection,2021-09-01,133.52
EUA,4.4.3,Sewage Collection,2021-10-01,133.872
EUA,4.4.3,Sewage Collection,2021-11-01,134.182
EUA,4.4.3,Sewage Collection,2021-12-01,134.4
EUA,4.4.3,Sewage Collection,2022-01-01,136.289
EUA,4.4.3,Sewage Collection,2022-02-01,136.756
EUA,4.4.3,Sewage Collection,2022-03-01,136.591
EUA,4.4.3,Sewage Collection,2022-04-01,136.972
EUA,4.4.3,Sewage Collection,2022-05-01,137.076
EUA,4.4.3,Sewage Collection,2022-06-01,137.541
EUA,4.4.3,Sewage Collection,2022-07-01,138.303
EUA,4.4.3,Sewage Collection,2022-08-01,139.579
EUA,4.4.3,Sewage Collection,2022-09-01,139.892
EUA,4.4.3,Sewage Collection,2022-10-01,139.708
EUA,4.4.3,Sewage Collection,2022-11-01,140.097
EUA,4.4.3,Sewage Collection,2022-12-01,140.412
EUA,4.4.3,Sewage Collection,2023-01-01,142.007
EUA,4.4.3,Sewage Collection,2023-02-01,143.038
EUA,4.4.3,Sewage Collection,2023-03-01,143.286
EUA,4.4.3,Sewage Collection,2023-04-01,143.58
EUA,4.4.3,Sewage Collection,2023-05-01,143.755
EUA,4.4.3,Sewage Collection,2023-06-01,144.32
EUA,4.4.3,Sewage Collection,2023-07-01,144.784
EUA,4.4.3,Sewage Collection,2023-08-01,146.054
EUA,4.4.3,Sewage Collection,2023-09-01,146.303
EUA,4.4.3,Sewage Collection,2023-10-01,146.531
EUA,4.4.3,Sewage Collection,2023-11-01,146.843
EUA,4.4.3,Sewage Collection,2023-12-01,146.946
EUA,4.4.3,Sewage Collection,2024-01-01,149.449
EUA,4.4.3,Sewage Collection,2024-02-01,150.252
EUA,4.4.3,Sewage Collection,2024-03-01,150.618
EUA,4.4.3,Sewage Collection,2024-04-01,151.221
EUA,4.4.3,Sewage Collection,2024-05-01,151.245
EUA,4.4.3,Sewage Collection,2024-06-01,151.47
EUA,4.4.3,Sewage Collection,2024-07-01,152.288
EUA,4.4.3,Sewage Collection,2024-08-01,152.964
EUA,4.4.3,Sewage Collection,2024-09-01,153.865
EUA,4.4.3,Sewage Collection,2024-10-01,154.531
EUA,4.4.3,Sewage Collection,2024-11-01,155.159
EUA,4.4.3,Sewage Collection,2024-12-01,155.244
EUA,4.4.4,Other Services Relating To The Dwelling,2013-12-01,100.0
EUA,4.4.4,Other Services Relating To The Dwelling,2014-01-01,100.021
EUA,4.4.4,Other Services Relating To The Dwelling,2014-02-01,99.574
EUA,4.4.4,Other Services Relating To The Dwelling,2014-03-01,99.689
EUA,4.4.4,Other Services Relating To The Dwelling,2014-04-01,100.727
EUA,4.4.4,Other Services Relating To The Dwelling,2014-05-01,101.023
EUA,4.4.4,Other Services Relating To The Dwelling,2014-06-01,101.622
EUA,4.4.4,Other Services Relating To The Dwelling,2014-07-01,102.052
EUA,4.4.4,Other Services Relating To The Dwelling,2014-08-01,102.389
EUA,4.4.4,Other Services Relating To The Dwelling,2014-09-01,102.301
EUA,4.4.4,Other Services Relating To The Dwelling,2014-10-01,103.089
EUA,4.4.4,Other Services Relating To The Dwelling,2014-11-01,103.076
EUA,4.4.4,Other Services Relating To The Dwelling,2014-12-01,102.898
EUA,4.4.4,Other Services Relating To The Dwelling,2015-01-01,103.116
EUA,4.4.4,Other Services Relating To The Dwelling,2015-02-01,103.316
EUA,4.4.4,Other Services Relating To The Dwelling,2015-03-01,103.447
EUA,4.4.4,Other Services Relating To The Dwelling,2015-04-01,104.249
EUA,4.4.4,Other Services Relating To The Dwelling,2015-05-01,104.426
EUA,4.4.4,Other Services Relating To The Dwelling,2015-06-01,104.996
EUA,4.4.4,Other Services Relating To The Dwelling,2015-07-01,105.062
EUA,4.4.4,Other Services Relating To The Dwelling,2015-08-01,105.566
EUA,4.4.4,Other Services Relating To The Dwelling,2015-09-01,105.493
EUA,4.4.4,Other Services Relating To The Dwelling,2015-10-01,105.431
EUA,4.4.4,Other Services Relating To The Dwelling,2015-11-01,105.655
EUA,4.4.4,Other Services Relating To The Dwelling,2015-12-01,106.136
EUA,4.4.4,Other Services Relating To The Dwelling,2016-01-01,106.177
EUA,4.4.4,Other Services Relating To The Dwelling,2016-02-01,106.597
EUA,4.4.4,Other Services Relating To The Dwelling,2016-03-01,106.753
EUA,4.4.4,Other Services Relating To The Dwelling,2016-04-01,106.548
EUA,4.4.4,Other Services Relating To The Dwelling,2016-05-01,106.814
EUA,4.4.4,Other Services Relating To The Dwelling,2016-06-01,107.594
EUA,4.4.4,Other Services Relating To The Dwelling,2016-07-01,107.957
EUA,4.4.4,Other Services Relating To The Dwelling,2016-08-01,107.977
EUA,4.4.4,Other Services Relating To The Dwelling,2016-09-01,108.084
EUA,4.4.4,Other Services Relating To The Dwelling,2016-10-01,108.397
EUA,4.4.4,Other Services Relating To The Dwelling,2016-11-01,108.505
EUA,4.4.4,Other Services Relating To The Dwelling,2016-12-01,109.238
EUA,4.4.4,Other Services Relating To The Dwelling,2017-01-01,109.391
EUA,4.4.4,Other Services Relating To The Dwelling,2017-02-01,109.372
EUA,4.4.4,Other Services Relating To The Dwelling,2017-03-01,109.536
EUA,4.4.4,Other Services Relating To The Dwelling,2017-04-01,109.731
EUA,4.4.4,Other Services Relating To The Dwelling,2017-05-01,110.131
EUA,4.4.4,Other Services Relating To The Dwelling,2017-06-01,110.17
EUA,4.4.4,Other Services Relating To The Dwelling,2017-07-01,110.858
EUA,4.4.4,Other Services Relating To The Dwelling,2017-08-01,111.096
EUA,4.4.4,Other Services Relating To The Dwelling,2017-09-01,111.066
EUA,4.4.4,Other Services Relating To The Dwelling,2017-10-01,111.735
EUA,4.4.4,Other Services Relating To The Dwelling,2017-11-01,111.93
EUA,4.4.4,Other Services Relating To The Dwelling,2017-12-01,112.135
EUA,4.4.4,Other Services Relating To The Dwelling,2018-01-01,113.737
EUA,4.4.4,Other Services Relating To The Dwelling,2018-02-01,115.522
EUA,4.4.4,Other Services Relating To The Dwelling,2018-03-01,115.672
EUA,4.4.4,Other Services Relating To The Dwelling,2018-04-01,115.82
EUA,4.4.4,Other Services Relating To The Dwelling,2018-05-01,116.305
EUA,4.4.4,Other Services Relating To The Dwelling,2018-06-01,117.052
EUA,4.4.4,Other Services Relating To The Dwelling,2018-07-01,117.402
EUA,4.4.4,Other Services Relating To The Dwelling,2018-08-01,117.553
EUA,4.4.4,Other Services Relating To The Dwelling,2018-09-01,117.478
EUA,4.4.4,Other Services Relating To The Dwelling,2018-10-01,117.53
EUA,4.4.4,Other Services Relating To The Dwelling,2018-11-01,117.78
EUA,4.4.4,Other Services Relating To The Dwelling,2018-12-01,120.452
EUA,4.4.4,Other Services Relating To The Dwelling,2019-01-01,120.816
EUA,4.4.4,Other Services Relating To The Dwelling,2019-02-01,120.129
EUA,4.4.4,Other Services Relating To The Dwelling,2019-03-01,120.037
EUA,4.4.4,Other Services Relating To The Dwelling,2019-04-01,120.757
EUA,4.4.4,Other Services Relating To The Dwelling,2019-05-01,120.2
EUA,4.4.4,Other Services Relating To The Dwelling,2019-06-01,123.812
EUA,4.4.4,Other Services Relating To The Dwelling,2019-07-01,124.348
EUA,4.4.4,Other Services Relating To The Dwelling,2019-08-01,124.381
EUA,4.4.4,Other Services Relating To The Dwelling,2019-09-01,124.13
EUA,4.4.4,Other Services Relating To The Dwelling,2019-10-01,124.456
EUA,4.4.4,Other Services Relating To The Dwelling,2019-11-01,124.631
EUA,4.4.4,Other Services Relating To The Dwelling,2019-12-01,124.754
EUA,4.4.4,Other Services Relating To The Dwelling,2020-01-01,124.839
EUA,4.4.4,Other Services Relating To The Dwelling,2020-02-01,125.648
EUA,4.4.4,Other Services Relating To The Dwelling,2020-03-01,125.784
EUA,4.4.4,Other Services Relating To The Dwelling,2020-04-01,125.826
EUA,4.4.4,Other Services Relating To The Dwelling,2020-05-01,125.821
EUA,4.4.4,Other Services Relating To The Dwelling,2020-06-01,125.905
EUA,4.4.4,Other Services Relating To The Dwelling,2020-07-01,126.283
EUA,4.4.4,Other Services Relating To The Dwelling,2020-08-01,126.833
EUA,4.4.4,Other Services Relating To The Dwelling,2020-09-01,127.201
EUA,4.4.4,Other Services Relating To The Dwelling,2020-10-01,127.662
EUA,4.4.4,Other Services Relating To The Dwelling,2020-11-01,127.302
EUA,4.4.4,Other Services Relating To The Dwelling,2020-12-01,129.609
EUA,4.4.4,Other Services Relating To The Dwelling,2021-01-01,130.538
EUA,4.4.4,Other Services Relating To The Dwelling,2021-02-01,131.046
EUA,4.4.4,Other Services Relating To The Dwelling,2021-03-01,131.122
EUA,4.4.4,Other Services Relating To The Dwelling,2021-04-01,132.053
EUA,4.4.4,Other Services Relating To The Dwelling,2021-05-01,136.0
EUA,4.4.4,Other Services Relating To The Dwelling,2021-06-01,135.099
EUA,4.4.4,Other Services Relating To The Dwelling,2021-07-01,135.319
EUA,4.4.4,Other Services Relating To The Dwelling,2021-08-01,136.481
EUA,4.4.4,Other Services Relating To The Dwelling,2021-09-01,136.433
EUA,4.4.4,Other Services Relating To The Dwelling,2021-10-01,136.995
EUA,4.4.4,Other Services Relating To The Dwelling,2021-11-01,138.538
EUA,4.4.4,Other Services Relating To The Dwelling,2021-12-01,140.074
EUA,4.4.4,Other Services Relating To The Dwelling,2022-01-01,140.599
EUA,4.4.4,Other Services Relating To The Dwelling,2022-02-01,140.649
EUA,4.4.4,Other Services Relating To The Dwelling,2022-03-01,140.844
EUA,4.4.4,Other Services Relating To The Dwelling,2022-04-01,141.525
EUA,4.4.4,Other Services Relating To The Dwelling,2022-05-01,143.982
EUA,4.4.4,Other Services Relating To The Dwelling,2022-06-01,143.97
EUA,4.4.4,Other Services Relating To The Dwelling,2022-07-01,145.318
EUA,4.4.4,Other Services Relating To The Dwelling,2022-08-01,145.744
EUA,4.4.4,Other Services Relating To The Dwelling,2022-09-01,145.491
EUA,4.4.4,Other Services Relating To The Dwelling,2022-10-01,146.197
EUA,4.4.4,Other Services Relating To The Dwelling,2022-11-01,144.591
EUA,4.4.4,Other Services Relating To The Dwelling,2022-12-01,146.225
EUA,4.4.4,Other Services Relating To The Dwelling,2023-01-01,146.252
EUA,4.4.4,Other Services Relating To The Dwelling,2023-02-01,148.446
EUA,4.4.4,Other Services Relating To The Dwelling,2023-03-01,147.973
EUA,4.4.4,Other Services Relating To The Dwelling,2023-04-01,152.886
EUA,4.4.4,Other Services Relating To The Dwelling,2023-05-01,151.102
EUA,4.4.4,Other Services Relating To The Dwelling,2023-06-01,152.183
EUA,4.4.4,Other Services Relating To The Dwelling,2023-07-01,155.065
EUA,4.4.4,Other Services Relating To The Dwelling,2023-08-01,153.042
EUA,4.4.4,Other Services Relating To The Dwelling,2023-09-01,155.537
EUA,4.4.4,Other Services Relating To The Dwelling,2023-10-01,155.735
EUA,4.4.4,Other Services Relating To The Dwelling,2023-11-01,156.383
EUA,4.4.4,Other Services Relating To The Dwelling,2023-12-01,156.384
EUA,4.4.4,Other Services Relating To The Dwelling,2024-01-01,157.578
EUA,4.4.4,Other Services Relating To The Dwelling,2024-02-01,158.596
EUA,4.4.4,Other Services Relating To The Dwelling,2024-03-01,160.106
EUA,4.4.4,Other Services Relating To The Dwelling,2024-04-01,157.671
EUA,4.4.4,Other Services Relating To The Dwelling,2024-05-01,157.039
EUA,4.4.4,Other Services Relating To The Dwelling,2024-06-01,162.147
EUA,4.4.4,Other Services Relating To The Dwelling,2024-07-01,164.917
EUA,4.4.4,Other Services Relating To The Dwelling,2024-08-01,164.045
EUA,4.4.4,Other Services Relating To The Dwelling,2024-09-01,165.328
EUA,4.4.4,Other Services Relating To The Dwelling,2024-10-01,164.623
EUA,4.4.4,Other Services Relating To The Dwelling,2024-11-01,164.928
EUA,4.4.4,Other Services Relating To The Dwelling,2024-12-01,165.964
EUA,4.5,"Electricity, Gas And Other Fuels",2013-12-01,100.0
EUA,4.5,"Electricity, Gas And Other Fuels",2014-01-01,103.156
EUA,4.5,"Electricity, Gas And Other Fuels",2014-02-01,104.104
EUA,4.5,"Electricity, Gas And Other Fuels",2014-03-01,105.833
EUA,4.5,"Electricity, Gas And Other Fuels",2014-04-01,103.142
EUA,4.5,"Electricity, Gas And Other Fuels",2014-05-01,105.385
EUA,4.5,"Electricity, Gas And Other Fuels",2014-06-01,108.827
EUA,4.5,"Electricity, Gas And Other Fuels",2014-07-01,109.011
EUA,4.5,"Electricity, Gas And Other Fuels",2014-08-01,107.998
EUA,4.5,"Electricity, Gas And Other Fuels",2014-09-01,107.101
EUA,4.5,"Electricity, Gas And Other Fuels",2014-10-01,103.395
EUA,4.5,"Electricity, Gas And Other Fuels",2014-11-01,101.808
EUA,4.5,"Electricity, Gas And Other Fuels",2014-12-01,102.531
EUA,4.5,"Electricity, Gas And Other Fuels",2015-01-01,103.078
EUA,4.5,"Electricity, Gas And Other Fuels",2015-02-01,102.678
EUA,4.5,"Electricity, Gas And Other Fuels",2015-03-01,101.425
EUA,4.5,"Electricity, Gas And Other Fuels",2015-04-01,100.483
EUA,4.5,"Electricity, Gas And Other Fuels",2015-05-01,100.681
EUA,4.5,"Electricity, Gas And Other Fuels",2015-06-01,104.322
EUA,4.5,"Electricity, Gas And Other Fuels",2015-07-01,103.596
EUA,4.5,"Electricity, Gas And Other Fuels",2015-08-01,103.137
EUA,4.5,"Electricity, Gas And Other Fuels",2015-09-01,102.263
EUA,4.5,"Electricity, Gas And Other Fuels",2015-10-01,98.98
EUA,4.5,"Electricity, Gas And Other Fuels",2015-11-01,97.63
EUA,4.5,"Electricity, Gas And Other Fuels",2015-12-01,96.947
EUA,4.5,"Electricity, Gas And Other Fuels",2016-01-01,97.401
EUA,4.5,"Electricity, Gas And Other Fuels",2016-02-01,97.041
EUA,4.5,"Electricity, Gas And Other Fuels",2016-03-01,96.874
EUA,4.5,"Electricity, Gas And Other Fuels",2016-04-01,96.537
EUA,4.5,"Electricity, Gas And Other Fuels",2016-05-01,97.933
EUA,4.5,"Electricity, Gas And Other Fuels",2016-06-01,101.185
EUA,4.5,"Electricity, Gas And Other Fuels",2016-07-01,102.195
EUA,4.5,"Electricity, Gas And Other Fuels",2016-08-01,102.425
EUA,4.5,"Electricity, Gas And Other Fuels",2016-09-01,102.716
EUA,4.5,"Electricity, Gas And Other Fuels",2016-10-01,100.153
EUA,4.5,"Electricity, Gas And Other Fuels",2016-11-01,98.994
EUA,4.5,"Electricity, Gas And Other Fuels",2016-12-01,99.338
EUA,4.5,"Electricity, Gas And Other Fuels",2017-01-01,100.824
EUA,4.5,"Electricity, Gas And Other Fuels",2017-02-01,101.37
EUA,4.5,"Electricity, Gas And Other Fuels",2017-03-01,100.78
EUA,4.5,"Electricity, Gas And Other Fuels",2017-04-01,101.332
EUA,4.5,"Electricity, Gas And Other Fuels",2017-05-01,102.876
EUA,4.5,"Electricity, Gas And Other Fuels",2017-06-01,105.868
EUA,4.5,"Electricity, Gas And Other Fuels",2017-07-01,105.914
EUA,4.5,"Electricity, Gas And Other Fuels",2017-08-01,105.705
EUA,4.5,"Electricity, Gas And Other Fuels",2017-09-01,105.449
EUA,4.5,"Electricity, Gas And Other Fuels",2017-10-01,102.8
EUA,4.5,"Electricity, Gas And Other Fuels",2017-11-01,102.332
EUA,4.5,"Electricity, Gas And Other Fuels",2017-12-01,102.862
EUA,4.5,"Electricity, Gas And Other Fuels",2018-01-01,103.469
EUA,4.5,"Electricity, Gas And Other Fuels",2018-02-01,104.572
EUA,4.5,"Electricity, Gas And Other Fuels",2018-03-01,103.877
EUA,4.5,"Electricity, Gas And Other Fuels",2018-04-01,103.232
EUA,4.5,"Electricity, Gas And Other Fuels",2018-05-01,104.29
EUA,4.5,"Electricity, Gas And Other Fuels",2018-06-01,106.26
EUA,4.5,"Electricity, Gas And Other Fuels",2018-07-01,106.005
EUA,4.5,"Electricity, Gas And Other Fuels",2018-08-01,106.28
EUA,4.5,"Electricity, Gas And Other Fuels",2018-09-01,105.023
EUA,4.5,"Electricity, Gas And Other Fuels",2018-10-01,103.734
EUA,4.5,"Electricity, Gas And Other Fuels",2018-11-01,102.824
EUA,4.5,"Electricity, Gas And Other Fuels",2018-12-01,104.258
EUA,4.5,"Electricity, Gas And Other Fuels",2019-01-01,104.355
EUA,4.5,"Electricity, Gas And Other Fuels",2019-02-01,103.837
EUA,4.5,"Electricity, Gas And Other Fuels",2019-03-01,103.758
EUA,4.5,"Electricity, Gas And Other Fuels",2019-04-01,103.205
EUA,4.5,"Electricity, Gas And Other Fuels",2019-05-01,103.515
EUA,4.5,"Electricity, Gas And Other Fuels",2019-06-01,105.305
EUA,4.5,"Electricity, Gas And Other Fuels",2019-07-01,105.505
EUA,4.5,"Electricity, Gas And Other Fuels",2019-08-01,105.051
EUA,4.5,"Electricity, Gas And Other Fuels",2019-09-01,104.5
EUA,4.5,"Electricity, Gas And Other Fuels",2019-10-01,103.582
EUA,4.5,"Electricity, Gas And Other Fuels",2019-11-01,103.079
EUA,4.5,"Electricity, Gas And Other Fuels",2019-12-01,103.237
EUA,4.5,"Electricity, Gas And Other Fuels",2020-01-01,104.169
EUA,4.5,"Electricity, Gas And Other Fuels",2020-02-01,103.596
EUA,4.5,"Electricity, Gas And Other Fuels",2020-03-01,102.493
EUA,4.5,"Electricity, Gas And Other Fuels",2020-04-01,101.732
EUA,4.5,"Electricity, Gas And Other Fuels",2020-05-01,101.961
EUA,4.5,"Electricity, Gas And Other Fuels",2020-06-01,104.367
EUA,4.5,"Electricity, Gas And Other Fuels",2020-07-01,104.466
EUA,4.5,"Electricity, Gas And Other Fuels",2020-08-01,104.147
EUA,4.5,"Electricity, Gas And Other Fuels",2020-09-01,104.973
EUA,4.5,"Electricity, Gas And Other Fuels",2020-10-01,104.053
EUA,4.5,"Electricity, Gas And Other Fuels",2020-11-01,104.404
EUA,4.5,"Electricity, Gas And Other Fuels",2020-12-01,105.105
EUA,4.5,"Electricity, Gas And Other Fuels",2021-01-01,105.864
EUA,4.5,"Electricity, Gas And Other Fuels",2021-02-01,107.084
EUA,4.5,"Electricity, Gas And Other Fuels",2021-03-01,107.318
EUA,4.5,"Electricity, Gas And Other Fuels",2021-04-01,108.212
EUA,4.5,"Electricity, Gas And Other Fuels",2021-05-01,109.451
EUA,4.5,"Electricity, Gas And Other Fuels",2021-06-01,112.044
EUA,4.5,"Electricity, Gas And Other Fuels",2021-07-01,112.955
EUA,4.5,"Electricity, Gas And Other Fuels",2021-08-01,113.93
EUA,4.5,"Electricity, Gas And Other Fuels",2021-09-01,115.083
EUA,4.5,"Electricity, Gas And Other Fuels",2021-10-01,117.295
EUA,4.5,"Electricity, Gas And Other Fuels",2021-11-01,117.177
EUA,4.5,"Electricity, Gas And Other Fuels",2021-12-01,117.289
EUA,4.5,"Electricity, Gas And Other Fuels",2022-01-01,121.419
EUA,4.5,"Electricity, Gas And Other Fuels",2022-02-01,121.381
EUA,4.5,"Electricity, Gas And Other Fuels",2022-03-01,123.841
EUA,4.5,"Electricity, Gas And Other Fuels",2022-04-01,125.417
EUA,4.5,"Electricity, Gas And Other Fuels",2022-05-01,130.378
EUA,4.5,"Electricity, Gas And Other Fuels",2022-06-01,136.113
EUA,4.5,"Electricity, Gas And Other Fuels",2022-07-01,135.667
EUA,4.5,"Electricity, Gas And Other Fuels",2022-08-01,137.649
EUA,4.5,"Electricity, Gas And Other Fuels",2022-09-01,138.514
EUA,4.5,"Electricity, Gas And Other Fuels",2022-10-01,137.41
EUA,4.5,"Electricity, Gas And Other Fuels",2022-11-01,135.579
EUA,4.5,"Electricity, Gas And Other Fuels",2022-12-01,136.263
EUA,4.5,"Electricity, Gas And Other Fuels",2023-01-01,140.586
EUA,4.5,"Electricity, Gas And Other Fuels",2023-02-01,137.019
EUA,4.5,"Electricity, Gas And Other Fuels",2023-03-01,133.558
EUA,4.5,"Electricity, Gas And Other Fuels",2023-04-01,131.105
EUA,4.5,"Electricity, Gas And Other Fuels",2023-05-01,129.699
EUA,4.5,"Electricity, Gas And Other Fuels",2023-06-01,132.71
EUA,4.5,"Electricity, Gas And Other Fuels",2023-07-01,132.898
EUA,4.5,"Electricity, Gas And Other Fuels",2023-08-01,133.653
EUA,4.5,"Electricity, Gas And Other Fuels",2023-09-01,134.217
EUA,4.5,"Electricity, Gas And Other Fuels",2023-10-01,132.98
EUA,4.5,"Electricity, Gas And Other Fuels",2023-11-01,133.691
EUA,4.5,"Electricity, Gas And Other Fuels",2023-12-01,133.882
EUA,4.5,"Electricity, Gas And Other Fuels",2024-01-01,137.144
EUA,4.5,"Electricity, Gas And Other Fuels",2024-02-01,137.333
EUA,4.5,"Electricity, Gas And Other Fuels",2024-03-01,137.232
EUA,4.5,"Electricity, Gas And Other Fuels",2024-04-01,135.416
EUA,4.5,"Electricity, Gas And Other Fuels",2024-05-01,135.583
EUA,4.5,"Electricity, Gas And Other Fuels",2024-06-01,138.153
EUA,4.5,"Electricity, Gas And Other Fuels",2024-07-01,138.179
EUA,4.5,"Electricity, Gas And Other Fuels",2024-08-01,136.997
EUA,4.5,"Electricity, Gas And Other Fuels",2024-09-01,137.477
EUA,4.5,"Electricity, Gas And Other Fuels",2024-10-01,137.074
EUA,4.5,"Electricity, Gas And Other Fuels",2024-11-01,136.397
EUA,4.5,"Electricity, Gas And Other Fuels",2024-12-01,137.55
EUA,4.5.1,Electricity,2013-12-01,100.0
EUA,4.5.1,Electricity,2014-01-01,102.516
EUA,4.5.1,Electricity,2014-02-01,102.111
EUA,4.5.1,Electricity,2014-03-01,103.074
EUA,4.5.1,Electricity,2014-04-01,100.309
EUA,4.5.1,Electricity,2014-05-01,104.379
EUA,4.5.1,Electricity,2014-06-01,109.934
EUA,4.5.1,Electricity,2014-07-01,110.042
EUA,4.5.1,Electricity,2014-08-01,109.647
EUA,4.5.1,Electricity,2014-09-01,108.589
EUA,4.5.1,Electricity,2014-10-01,104.354
EUA,4.5.1,Electricity,2014-11-01,102.446
EUA,4.5.1,Electricity,2014-12-01,103.146
EUA,4.5.1,Electricity,2015-01-01,105.114
EUA,4.5.1,Electricity,2015-02-01,105.378
EUA,4.5.1,Electricity,2015-03-01,103.963
EUA,4.5.1,Electricity,2015-04-01,104.107
EUA,4.5.1,Electricity,2015-05-01,104.866
EUA,4.5.1,Electricity,2015-06-01,109.807
EUA,4.5.1,Electricity,2015-07-01,109.271
EUA,4.5.1,Electricity,2015-08-01,108.958
EUA,4.5.1,Electricity,2015-09-01,108.122
EUA,4.5.1,Electricity,2015-10-01,103.816
EUA,4.5.1,Electricity,2015-11-01,102.238
EUA,4.5.1,Electricity,2015-12-01,101.888
EUA,4.5.1,Electricity,2016-01-01,102.586
EUA,4.5.1,Electricity,2016-02-01,102.262
EUA,4.5.1,Electricity,2016-03-01,102.242
EUA,4.5.1,Electricity,2016-04-01,101.884
EUA,4.5.1,Electricity,2016-05-01,103.529
EUA,4.5.1,Electricity,2016-06-01,107.789
EUA,4.5.1,Electricity,2016-07-01,108.152
EUA,4.5.1,Electricity,2016-08-01,108.166
EUA,4.5.1,Electricity,2016-09-01,108.247
EUA,4.5.1,Electricity,2016-10-01,104.216
EUA,4.5.1,Electricity,2016-11-01,102.493
EUA,4.5.1,Electricity,2016-12-01,102.575
EUA,4.5.1,Electricity,2017-01-01,103.627
EUA,4.5.1,Electricity,2017-02-01,104.226
EUA,4.5.1,Electricity,2017-03-01,103.861
EUA,4.5.1,Electricity,2017-04-01,104.355
EUA,4.5.1,Electricity,2017-05-01,106.309
EUA,4.5.1,Electricity,2017-06-01,110.512
EUA,4.5.1,Electricity,2017-07-01,110.932
EUA,4.5.1,Electricity,2017-08-01,110.62
EUA,4.5.1,Electricity,2017-09-01,110.134
EUA,4.5.1,Electricity,2017-10-01,106.25
EUA,4.5.1,Electricity,2017-11-01,105.082
EUA,4.5.1,Electricity,2017-12-01,105.23
EUA,4.5.1,Electricity,2018-01-01,106.121
EUA,4.5.1,Electricity,2018-02-01,106.525
EUA,4.5.1,Electricity,2018-03-01,106.173
EUA,4.5.1,Electricity,2018-04-01,105.638
EUA,4.5.1,Electricity,2018-05-01,107.371
EUA,4.5.1,Electricity,2018-06-01,110.373
EUA,4.5.1,Electricity,2018-07-01,110.024
EUA,4.5.1,Electricity,2018-08-01,110.057
EUA,4.5.1,Electricity,2018-09-01,108.83
EUA,4.5.1,Electricity,2018-10-01,107.013
EUA,4.5.1,Electricity,2018-11-01,105.701
EUA,4.5.1,Electricity,2018-12-01,106.357
EUA,4.5.1,Electricity,2019-01-01,106.499
EUA,4.5.1,Electricity,2019-02-01,106.509
EUA,4.5.1,Electricity,2019-03-01,106.508
EUA,4.5.1,Electricity,2019-04-01,106.3
EUA,4.5.1,Electricity,2019-05-01,107.209
EUA,4.5.1,Electricity,2019-06-01,110.048
EUA,4.5.1,Electricity,2019-07-01,110.621
EUA,4.5.1,Electricity,2019-08-01,109.979
EUA,4.5.1,Electricity,2019-09-01,109.538
EUA,4.5.1,Electricity,2019-10-01,107.463
EUA,4.5.1,Electricity,2019-11-01,106.219
EUA,4.5.1,Electricity,2019-12-01,105.896
EUA,4.5.1,Electricity,2020-01-01,107.054
EUA,4.5.1,Electricity,2020-02-01,107.136
EUA,4.5.1,Electricity,2020-03-01,106.708
EUA,4.5.1,Electricity,2020-04-01,106.56
EUA,4.5.1,Electricity,2020-05-01,107.039
EUA,4.5.1,Electricity,2020-06-01,110.171
EUA,4.5.1,Electricity,2020-07-01,110.488
EUA,4.5.1,Electricity,2020-08-01,109.913
EUA,4.5.1,Electricity,2020-09-01,110.274
EUA,4.5.1,Electricity,2020-10-01,108.848
EUA,4.5.1,Electricity,2020-11-01,107.947
EUA,4.5.1,Electricity,2020-12-01,108.244
EUA,4.5.1,Electricity,2021-01-01,108.682
EUA,4.5.1,Electricity,2021-02-01,109.568
EUA,4.5.1,Electricity,2021-03-01,109.331
EUA,4.5.1,Electricity,2021-04-01,110.391
EUA,4.5.1,Electricity,2021-05-01,111.563
EUA,4.5.1,Electricity,2021-06-01,114.398
EUA,4.5.1,Electricity,2021-07-01,114.958
EUA,4.5.1,Electricity,2021-08-01,115.673
EUA,4.5.1,Electricity,2021-09-01,116.048
EUA,4.5.1,Electricity,2021-10-01,115.952
EUA,4.5.1,Electricity,2021-11-01,114.916
EUA,4.5.1,Electricity,2021-12-01,115.111
EUA,4.5.1,Electricity,2022-01-01,120.265
EUA,4.5.1,Electricity,2022-02-01,119.392
EUA,4.5.1,Electricity,2022-03-01,121.465
EUA,4.5.1,Electricity,2022-04-01,122.585
EUA,4.5.1,Electricity,2022-05-01,124.95
EUA,4.5.1,Electricity,2022-06-01,129.399
EUA,4.5.1,Electricity,2022-07-01,131.818
EUA,4.5.1,Electricity,2022-08-01,133.254
EUA,4.5.1,Electricity,2022-09-01,133.403
EUA,4.5.1,Electricity,2022-10-01,132.342
EUA,4.5.1,Electricity,2022-11-01,130.708
EUA,4.5.1,Electricity,2022-12-01,131.558
EUA,4.5.1,Electricity,2023-01-01,134.577
EUA,4.5.1,Electricity,2023-02-01,134.759
EUA,4.5.1,Electricity,2023-03-01,133.823
EUA,4.5.1,Electricity,2023-04-01,132.905
EUA,4.5.1,Electricity,2023-05-01,132.359
EUA,4.5.1,Electricity,2023-06-01,137.022
EUA,4.5.1,Electricity,2023-07-01,136.466
EUA,4.5.1,Electricity,2023-08-01,136.71
EUA,4.5.1,Electricity,2023-09-01,137.543
EUA,4.5.1,Electricity,2023-10-01,135.494
EUA,4.5.1,Electricity,2023-11-01,135.091
EUA,4.5.1,Electricity,2023-12-01,135.911
EUA,4.5.1,Electricity,2024-01-01,139.713
EUA,4.5.1,Electricity,2024-02-01,139.554
EUA,4.5.1,Electricity,2024-03-01,140.488
EUA,4.5.1,Electricity,2024-04-01,139.602
EUA,4.5.1,Electricity,2024-05-01,140.071
EUA,4.5.1,Electricity,2024-06-01,142.931
EUA,4.5.1,Electricity,2024-07-01,143.014
EUA,4.5.1,Electricity,2024-08-01,141.963
EUA,4.5.1,Electricity,2024-09-01,142.563
EUA,4.5.1,Electricity,2024-10-01,141.528
EUA,4.5.1,Electricity,2024-11-01,139.172
EUA,4.5.1,Electricity,2024-12-01,139.626
EUA,4.5.2,Gas,2013-12-01,100.0
EUA,4.5.2,Gas,2014-01-01,104.939
EUA,4.5.2,Gas,2014-02-01,109.342
EUA,4.5.2,Gas,2014-03-01,114.567
EUA,4.5.2,Gas,2014-04-01,112.272
EUA,4.5.2,Gas,2014-05-01,109.583
EUA,4.5.2,Gas,2014-06-01,107.504
EUA,4.5.2,Gas,2014-07-01,108.079
EUA,4.5.2,Gas,2014-08-01,105.156
EUA,4.5.2,Gas,2014-09-01,104.943
EUA,4.5.2,Gas,2014-10-01,102.839
EUA,4.5.2,Gas,2014-11-01,102.529
EUA,4.5.2,Gas,2014-12-01,104.757
EUA,4.5.2,Gas,2015-01-01,102.537
EUA,4.5.2,Gas,2015-02-01,99.742
EUA,4.5.2,Gas,2015-03-01,97.923
EUA,4.5.2,Gas,2015-04-01,94.685
EUA,4.5.2,Gas,2015-05-01,93.128
EUA,4.5.2,Gas,2015-06-01,93.741
EUA,4.5.2,Gas,2015-07-01,92.758
EUA,4.5.2,Gas,2015-08-01,92.808
EUA,4.5.2,Gas,2015-09-01,91.926
EUA,4.5.2,Gas,2015-10-01,91.267
EUA,4.5.2,Gas,2015-11-01,90.49
EUA,4.5.2,Gas,2015-12-01,89.512
EUA,4.5.2,Gas,2016-01-01,89.971
EUA,4.5.2,Gas,2016-02-01,89.703
EUA,4.5.2,Gas,2016-03-01,88.941
EUA,4.5.2,Gas,2016-04-01,88.448
EUA,4.5.2,Gas,2016-05-01,88.806
EUA,4.5.2,Gas,2016-06-01,89.328
EUA,4.5.2,Gas,2016-07-01,92.619
EUA,4.5.2,Gas,2016-08-01,93.833
EUA,4.5.2,Gas,2016-09-01,94.56
EUA,4.5.2,Gas,2016-10-01,95.286
EUA,4.5.2,Gas,2016-11-01,95.682
EUA,4.5.2,Gas,2016-12-01,96.185
EUA,4.5.2,Gas,2017-01-01,98.806
EUA,4.5.2,Gas,2017-02-01,99.306
EUA,4.5.2,Gas,2017-03-01,98.036
EUA,4.5.2,Gas,2017-04-01,98.925
EUA,4.5.2,Gas,2017-05-01,99.913
EUA,4.5.2,Gas,2017-06-01,100.288
EUA,4.5.2,Gas,2017-07-01,99.441
EUA,4.5.2,Gas,2017-08-01,99.176
EUA,4.5.2,Gas,2017-09-01,98.613
EUA,4.5.2,Gas,2017-10-01,98.865
EUA,4.5.2,Gas,2017-11-01,99.747
EUA,4.5.2,Gas,2017-12-01,101.129
EUA,4.5.2,Gas,2018-01-01,99.635
EUA,4.5.2,Gas,2018-02-01,103.303
EUA,4.5.2,Gas,2018-03-01,101.656
EUA,4.5.2,Gas,2018-04-01,100.336
EUA,4.5.2,Gas,2018-05-01,99.723
EUA,4.5.2,Gas,2018-06-01,98.969
EUA,4.5.2,Gas,2018-07-01,98.826
EUA,4.5.2,Gas,2018-08-01,99.854
EUA,4.5.2,Gas,2018-09-01,97.949
EUA,4.5.2,Gas,2018-10-01,97.296
EUA,4.5.2,Gas,2018-11-01,97.907
EUA,4.5.2,Gas,2018-12-01,103.352
EUA,4.5.2,Gas,2019-01-01,103.424
EUA,4.5.2,Gas,2019-02-01,100.675
EUA,4.5.2,Gas,2019-03-01,100.251
EUA,4.5.2,Gas,2019-04-01,98.423
EUA,4.5.2,Gas,2019-05-01,97.129
EUA,4.5.2,Gas,2019-06-01,96.817
EUA,4.5.2,Gas,2019-07-01,95.898
EUA,4.5.2,Gas,2019-08-01,96.259
EUA,4.5.2,Gas,2019-09-01,95.04
EUA,4.5.2,Gas,2019-10-01,97.065
EUA,4.5.2,Gas,2019-11-01,98.522
EUA,4.5.2,Gas,2019-12-01,99.874
EUA,4.5.2,Gas,2020-01-01,100.163
EUA,4.5.2,Gas,2020-02-01,98.624
EUA,4.5.2,Gas,2020-03-01,97.2
EUA,4.5.2,Gas,2020-04-01,96.226
EUA,4.5.2,Gas,2020-05-01,96.442
EUA,4.5.2,Gas,2020-06-01,96.447
EUA,4.5.2,Gas,2020-07-01,95.47
EUA,4.5.2,Gas,2020-08-01,95.654
EUA,4.5.2,Gas,2020-09-01,98.358
EUA,4.5.2,Gas,2020-10-01,98.7
EUA,4.5.2,Gas,2020-11-01,102.577
EUA,4.5.2,Gas,2020-12-01,103.551
EUA,4.5.2,Gas,2021-01-01,104.669
EUA,4.5.2,Gas,2021-02-01,105.841
EUA,4.5.2,Gas,2021-03-01,107.165
EUA,4.5.2,Gas,2021-04-01,108.235
EUA,4.5.2,Gas,2021-05-01,109.682
EUA,4.5.2,Gas,2021-06-01,111.646
EUA,4.5.2,Gas,2021-07-01,113.702
EUA,4.5.2,Gas,2021-08-01,115.932
EUA,4.5.2,Gas,2021-09-01,119.066
EUA,4.5.2,Gas,2021-10-01,126.863
EUA,4.5.2,Gas,2021-11-01,128.934
EUA,4.5.2,Gas,2021-12-01,129.171
EUA,4.5.2,Gas,2022-01-01,129.617
EUA,4.5.2,Gas,2022-02-01,130.619
EUA,4.5.2,Gas,2022-03-01,130.475
EUA,4.5.2,Gas,2022-04-01,133.119
EUA,4.5.2,Gas,2022-05-01,142.711
EUA,4.5.2,Gas,2022-06-01,153.678
EUA,4.5.2,Gas,2022-07-01,147.794
EUA,4.5.2,Gas,2022-08-01,153.204
EUA,4.5.2,Gas,2022-09-01,156.953
EUA,4.5.2,Gas,2022-10-01,151.111
EUA,4.5.2,Gas,2022-11-01,147.894
EUA,4.5.2,Gas,2022-12-01,152.691
EUA,4.5.2,Gas,2023-01-01,162.277
EUA,4.5.2,Gas,2023-02-01,148.114
EUA,4.5.2,Gas,2023-03-01,136.905
EUA,4.5.2,Gas,2023-04-01,130.151
EUA,4.5.2,Gas,2023-05-01,127.402
EUA,4.5.2,Gas,2023-06-01,125.995
EUA,4.5.2,Gas,2023-07-01,128.022
EUA,4.5.2,Gas,2023-08-01,128.765
EUA,4.5.2,Gas,2023-09-01,126.829
EUA,4.5.2,Gas,2023-10-01,128.032
EUA,4.5.2,Gas,2023-11-01,132.96
EUA,4.5.2,Gas,2023-12-01,132.422
EUA,4.5.2,Gas,2024-01-01,134.571
EUA,4.5.2,Gas,2024-02-01,135.615
EUA,4.5.2,Gas,2024-03-01,132.59
EUA,4.5.2,Gas,2024-04-01,127.806
EUA,4.5.2,Gas,2024-05-01,127.66
EUA,4.5.2,Gas,2024-06-01,130.265
EUA,4.5.2,Gas,2024-07-01,129.855
EUA,4.5.2,Gas,2024-08-01,128.587
EUA,4.5.2,Gas,2024-09-01,129.284
EUA,4.5.2,Gas,2024-10-01,130.605
EUA,4.5.2,Gas,2024-11-01,135.225
EUA,4.5.2,Gas,2024-12-01,138.501
EUA,4.5.3,Liquid Fuels,2013-12-01,100.0
EUA,4.5.3,Liquid Fuels,2014-01-01,103.705
EUA,4.5.3,Liquid Fuels,2014-02-01,107.918
EUA,4.5.3,Liquid Fuels,2014-03-01,104.819
EUA,4.5.3,Liquid Fuels,2014-04-01,101.709
EUA,4.5.3,Liquid Fuels,2014-05-01,100.333
EUA,4.5.3,Liquid Fuels,2014-06-01,98.592
EUA,4.5.3,Liquid Fuels,2014-07-01,97.902
EUA,4.5.3,Liquid Fuels,2014-08-01,96.756
EUA,4.5.3,Liquid Fuels,2014-09-01,94.752
EUA,4.5.3,Liquid Fuels,2014-10-01,90.992
EUA,4.5.3,Liquid Fuels,2014-11-01,87.773
EUA,4.5.3,Liquid Fuels,2014-12-01,80.894
EUA,4.5.3,Liquid Fuels,2015-01-01,72.873
EUA,4.5.3,Liquid Fuels,2015-02-01,74.29
EUA,4.5.3,Liquid Fuels,2015-03-01,78.7
EUA,4.5.3,Liquid Fuels,2015-04-01,72.11
EUA,4.5.3,Liquid Fuels,2015-05-01,72.649
EUA,4.5.3,Liquid Fuels,2015-06-01,71.258
EUA,4.5.3,Liquid Fuels,2015-07-01,68.854
EUA,4.5.3,Liquid Fuels,2015-08-01,63.252
EUA,4.5.3,Liquid Fuels,2015-09-01,61.723
EUA,4.5.3,Liquid Fuels,2015-10-01,61.019
EUA,4.5.3,Liquid Fuels,2015-11-01,60.246
EUA,4.5.3,Liquid Fuels,2015-12-01,55.526
EUA,4.5.3,Liquid Fuels,2016-01-01,51.923
EUA,4.5.3,Liquid Fuels,2016-02-01,50.417
EUA,4.5.3,Liquid Fuels,2016-03-01,51.281
EUA,4.5.3,Liquid Fuels,2016-04-01,52.274
EUA,4.5.3,Liquid Fuels,2016-05-01,55.507
EUA,4.5.3,Liquid Fuels,2016-06-01,57.319
EUA,4.5.3,Liquid Fuels,2016-07-01,56.57
EUA,4.5.3,Liquid Fuels,2016-08-01,55.148
EUA,4.5.3,Liquid Fuels,2016-09-01,56.447
EUA,4.5.3,Liquid Fuels,2016-10-01,59.757
EUA,4.5.3,Liquid Fuels,2016-11-01,59.053
EUA,4.5.3,Liquid Fuels,2016-12-01,62.599
EUA,4.5.3,Liquid Fuels,2017-01-01,64.787
EUA,4.5.3,Liquid Fuels,2017-02-01,64.553
EUA,4.5.3,Liquid Fuels,2017-03-01,64.061
EUA,4.5.3,Liquid Fuels,2017-04-01,63.849
EUA,4.5.3,Liquid Fuels,2017-05-01,62.09
EUA,4.5.3,Liquid Fuels,2017-06-01,59.78
EUA,4.5.3,Liquid Fuels,2017-07-01,58.612
EUA,4.5.3,Liquid Fuels,2017-08-01,60.326
EUA,4.5.3,Liquid Fuels,2017-09-01,65.25
EUA,4.5.3,Liquid Fuels,2017-10-01,66.729
EUA,4.5.3,Liquid Fuels,2017-11-01,70.055
EUA,4.5.3,Liquid Fuels,2017-12-01,72.137
EUA,4.5.3,Liquid Fuels,2018-01-01,79.384
EUA,4.5.3,Liquid Fuels,2018-02-01,77.931
EUA,4.5.3,Liquid Fuels,2018-03-01,76.872
EUA,4.5.3,Liquid Fuels,2018-04-01,78.27
EUA,4.5.3,Liquid Fuels,2018-05-01,77.784
EUA,4.5.3,Liquid Fuels,2018-06-01,78.189
EUA,4.5.3,Liquid Fuels,2018-07-01,78.965
EUA,4.5.3,Liquid Fuels,2018-08-01,78.969
EUA,4.5.3,Liquid Fuels,2018-09-01,80.514
EUA,4.5.3,Liquid Fuels,2018-10-01,84.179
EUA,4.5.3,Liquid Fuels,2018-11-01,81.3
EUA,4.5.3,Liquid Fuels,2018-12-01,73.508
EUA,4.5.3,Liquid Fuels,2019-01-01,72.962
EUA,4.5.3,Liquid Fuels,2019-02-01,76.054
EUA,4.5.3,Liquid Fuels,2019-03-01,76.541
EUA,4.5.3,Liquid Fuels,2019-04-01,77.587
EUA,4.5.3,Liquid Fuels,2019-05-01,77.131
EUA,4.5.3,Liquid Fuels,2019-06-01,73.812
EUA,4.5.3,Liquid Fuels,2019-07-01,74.219
EUA,4.5.3,Liquid Fuels,2019-08-01,72.353
EUA,4.5.3,Liquid Fuels,2019-09-01,73.657
EUA,4.5.3,Liquid Fuels,2019-10-01,75.22
EUA,4.5.3,Liquid Fuels,2019-11-01,75.823
EUA,4.5.3,Liquid Fuels,2019-12-01,76.879
EUA,4.5.3,Liquid Fuels,2020-01-01,77.706
EUA,4.5.3,Liquid Fuels,2020-02-01,71.573
EUA,4.5.3,Liquid Fuels,2020-03-01,61.179
EUA,4.5.3,Liquid Fuels,2020-04-01,51.84
EUA,4.5.3,Liquid Fuels,2020-05-01,48.188
EUA,4.5.3,Liquid Fuels,2020-06-01,51.721
EUA,4.5.3,Liquid Fuels,2020-07-01,54.068
EUA,4.5.3,Liquid Fuels,2020-08-01,55.276
EUA,4.5.3,Liquid Fuels,2020-09-01,53.639
EUA,4.5.3,Liquid Fuels,2020-10-01,53.994
EUA,4.5.3,Liquid Fuels,2020-11-01,55.797
EUA,4.5.3,Liquid Fuels,2020-12-01,61.512
EUA,4.5.3,Liquid Fuels,2021-01-01,64.851
EUA,4.5.3,Liquid Fuels,2021-02-01,71.248
EUA,4.5.3,Liquid Fuels,2021-03-01,73.507
EUA,4.5.3,Liquid Fuels,2021-04-01,71.154
EUA,4.5.3,Liquid Fuels,2021-05-01,72.679
EUA,4.5.3,Liquid Fuels,2021-06-01,74.755
EUA,4.5.3,Liquid Fuels,2021-07-01,75.207
EUA,4.5.3,Liquid Fuels,2021-08-01,73.629
EUA,4.5.3,Liquid Fuels,2021-09-01,76.496
EUA,4.5.3,Liquid Fuels,2021-10-01,85.923
EUA,4.5.3,Liquid Fuels,2021-11-01,88.895
EUA,4.5.3,Liquid Fuels,2021-12-01,86.76
EUA,4.5.3,Liquid Fuels,2022-01-01,95.009
EUA,4.5.3,Liquid Fuels,2022-02-01,102.281
EUA,4.5.3,Liquid Fuels,2022-03-01,125.061
EUA,4.5.3,Liquid Fuels,2022-04-01,128.462
EUA,4.5.3,Liquid Fuels,2022-05-01,150.195
EUA,4.5.3,Liquid Fuels,2022-06-01,148.409
EUA,4.5.3,Liquid Fuels,2022-07-01,132.028
EUA,4.5.3,Liquid Fuels,2022-08-01,124.266
EUA,4.5.3,Liquid Fuels,2022-09-01,120.917
EUA,4.5.3,Liquid Fuels,2022-10-01,144.808
EUA,4.5.3,Liquid Fuels,2022-11-01,147.289
EUA,4.5.3,Liquid Fuels,2022-12-01,122.771
EUA,4.5.3,Liquid Fuels,2023-01-01,121.295
EUA,4.5.3,Liquid Fuels,2023-02-01,111.719
EUA,4.5.3,Liquid Fuels,2023-03-01,107.303
EUA,4.5.3,Liquid Fuels,2023-04-01,102.474
EUA,4.5.3,Liquid Fuels,2023-05-01,94.562
EUA,4.5.3,Liquid Fuels,2023-06-01,94.16
EUA,4.5.3,Liquid Fuels,2023-07-01,96.99
EUA,4.5.3,Liquid Fuels,2023-08-01,105.813
EUA,4.5.3,Liquid Fuels,2023-09-01,114.8
EUA,4.5.3,Liquid Fuels,2023-10-01,113.834
EUA,4.5.3,Liquid Fuels,2023-11-01,110.817
EUA,4.5.3,Liquid Fuels,2023-12-01,104.68
EUA,4.5.3,Liquid Fuels,2024-01-01,104.065
EUA,4.5.3,Liquid Fuels,2024-02-01,105.657
EUA,4.5.3,Liquid Fuels,2024-03-01,103.35
EUA,4.5.3,Liquid Fuels,2024-04-01,101.691
EUA,4.5.3,Liquid Fuels,2024-05-01,98.011
EUA,4.5.3,Liquid Fuels,2024-06-01,94.951
EUA,4.5.3,Liquid Fuels,2024-07-01,96.68
EUA,4.5.3,Liquid Fuels,2024-08-01,93.018
EUA,4.5.3,Liquid Fuels,2024-09-01,89.133
EUA,4.5.3,Liquid Fuels,2024-10-01,90.108
EUA,4.5.3,Liquid Fuels,2024-11-01,89.218
EUA,4.5.3,Liquid Fuels,2024-12-01,90.997
EUA,4.5.4,Solid Fuels,2013-12-01,100.0
EUA,4.5.4,Solid Fuels,2014-01-01,112.034
EUA,4.5.4,Solid Fuels,2014-02-01,124.907
EUA,4.5.4,Solid Fuels,2014-03-01,107.953
EUA,4.5.4,Solid Fuels,2014-04-01,97.759
EUA,4.5.4,Solid Fuels,2014-05-01,94.648
EUA,4.5.4,Solid Fuels,2014-06-01,92.253
EUA,4.5.4,Solid Fuels,2014-07-01,93.379
EUA,4.5.4,Solid Fuels,2014-08-01,93.852
EUA,4.5.4,Solid Fuels,2014-09-01,94.774
EUA,4.5.4,Solid Fuels,2014-10-01,95.368
EUA,4.5.4,Solid Fuels,2014-11-01,95.749
EUA,4.5.4,Solid Fuels,2014-12-01,95.36
EUA,4.5.4,Solid Fuels,2015-01-01,92.53
EUA,4.5.4,Solid Fuels,2015-02-01,91.696
EUA,4.5.4,Solid Fuels,2015-03-01,91.155
EUA,4.5.4,Solid Fuels,2015-04-01,88.727
EUA,4.5.4,Solid Fuels,2015-05-01,84.578
EUA,4.5.4,Solid Fuels,2015-06-01,82.53
EUA,4.5.4,Solid Fuels,2015-07-01,80.35
EUA,4.5.4,Solid Fuels,2015-08-01,80.053
EUA,4.5.4,Solid Fuels,2015-09-01,80.069
EUA,4.5.4,Solid Fuels,2015-10-01,82.718
EUA,4.5.4,Solid Fuels,2015-11-01,83.677
EUA,4.5.4,Solid Fuels,2015-12-01,84.341
EUA,4.5.4,Solid Fuels,2016-01-01,84.385
EUA,4.5.4,Solid Fuels,2016-02-01,84.505
EUA,4.5.4,Solid Fuels,2016-03-01,82.828
EUA,4.5.4,Solid Fuels,2016-04-01,81.403
EUA,4.5.4,Solid Fuels,2016-05-01,80.343
EUA,4.5.4,Solid Fuels,2016-06-01,80.757
EUA,4.5.4,Solid Fuels,2016-07-01,81.015
EUA,4.5.4,Solid Fuels,2016-08-01,79.4
EUA,4.5.4,Solid Fuels,2016-09-01,80.657
EUA,4.5.4,Solid Fuels,2016-10-01,81.884
EUA,4.5.4,Solid Fuels,2016-11-01,83.827
EUA,4.5.4,Solid Fuels,2016-12-01,86.67
EUA,4.5.4,Solid Fuels,2017-01-01,90.14
EUA,4.5.4,Solid Fuels,2017-02-01,91.899
EUA,4.5.4,Solid Fuels,2017-03-01,90.727
EUA,4.5.4,Solid Fuels,2017-04-01,89.851
EUA,4.5.4,Solid Fuels,2017-05-01,87.388
EUA,4.5.4,Solid Fuels,2017-06-01,86.264
EUA,4.5.4,Solid Fuels,2017-07-01,85.651
EUA,4.5.4,Solid Fuels,2017-08-01,86.52
EUA,4.5.4,Solid Fuels,2017-09-01,89.213
EUA,4.5.4,Solid Fuels,2017-10-01,90.475
EUA,4.5.4,Solid Fuels,2017-11-01,93.645
EUA,4.5.4,Solid Fuels,2017-12-01,94.927
EUA,4.5.4,Solid Fuels,2018-01-01,98.23
EUA,4.5.4,Solid Fuels,2018-02-01,97.941
EUA,4.5.4,Solid Fuels,2018-03-01,97.291
EUA,4.5.4,Solid Fuels,2018-04-01,95.721
EUA,4.5.4,Solid Fuels,2018-05-01,93.929
EUA,4.5.4,Solid Fuels,2018-06-01,92.797
EUA,4.5.4,Solid Fuels,2018-07-01,91.63
EUA,4.5.4,Solid Fuels,2018-08-01,92.468
EUA,4.5.4,Solid Fuels,2018-09-01,93.944
EUA,4.5.4,Solid Fuels,2018-10-01,94.735
EUA,4.5.4,Solid Fuels,2018-11-01,95.387
EUA,4.5.4,Solid Fuels,2018-12-01,95.416
EUA,4.5.4,Solid Fuels,2019-01-01,95.612
EUA,4.5.4,Solid Fuels,2019-02-01,95.729
EUA,4.5.4,Solid Fuels,2019-03-01,96.216
EUA,4.5.4,Solid Fuels,2019-04-01,93.815
EUA,4.5.4,Solid Fuels,2019-05-01,92.087
EUA,4.5.4,Solid Fuels,2019-06-01,89.306
EUA,4.5.4,Solid Fuels,2019-07-01,88.114
EUA,4.5.4,Solid Fuels,2019-08-01,87.733
EUA,4.5.4,Solid Fuels,2019-09-01,87.463
EUA,4.5.4,Solid Fuels,2019-10-01,88.971
EUA,4.5.4,Solid Fuels,2019-11-01,90.651
EUA,4.5.4,Solid Fuels,2019-12-01,94.285
EUA,4.5.4,Solid Fuels,2020-01-01,93.684
EUA,4.5.4,Solid Fuels,2020-02-01,93.177
EUA,4.5.4,Solid Fuels,2020-03-01,91.824
EUA,4.5.4,Solid Fuels,2020-04-01,87.567
EUA,4.5.4,Solid Fuels,2020-05-01,86.367
EUA,4.5.4,Solid Fuels,2020-06-01,86.799
EUA,4.5.4,Solid Fuels,2020-07-01,86.114
EUA,4.5.4,Solid Fuels,2020-08-01,85.847
EUA,4.5.4,Solid Fuels,2020-09-01,86.51
EUA,4.5.4,Solid Fuels,2020-10-01,88.401
EUA,4.5.4,Solid Fuels,2020-11-01,90.357
EUA,4.5.4,Solid Fuels,2020-12-01,92.412
EUA,4.5.4,Solid Fuels,2021-01-01,100.889
EUA,4.5.4,Solid Fuels,2021-02-01,107.485
EUA,4.5.4,Solid Fuels,2021-03-01,106.399
EUA,4.5.4,Solid Fuels,2021-04-01,102.624
EUA,4.5.4,Solid Fuels,2021-05-01,100.736
EUA,4.5.4,Solid Fuels,2021-06-01,102.119
EUA,4.5.4,Solid Fuels,2021-07-01,103.552
EUA,4.5.4,Solid Fuels,2021-08-01,105.234
EUA,4.5.4,Solid Fuels,2021-09-01,110.419
EUA,4.5.4,Solid Fuels,2021-10-01,119.1
EUA,4.5.4,Solid Fuels,2021-11-01,121.387
EUA,4.5.4,Solid Fuels,2021-12-01,123.621
EUA,4.5.4,Solid Fuels,2022-01-01,123.721
EUA,4.5.4,Solid Fuels,2022-02-01,128.059
EUA,4.5.4,Solid Fuels,2022-03-01,132.312
EUA,4.5.4,Solid Fuels,2022-04-01,129.793
EUA,4.5.4,Solid Fuels,2022-05-01,128.979
EUA,4.5.4,Solid Fuels,2022-06-01,128.744
EUA,4.5.4,Solid Fuels,2022-07-01,126.166
EUA,4.5.4,Solid Fuels,2022-08-01,125.055
EUA,4.5.4,Solid Fuels,2022-09-01,124.588
EUA,4.5.4,Solid Fuels,2022-10-01,126.638
EUA,4.5.4,Solid Fuels,2022-11-01,126.01
EUA,4.5.4,Solid Fuels,2022-12-01,126.853
EUA,4.5.4,Solid Fuels,2023-01-01,127.327
EUA,4.5.4,Solid Fuels,2023-02-01,128.616
EUA,4.5.4,Solid Fuels,2023-03-01,128.625
EUA,4.5.4,Solid Fuels,2023-04-01,125.305
EUA,4.5.4,Solid Fuels,2023-05-01,121.053
EUA,4.5.4,Solid Fuels,2023-06-01,117.801
EUA,4.5.4,Solid Fuels,2023-07-01,115.697
EUA,4.5.4,Solid Fuels,2023-08-01,116.763
EUA,4.5.4,Solid Fuels,2023-09-01,115.967
EUA,4.5.4,Solid Fuels,2023-10-01,118.58
EUA,4.5.4,Solid Fuels,2023-11-01,119.566
EUA,4.5.4,Solid Fuels,2023-12-01,120.511
EUA,4.5.4,Solid Fuels,2024-01-01,122.988
EUA,4.5.4,Solid Fuels,2024-02-01,124.595
EUA,4.5.4,Solid Fuels,2024-03-01,123.754
EUA,4.5.4,Solid Fuels,2024-04-01,122.367
EUA,4.5.4,Solid Fuels,2024-05-01,119.163
EUA,4.5.4,Solid Fuels,2024-06-01,116.452
EUA,4.5.4,Solid Fuels,2024-07-01,117.02
EUA,4.5.4,Solid Fuels,2024-08-01,116.568
EUA,4.5.4,Solid Fuels,2024-09-01,117.797
EUA,4.5.4,Solid Fuels,2024-10-01,120.155
EUA,4.5.4,Solid Fuels,2024-11-01,120.663
EUA,4.5.4,Solid Fuels,2024-12-01,121.785
EUA,5,"Furnishings, Household Equipment and Routine Household Maintenance",2013-12-01,100.0
EUA,5,"Furnishings, Household Equipment and Routine Household Maintenance",2014-01-01,100.249
EUA,5,"Furnishings, Household Equipment and Routine Household Maintenance",2014-02-01,100.01
EUA,5,"Furnishings, Household Equipment and Routine Household Maintenance",2014-03-01,99.978
EUA,5,"Furnishings, Household Equipment and Routine Household Maintenance",2014-04-01,99.973
EUA,5,"Furnishings, Household Equipment and Routine Household Maintenance",2014-05-01,99.821
EUA,5,"Furnishings, Household Equipment and Routine Household Maintenance",2014-06-01,99.965
EUA,5,"Furnishings, Household Equipment and Routine Household Maintenance",2014-07-01,99.682
EUA,5,"Furnishings, Household Equipment and Routine Household Maintenance",2014-08-01,99.25
EUA,5,"Furnishings, Household Equipment and Routine Household Maintenance",2014-09-01,99.121
EUA,5,"Furnishings, Household Equipment and Routine Household Maintenance",2014-10-01,99.631
EUA,5,"Furnishings, Household Equipment and Routine Household Maintenance",2014-11-01,99.201
EUA,5,"Furnishings, Household Equipment and Routine Household Maintenance",2014-12-01,98.842
EUA,5,"Furnishings, Household Equipment and Routine Household Maintenance",2015-01-01,98.898
EUA,5,"Furnishings, Household Equipment and Routine Household Maintenance",2015-02-01,98.994
EUA,5,"Furnishings, Household Equipment and Routine Household Maintenance",2015-03-01,99.211
EUA,5,"Furnishings, Household Equipment and Routine Household Maintenance",2015-04-01,99.753
EUA,5,"Furnishings, Household Equipment and Routine Household Maintenance",2015-05-01,99.451
EUA,5,"Furnishings, Household Equipment and Routine Household Maintenance",2015-06-01,99.303
EUA,5,"Furnishings, Household Equipment and Routine Household Maintenance",2015-07-01,98.976
EUA,5,"Furnishings, Household Equipment and Routine Household Maintenance",2015-08-01,98.472
EUA,5,"Furnishings, Household Equipment and Routine Household Maintenance",2015-09-01,98.668
EUA,5,"Furnishings, Household Equipment and Routine Household Maintenance",2015-10-01,98.625
EUA,5,"Furnishings, Household Equipment and Routine Household Maintenance",2015-11-01,98.269
EUA,5,"Furnishings, Household Equipment and Routine Household Maintenance",2015-12-01,98.313
EUA,5,"Furnishings, Household Equipment and Routine Household Maintenance",2016-01-01,98.559
EUA,5,"Furnishings, Household Equipment and Routine Household Maintenance",2016-02-01,98.46
EUA,5,"Furnishings, Household Equipment and Routine Household Maintenance",2016-03-01,98.414
EUA,5,"Furnishings, Household Equipment and Routine Household Maintenance",2016-04-01,98.233
EUA,5,"Furnishings, Household Equipment and Routine Household Maintenance",2016-05-01,97.99
EUA,5,"Furnishings, Household Equipment and Routine Household Maintenance",2016-06-01,97.788
EUA,5,"Furnishings, Household Equipment and Routine Household Maintenance",2016-07-01,97.701
EUA,5,"Furnishings, Household Equipment and Routine Household Maintenance",2016-08-01,97.253
EUA,5,"Furnishings, Household Equipment and Routine Household Maintenance",2016-09-01,97.317
EUA,5,"Furnishings, Household Equipment and Routine Household Maintenance",2016-10-01,97.598
EUA,5,"Furnishings, Household Equipment and Routine Household Maintenance",2016-11-01,96.96
EUA,5,"Furnishings, Household Equipment and Routine Household Maintenance",2016-12-01,96.835
EUA,5,"Furnishings, Household Equipment and Routine Household Maintenance",2017-01-01,97.5
EUA,5,"Furnishings, Household Equipment and Routine Household Maintenance",2017-02-01,97.593
EUA,5,"Furnishings, Household Equipment and Routine Household Maintenance",2017-03-01,97.598
EUA,5,"Furnishings, Household Equipment and Routine Household Maintenance",2017-04-01,97.457
EUA,5,"Furnishings, Household Equipment and Routine Household Maintenance",2017-05-01,97.251
EUA,5,"Furnishings, Household Equipment and Routine Household Maintenance",2017-06-01,97.145
EUA,5,"Furnishings, Household Equipment and Routine Household Maintenance",2017-07-01,96.758
EUA,5,"Furnishings, Household Equipment and Routine Household Maintenance",2017-08-01,96.55
EUA,5,"Furnishings, Household Equipment and Routine Household Maintenance",2017-09-01,96.428
EUA,5,"Furnishings, Household Equipment and Routine Household Maintenance",2017-10-01,96.45
EUA,5,"Furnishings, Household Equipment and Routine Household Maintenance",2017-11-01,95.885
EUA,5,"Furnishings, Household Equipment and Routine Household Maintenance",2017-12-01,95.926
EUA,5,"Furnishings, Household Equipment and Routine Household Maintenance",2018-01-01,96.932
EUA,5,"Furnishings, Household Equipment and Routine Household Maintenance",2018-02-01,97.15
EUA,5,"Furnishings, Household Equipment and Routine Household Maintenance",2018-03-01,97.211
EUA,5,"Furnishings, Household Equipment and Routine Household Maintenance",2018-04-01,97.788
EUA,5,"Furnishings, Household Equipment and Routine Household Maintenance",2018-05-01,97.38
EUA,5,"Furnishings, Household Equipment and Routine Household Maintenance",2018-06-01,97.271
EUA,5,"Furnishings, Household Equipment and Routine Household Maintenance",2018-07-01,97.302
EUA,5,"Furnishings, Household Equipment and Routine Household Maintenance",2018-08-01,97.087
EUA,5,"Furnishings, Household Equipment and Routine Household Maintenance",2018-09-01,97.315
EUA,5,"Furnishings, Household Equipment and Routine Household Maintenance",2018-10-01,97.85
EUA,5,"Furnishings, Household Equipment and Routine Household Maintenance",2018-11-01,97.631
EUA,5,"Furnishings, Household Equipment and Routine Household Maintenance",2018-12-01,98.0
EUA,5,"Furnishings, Household Equipment and Routine Household Maintenance",2019-01-01,98.867
EUA,5,"Furnishings, Household Equipment and Routine Household Maintenance",2019-02-01,99.129
EUA,5,"Furnishings, Household Equipment and Routine Household Maintenance",2019-03-01,99.162
EUA,5,"Furnishings, Household Equipment and Routine Household Maintenance",2019-04-01,98.748
EUA,5,"Furnishings, Household Equipment and Routine Household Maintenance",2019-05-01,98.725
EUA,5,"Furnishings, Household Equipment and Routine Household Maintenance",2019-06-01,99.427
EUA,5,"Furnishings, Household Equipment and Routine Household Maintenance",2019-07-01,99.494
EUA,5,"Furnishings, Household Equipment and Routine Household Maintenance",2019-08-01,98.977
EUA,5,"Furnishings, Household Equipment and Routine Household Maintenance",2019-09-01,99.352
EUA,5,"Furnishings, Household Equipment and Routine Household Maintenance",2019-10-01,99.48
EUA,5,"Furnishings, Household Equipment and Routine Household Maintenance",2019-11-01,99.128
EUA,5,"Furnishings, Household Equipment and Routine Household Maintenance",2019-12-01,98.861
EUA,5,"Furnishings, Household Equipment and Routine Household Maintenance",2020-01-01,99.471
EUA,5,"Furnishings, Household Equipment and Routine Household Maintenance",2020-02-01,99.862
EUA,5,"Furnishings, Household Equipment and Routine Household Maintenance",2020-03-01,99.639
EUA,5,"Furnishings, Household Equipment and Routine Household Maintenance",2020-04-01,100.019
EUA,5,"Furnishings, Household Equipment and Routine Household Maintenance",2020-05-01,100.438
EUA,5,"Furnishings, Household Equipment and Routine Household Maintenance",2020-06-01,100.9
EUA,5,"Furnishings, Household Equipment and Routine Household Maintenance",2020-07-01,101.136
EUA,5,"Furnishings, Household Equipment and Routine Household Maintenance",2020-08-01,101.779
EUA,5,"Furnishings, Household Equipment and Routine Household Maintenance",2020-09-01,101.692
EUA,5,"Furnishings, Household Equipment and Routine Household Maintenance",2020-10-01,101.564
EUA,5,"Furnishings, Household Equipment and Routine Household Maintenance",2020-11-01,101.762
EUA,5,"Furnishings, Household Equipment and Routine Household Maintenance",2020-12-01,101.873
EUA,5,"Furnishings, Household Equipment and Routine Household Maintenance",2021-01-01,102.267
EUA,5,"Furnishings, Household Equipment and Routine Household Maintenance",2021-02-01,102.309
EUA,5,"Furnishings, Household Equipment and Routine Household Maintenance",2021-03-01,102.695
EUA,5,"Furnishings, Household Equipment and Routine Household Maintenance",2021-04-01,103.57
EUA,5,"Furnishings, Household Equipment and Routine Household Maintenance",2021-05-01,104.874
EUA,5,"Furnishings, Household Equipment and Routine Household Maintenance",2021-06-01,104.874
EUA,5,"Furnishings, Household Equipment and Routine Household Maintenance",2021-07-01,104.846
EUA,5,"Furnishings, Household Equipment and Routine Household Maintenance",2021-08-01,105.803
EUA,5,"Furnishings, Household Equipment and Routine Household Maintenance",2021-09-01,107.053
EUA,5,"Furnishings, Household Equipment and Routine Household Maintenance",2021-10-01,107.765
EUA,5,"Furnishings, Household Equipment and Routine Household Maintenance",2021-11-01,108.084
EUA,5,"Furnishings, Household Equipment and Routine Household Maintenance",2021-12-01,109.303
EUA,5,"Furnishings, Household Equipment and Routine Household Maintenance",2022-01-01,111.285
EUA,5,"Furnishings, Household Equipment and Routine Household Maintenance",2022-02-01,112.221
EUA,5,"Furnishings, Household Equipment and Routine Household Maintenance",2022-03-01,113.094
EUA,5,"Furnishings, Household Equipment and Routine Household Maintenance",2022-04-01,113.852
EUA,5,"Furnishings, Household Equipment and Routine Household Maintenance",2022-05-01,114.255
EUA,5,"Furnishings, Household Equipment and Routine Household Maintenance",2022-06-01,115.096
EUA,5,"Furnishings, Household Equipment and Routine Household Maintenance",2022-07-01,115.708
EUA,5,"Furnishings, Household Equipment and Routine Household Maintenance",2022-08-01,116.332
EUA,5,"Furnishings, Household Equipment and Routine Household Maintenance",2022-09-01,116.948
EUA,5,"Furnishings, Household Equipment and Routine Household Maintenance",2022-10-01,116.993
EUA,5,"Furnishings, Household Equipment and Routine Household Maintenance",2022-11-01,116.37
EUA,5,"Furnishings, Household Equipment and Routine Household Maintenance",2022-12-01,116.578
EUA,5,"Furnishings, Household Equipment and Routine Household Maintenance",2023-01-01,117.639
EUA,5,"Furnishings, Household Equipment and Routine Household Maintenance",2023-02-01,118.433
EUA,5,"Furnishings, Household Equipment and Routine Household Maintenance",2023-03-01,118.67
EUA,5,"Furnishings, Household Equipment and Routine Household Maintenance",2023-04-01,119.113
EUA,5,"Furnishings, Household Equipment and Routine Household Maintenance",2023-05-01,118.19
EUA,5,"Furnishings, Household Equipment and Routine Household Maintenance",2023-06-01,118.19
EUA,5,"Furnishings, Household Equipment and Routine Household Maintenance",2023-07-01,117.933
EUA,5,"Furnishings, Household Equipment and Routine Household Maintenance",2023-08-01,117.686
EUA,5,"Furnishings, Household Equipment and Routine Household Maintenance",2023-09-01,117.966
EUA,5,"Furnishings, Household Equipment and Routine Household Maintenance",2023-10-01,118.111
EUA,5,"Furnishings, Household Equipment and Routine Household Maintenance",2023-11-01,116.899
EUA,5,"Furnishings, Household Equipment and Routine Household Maintenance",2023-12-01,116.639
EUA,5,"Furnishings, Household Equipment and Routine Household Maintenance",2024-01-01,117.613
EUA,5,"Furnishings, Household Equipment and Routine Household Maintenance",2024-02-01,117.567
EUA,5,"Furnishings, Household Equipment and Routine Household Maintenance",2024-03-01,117.76
EUA,5,"Furnishings, Household Equipment and Routine Household Maintenance",2024-04-01,116.994
EUA,5,"Furnishings, Household Equipment and Routine Household Maintenance",2024-05-01,116.47
EUA,5,"Furnishings, Household Equipment and Routine Household Maintenance",2024-06-01,117.045
EUA,5,"Furnishings, Household Equipment and Routine Household Maintenance",2024-07-01,117.1
EUA,5,"Furnishings, Household Equipment and Routine Household Maintenance",2024-08-01,116.878
EUA,5,"Furnishings, Household Equipment and Routine Household Maintenance",2024-09-01,117.558
EUA,5,"Furnishings, Household Equipment and Routine Household Maintenance",2024-10-01,117.354
EUA,5,"Furnishings, Household Equipment and Routine Household Maintenance",2024-11-01,117.348
EUA,5,"Furnishings, Household Equipment and Routine Household Maintenance",2024-12-01,117.43
EUA,5.1.1,Furniture and Furnishing,2013-12-01,100.0
EUA,5.1.1,Furniture and Furnishing,2014-01-01,99.942
EUA,5.1.1,Furniture and Furnishing,2014-02-01,99.088
EUA,5.1.1,Furniture and Furnishing,2014-03-01,98.959
EUA,5.1.1,Furniture and Furnishing,2014-04-01,99.434
EUA,5.1.1,Furniture and Furnishing,2014-05-01,99.499
EUA,5.1.1,Furniture and Furnishing,2014-06-01,99.633
EUA,5.1.1,Furniture and Furnishing,2014-07-01,98.79
EUA,5.1.1,Furniture and Furnishing,2014-08-01,98.04
EUA,5.1.1,Furniture and Furnishing,2014-09-01,97.412
EUA,5.1.1,Furniture and Furnishing,2014-10-01,98.085
EUA,5.1.1,Furniture and Furnishing,2014-11-01,97.744
EUA,5.1.1,Furniture and Furnishing,2014-12-01,97.616
EUA,5.1.1,Furniture and Furnishing,2015-01-01,97.418
EUA,5.1.1,Furniture and Furnishing,2015-02-01,97.107
EUA,5.1.1,Furniture and Furnishing,2015-03-01,97.628
EUA,5.1.1,Furniture and Furnishing,2015-04-01,98.661
EUA,5.1.1,Furniture and Furnishing,2015-05-01,98.012
EUA,5.1.1,Furniture and Furnishing,2015-06-01,97.815
EUA,5.1.1,Furniture and Furnishing,2015-07-01,97.382
EUA,5.1.1,Furniture and Furnishing,2015-08-01,96.203
EUA,5.1.1,Furniture and Furnishing,2015-09-01,96.65
EUA,5.1.1,Furniture and Furnishing,2015-10-01,96.728
EUA,5.1.1,Furniture and Furnishing,2015-11-01,96.06
EUA,5.1.1,Furniture and Furnishing,2015-12-01,96.106
EUA,5.1.1,Furniture and Furnishing,2016-01-01,96.235
EUA,5.1.1,Furniture and Furnishing,2016-02-01,95.691
EUA,5.1.1,Furniture and Furnishing,2016-03-01,95.799
EUA,5.1.1,Furniture and Furnishing,2016-04-01,95.761
EUA,5.1.1,Furniture and Furnishing,2016-05-01,95.27
EUA,5.1.1,Furniture and Furnishing,2016-06-01,94.538
EUA,5.1.1,Furniture and Furnishing,2016-07-01,94.144
EUA,5.1.1,Furniture and Furnishing,2016-08-01,93.201
EUA,5.1.1,Furniture and Furnishing,2016-09-01,93.246
EUA,5.1.1,Furniture and Furnishing,2016-10-01,93.845
EUA,5.1.1,Furniture and Furnishing,2016-11-01,93.048
EUA,5.1.1,Furniture and Furnishing,2016-12-01,93.022
EUA,5.1.1,Furniture and Furnishing,2017-01-01,93.87
EUA,5.1.1,Furniture and Furnishing,2017-02-01,93.683
EUA,5.1.1,Furniture and Furnishing,2017-03-01,93.571
EUA,5.1.1,Furniture and Furnishing,2017-04-01,92.768
EUA,5.1.1,Furniture and Furnishing,2017-05-01,92.707
EUA,5.1.1,Furniture and Furnishing,2017-06-01,92.958
EUA,5.1.1,Furniture and Furnishing,2017-07-01,91.666
EUA,5.1.1,Furniture and Furnishing,2017-08-01,91.392
EUA,5.1.1,Furniture and Furnishing,2017-09-01,91.092
EUA,5.1.1,Furniture and Furnishing,2017-10-01,90.8
EUA,5.1.1,Furniture and Furnishing,2017-11-01,91.091
EUA,5.1.1,Furniture and Furnishing,2017-12-01,90.929
EUA,5.1.1,Furniture and Furnishing,2018-01-01,91.299
EUA,5.1.1,Furniture and Furnishing,2018-02-01,91.131
EUA,5.1.1,Furniture and Furnishing,2018-03-01,90.84
EUA,5.1.1,Furniture and Furnishing,2018-04-01,91.42
EUA,5.1.1,Furniture and Furnishing,2018-05-01,90.604
EUA,5.1.1,Furniture and Furnishing,2018-06-01,90.631
EUA,5.1.1,Furniture and Furnishing,2018-07-01,90.324
EUA,5.1.1,Furniture and Furnishing,2018-08-01,89.823
EUA,5.1.1,Furniture and Furnishing,2018-09-01,90.277
EUA,5.1.1,Furniture and Furnishing,2018-10-01,90.842
EUA,5.1.1,Furniture and Furnishing,2018-11-01,90.954
EUA,5.1.1,Furniture and Furnishing,2018-12-01,90.726
EUA,5.1.1,Furniture and Furnishing,2019-01-01,91.326
EUA,5.1.1,Furniture and Furnishing,2019-02-01,92.391
EUA,5.1.1,Furniture and Furnishing,2019-03-01,92.5
EUA,5.1.1,Furniture and Furnishing,2019-04-01,91.788
EUA,5.1.1,Furniture and Furnishing,2019-05-01,92.319
EUA,5.1.1,Furniture and Furnishing,2019-06-01,92.548
EUA,5.1.1,Furniture and Furnishing,2019-07-01,92.43
EUA,5.1.1,Furniture and Furnishing,2019-08-01,91.435
EUA,5.1.1,Furniture and Furnishing,2019-09-01,91.959
EUA,5.1.1,Furniture and Furnishing,2019-10-01,92.445
EUA,5.1.1,Furniture and Furnishing,2019-11-01,92.199
EUA,5.1.1,Furniture and Furnishing,2019-12-01,91.384
EUA,5.1.1,Furniture and Furnishing,2020-01-01,91.681
EUA,5.1.1,Furniture and Furnishing,2020-02-01,92.148
EUA,5.1.1,Furniture and Furnishing,2020-03-01,91.252
EUA,5.1.1,Furniture and Furnishing,2020-04-01,90.594
EUA,5.1.1,Furniture and Furnishing,2020-05-01,91.317
EUA,5.1.1,Furniture and Furnishing,2020-06-01,91.785
EUA,5.1.1,Furniture and Furnishing,2020-07-01,91.273
EUA,5.1.1,Furniture and Furnishing,2020-08-01,92.663
EUA,5.1.1,Furniture and Furnishing,2020-09-01,93.063
EUA,5.1.1,Furniture and Furnishing,2020-10-01,92.533
EUA,5.1.1,Furniture and Furnishing,2020-11-01,93.292
EUA,5.1.1,Furniture and Furnishing,2020-12-01,93.339
EUA,5.1.1,Furniture and Furnishing,2021-01-01,93.377
EUA,5.1.1,Furniture and Furnishing,2021-02-01,93.516
EUA,5.1.1,Furniture and Furnishing,2021-03-01,94.641
EUA,5.1.1,Furniture and Furnishing,2021-04-01,96.207
EUA,5.1.1,Furniture and Furnishing,2021-05-01,97.564
EUA,5.1.1,Furniture and Furnishing,2021-06-01,97.925
EUA,5.1.1,Furniture and Furnishing,2021-07-01,97.363
EUA,5.1.1,Furniture and Furnishing,2021-08-01,98.973
EUA,5.1.1,Furniture and Furnishing,2021-09-01,100.859
EUA,5.1.1,Furniture and Furnishing,2021-10-01,101.664
EUA,5.1.1,Furniture and Furnishing,2021-11-01,102.407
EUA,5.1.1,Furniture and Furnishing,2021-12-01,104.106
EUA,5.1.1,Furniture and Furnishing,2022-01-01,106.612
EUA,5.1.1,Furniture and Furnishing,2022-02-01,107.551
EUA,5.1.1,Furniture and Furnishing,2022-03-01,108.476
EUA,5.1.1,Furniture and Furnishing,2022-04-01,109.429
EUA,5.1.1,Furniture and Furnishing,2022-05-01,108.54
EUA,5.1.1,Furniture and Furnishing,2022-06-01,109.499
EUA,5.1.1,Furniture and Furnishing,2022-07-01,110.124
EUA,5.1.1,Furniture and Furnishing,2022-08-01,110.676
EUA,5.1.1,Furniture and Furnishing,2022-09-01,111.094
EUA,5.1.1,Furniture and Furnishing,2022-10-01,110.294
EUA,5.1.1,Furniture and Furnishing,2022-11-01,109.411
EUA,5.1.1,Furniture and Furnishing,2022-12-01,108.89
EUA,5.1.1,Furniture and Furnishing,2023-01-01,109.211
EUA,5.1.1,Furniture and Furnishing,2023-02-01,109.662
EUA,5.1.1,Furniture and Furnishing,2023-03-01,110.009
EUA,5.1.1,Furniture and Furnishing,2023-04-01,109.739
EUA,5.1.1,Furniture and Furnishing,2023-05-01,108.876
EUA,5.1.1,Furniture and Furnishing,2023-06-01,108.672
EUA,5.1.1,Furniture and Furnishing,2023-07-01,108.451
EUA,5.1.1,Furniture and Furnishing,2023-08-01,107.649
EUA,5.1.1,Furniture and Furnishing,2023-09-01,106.81
EUA,5.1.1,Furniture and Furnishing,2023-10-01,107.745
EUA,5.1.1,Furniture and Furnishing,2023-11-01,106.219
EUA,5.1.1,Furniture and Furnishing,2023-12-01,105.146
EUA,5.1.1,Furniture and Furnishing,2024-01-01,106.24
EUA,5.1.1,Furniture and Furnishing,2024-02-01,105.775
EUA,5.1.1,Furniture and Furnishing,2024-03-01,105.921
EUA,5.1.1,Furniture and Furnishing,2024-04-01,105.681
EUA,5.1.1,Furniture and Furnishing,2024-05-01,105.034
EUA,5.1.1,Furniture and Furnishing,2024-06-01,104.367
EUA,5.1.1,Furniture and Furnishing,2024-07-01,103.922
EUA,5.1.1,Furniture and Furnishing,2024-08-01,103.029
EUA,5.1.1,Furniture and Furnishing,2024-09-01,104.006
EUA,5.1.1,Furniture and Furnishing,2024-10-01,104.744
EUA,5.1.1,Furniture and Furnishing,2024-11-01,104.588
EUA,5.1.1,Furniture and Furnishing,2024-12-01,103.759
EUA,5.1.2,Carpets and Other Floor Coverings,2013-12-01,100.0
EUA,5.1.2,Carpets and Other Floor Coverings,2014-01-01,100.249
EUA,5.1.2,Carpets and Other Floor Coverings,2014-02-01,100.513
EUA,5.1.2,Carpets and Other Floor Coverings,2014-03-01,100.179
EUA,5.1.2,Carpets and Other Floor Coverings,2014-04-01,100.64
EUA,5.1.2,Carpets and Other Floor Coverings,2014-05-01,100.821
EUA,5.1.2,Carpets and Other Floor Coverings,2014-06-01,101.036
EUA,5.1.2,Carpets and Other Floor Coverings,2014-07-01,101.912
EUA,5.1.2,Carpets and Other Floor Coverings,2014-08-01,102.678
EUA,5.1.2,Carpets and Other Floor Coverings,2014-09-01,103.008
EUA,5.1.2,Carpets and Other Floor Coverings,2014-10-01,101.77
EUA,5.1.2,Carpets and Other Floor Coverings,2014-11-01,101.042
EUA,5.1.2,Carpets and Other Floor Coverings,2014-12-01,100.794
EUA,5.1.2,Carpets and Other Floor Coverings,2015-01-01,101.591
EUA,5.1.2,Carpets and Other Floor Coverings,2015-02-01,101.412
EUA,5.1.2,Carpets and Other Floor Coverings,2015-03-01,101.351
EUA,5.1.2,Carpets and Other Floor Coverings,2015-04-01,101.881
EUA,5.1.2,Carpets and Other Floor Coverings,2015-05-01,101.607
EUA,5.1.2,Carpets and Other Floor Coverings,2015-06-01,102.126
EUA,5.1.2,Carpets and Other Floor Coverings,2015-07-01,102.15
EUA,5.1.2,Carpets and Other Floor Coverings,2015-08-01,101.213
EUA,5.1.2,Carpets and Other Floor Coverings,2015-09-01,100.548
EUA,5.1.2,Carpets and Other Floor Coverings,2015-10-01,101.31
EUA,5.1.2,Carpets and Other Floor Coverings,2015-11-01,101.196
EUA,5.1.2,Carpets and Other Floor Coverings,2015-12-01,101.721
EUA,5.1.2,Carpets and Other Floor Coverings,2016-01-01,102.05
EUA,5.1.2,Carpets and Other Floor Coverings,2016-02-01,101.567
EUA,5.1.2,Carpets and Other Floor Coverings,2016-03-01,102.545
EUA,5.1.2,Carpets and Other Floor Coverings,2016-04-01,102.969
EUA,5.1.2,Carpets and Other Floor Coverings,2016-05-01,102.502
EUA,5.1.2,Carpets and Other Floor Coverings,2016-06-01,103.161
EUA,5.1.2,Carpets and Other Floor Coverings,2016-07-01,102.793
EUA,5.1.2,Carpets and Other Floor Coverings,2016-08-01,103.504
EUA,5.1.2,Carpets and Other Floor Coverings,2016-09-01,104.472
EUA,5.1.2,Carpets and Other Floor Coverings,2016-10-01,102.76
EUA,5.1.2,Carpets and Other Floor Coverings,2016-11-01,102.955
EUA,5.1.2,Carpets and Other Floor Coverings,2016-12-01,103.096
EUA,5.1.2,Carpets and Other Floor Coverings,2017-01-01,102.457
EUA,5.1.2,Carpets and Other Floor Coverings,2017-02-01,101.499
EUA,5.1.2,Carpets and Other Floor Coverings,2017-03-01,101.254
EUA,5.1.2,Carpets and Other Floor Coverings,2017-04-01,102.711
EUA,5.1.2,Carpets and Other Floor Coverings,2017-05-01,103.521
EUA,5.1.2,Carpets and Other Floor Coverings,2017-06-01,102.425
EUA,5.1.2,Carpets and Other Floor Coverings,2017-07-01,101.515
EUA,5.1.2,Carpets and Other Floor Coverings,2017-08-01,101.606
EUA,5.1.2,Carpets and Other Floor Coverings,2017-09-01,101.225
EUA,5.1.2,Carpets and Other Floor Coverings,2017-10-01,101.473
EUA,5.1.2,Carpets and Other Floor Coverings,2017-11-01,103.118
EUA,5.1.2,Carpets and Other Floor Coverings,2017-12-01,101.126
EUA,5.1.2,Carpets and Other Floor Coverings,2018-01-01,102.578
EUA,5.1.2,Carpets and Other Floor Coverings,2018-02-01,105.027
EUA,5.1.2,Carpets and Other Floor Coverings,2018-03-01,105.749
EUA,5.1.2,Carpets and Other Floor Coverings,2018-04-01,107.123
EUA,5.1.2,Carpets and Other Floor Coverings,2018-05-01,106.341
EUA,5.1.2,Carpets and Other Floor Coverings,2018-06-01,104.777
EUA,5.1.2,Carpets and Other Floor Coverings,2018-07-01,102.976
EUA,5.1.2,Carpets and Other Floor Coverings,2018-08-01,104.103
EUA,5.1.2,Carpets and Other Floor Coverings,2018-09-01,104.295
EUA,5.1.2,Carpets and Other Floor Coverings,2018-10-01,104.412
EUA,5.1.2,Carpets and Other Floor Coverings,2018-11-01,105.115
EUA,5.1.2,Carpets and Other Floor Coverings,2018-12-01,105.353
EUA,5.1.2,Carpets and Other Floor Coverings,2019-01-01,105.77
EUA,5.1.2,Carpets and Other Floor Coverings,2019-02-01,104.725
EUA,5.1.2,Carpets and Other Floor Coverings,2019-03-01,106.654
EUA,5.1.2,Carpets and Other Floor Coverings,2019-04-01,106.636
EUA,5.1.2,Carpets and Other Floor Coverings,2019-05-01,107.097
EUA,5.1.2,Carpets and Other Floor Coverings,2019-06-01,108.43
EUA,5.1.2,Carpets and Other Floor Coverings,2019-07-01,109.169
EUA,5.1.2,Carpets and Other Floor Coverings,2019-08-01,108.025
EUA,5.1.2,Carpets and Other Floor Coverings,2019-09-01,106.14
EUA,5.1.2,Carpets and Other Floor Coverings,2019-10-01,104.574
EUA,5.1.2,Carpets and Other Floor Coverings,2019-11-01,103.863
EUA,5.1.2,Carpets and Other Floor Coverings,2019-12-01,104.647
EUA,5.1.2,Carpets and Other Floor Coverings,2020-01-01,105.521
EUA,5.1.2,Carpets and Other Floor Coverings,2020-02-01,105.764
EUA,5.1.2,Carpets and Other Floor Coverings,2020-03-01,105.341
EUA,5.1.2,Carpets and Other Floor Coverings,2020-04-01,105.046
EUA,5.1.2,Carpets and Other Floor Coverings,2020-05-01,104.243
EUA,5.1.2,Carpets and Other Floor Coverings,2020-06-01,103.879
EUA,5.1.2,Carpets and Other Floor Coverings,2020-07-01,104.32
EUA,5.1.2,Carpets and Other Floor Coverings,2020-08-01,105.513
EUA,5.1.2,Carpets and Other Floor Coverings,2020-09-01,104.694
EUA,5.1.2,Carpets and Other Floor Coverings,2020-10-01,104.871
EUA,5.1.2,Carpets and Other Floor Coverings,2020-11-01,104.409
EUA,5.1.2,Carpets and Other Floor Coverings,2020-12-01,103.03
EUA,5.1.2,Carpets and Other Floor Coverings,2021-01-01,103.545
EUA,5.1.2,Carpets and Other Floor Coverings,2021-02-01,104.52
EUA,5.1.2,Carpets and Other Floor Coverings,2021-03-01,103.733
EUA,5.1.2,Carpets and Other Floor Coverings,2021-04-01,103.554
EUA,5.1.2,Carpets and Other Floor Coverings,2021-05-01,106.316
EUA,5.1.2,Carpets and Other Floor Coverings,2021-06-01,109.392
EUA,5.1.2,Carpets and Other Floor Coverings,2021-07-01,110.428
EUA,5.1.2,Carpets and Other Floor Coverings,2021-08-01,107.465
EUA,5.1.2,Carpets and Other Floor Coverings,2021-09-01,108.484
EUA,5.1.2,Carpets and Other Floor Coverings,2021-10-01,109.012
EUA,5.1.2,Carpets and Other Floor Coverings,2021-11-01,112.367
EUA,5.1.2,Carpets and Other Floor Coverings,2021-12-01,110.072
EUA,5.1.2,Carpets and Other Floor Coverings,2022-01-01,110.999
EUA,5.1.2,Carpets and Other Floor Coverings,2022-02-01,116.307
EUA,5.1.2,Carpets and Other Floor Coverings,2022-03-01,114.415
EUA,5.1.2,Carpets and Other Floor Coverings,2022-04-01,115.36
EUA,5.1.2,Carpets and Other Floor Coverings,2022-05-01,117.88
EUA,5.1.2,Carpets and Other Floor Coverings,2022-06-01,119.013
EUA,5.1.2,Carpets and Other Floor Coverings,2022-07-01,119.168
EUA,5.1.2,Carpets and Other Floor Coverings,2022-08-01,123.419
EUA,5.1.2,Carpets and Other Floor Coverings,2022-09-01,124.709
EUA,5.1.2,Carpets and Other Floor Coverings,2022-10-01,123.01
EUA,5.1.2,Carpets and Other Floor Coverings,2022-11-01,123.788
EUA,5.1.2,Carpets and Other Floor Coverings,2022-12-01,123.78
EUA,5.1.2,Carpets and Other Floor Coverings,2023-01-01,125.624
EUA,5.1.2,Carpets and Other Floor Coverings,2023-02-01,126.028
EUA,5.1.2,Carpets and Other Floor Coverings,2023-03-01,126.991
EUA,5.1.2,Carpets and Other Floor Coverings,2023-04-01,126.772
EUA,5.1.2,Carpets and Other Floor Coverings,2023-05-01,126.953
EUA,5.1.2,Carpets and Other Floor Coverings,2023-06-01,126.23
EUA,5.1.2,Carpets and Other Floor Coverings,2023-07-01,124.977
EUA,5.1.2,Carpets and Other Floor Coverings,2023-08-01,123.719
EUA,5.1.2,Carpets and Other Floor Coverings,2023-09-01,124.176
EUA,5.1.2,Carpets and Other Floor Coverings,2023-10-01,124.351
EUA,5.1.2,Carpets and Other Floor Coverings,2023-11-01,122.312
EUA,5.1.2,Carpets and Other Floor Coverings,2023-12-01,124.908
EUA,5.1.2,Carpets and Other Floor Coverings,2024-01-01,126.2
EUA,5.1.2,Carpets and Other Floor Coverings,2024-02-01,126.669
EUA,5.1.2,Carpets and Other Floor Coverings,2024-03-01,125.546
EUA,5.1.2,Carpets and Other Floor Coverings,2024-04-01,124.817
EUA,5.1.2,Carpets and Other Floor Coverings,2024-05-01,121.492
EUA,5.1.2,Carpets and Other Floor Coverings,2024-06-01,121.303
EUA,5.1.2,Carpets and Other Floor Coverings,2024-07-01,119.262
EUA,5.1.2,Carpets and Other Floor Coverings,2024-08-01,122.126
EUA,5.1.2,Carpets and Other Floor Coverings,2024-09-01,120.452
EUA,5.1.2,Carpets and Other Floor Coverings,2024-10-01,119.014
EUA,5.1.2,Carpets and Other Floor Coverings,2024-11-01,118.489
EUA,5.1.2,Carpets and Other Floor Coverings,2024-12-01,119.758
EUA,5.1.3,"Repair of Furniture, Furnishings, and Floor Coverings",2013-12-01,100.0
EUA,5.1.3,"Repair of Furniture, Furnishings, and Floor Coverings",2014-01-01,99.839
EUA,5.1.3,"Repair of Furniture, Furnishings, and Floor Coverings",2014-02-01,99.962
EUA,5.1.3,"Repair of Furniture, Furnishings, and Floor Coverings",2014-03-01,99.886
EUA,5.1.3,"Repair of Furniture, Furnishings, and Floor Coverings",2014-04-01,99.828
EUA,5.1.3,"Repair of Furniture, Furnishings, and Floor Coverings",2014-05-01,100.573
EUA,5.1.3,"Repair of Furniture, Furnishings, and Floor Coverings",2014-06-01,100.573
EUA,5.1.3,"Repair of Furniture, Furnishings, and Floor Coverings",2014-07-01,102.158
EUA,5.1.3,"Repair of Furniture, Furnishings, and Floor Coverings",2014-08-01,102.204
EUA,5.1.3,"Repair of Furniture, Furnishings, and Floor Coverings",2014-09-01,102.635
EUA,5.1.3,"Repair of Furniture, Furnishings, and Floor Coverings",2014-10-01,103.095
EUA,5.1.3,"Repair of Furniture, Furnishings, and Floor Coverings",2014-11-01,103.168
EUA,5.1.3,"Repair of Furniture, Furnishings, and Floor Coverings",2014-12-01,103.951
EUA,5.1.3,"Repair of Furniture, Furnishings, and Floor Coverings",2015-01-01,104.271
EUA,5.1.3,"Repair of Furniture, Furnishings, and Floor Coverings",2015-02-01,104.31
EUA,5.1.3,"Repair of Furniture, Furnishings, and Floor Coverings",2015-03-01,104.273
EUA,5.1.3,"Repair of Furniture, Furnishings, and Floor Coverings",2015-04-01,104.275
EUA,5.1.3,"Repair of Furniture, Furnishings, and Floor Coverings",2015-05-01,104.28
EUA,5.1.3,"Repair of Furniture, Furnishings, and Floor Coverings",2015-06-01,105.932
EUA,5.1.3,"Repair of Furniture, Furnishings, and Floor Coverings",2015-07-01,105.188
EUA,5.1.3,"Repair of Furniture, Furnishings, and Floor Coverings",2015-08-01,105.173
EUA,5.1.3,"Repair of Furniture, Furnishings, and Floor Coverings",2015-09-01,105.336
EUA,5.1.3,"Repair of Furniture, Furnishings, and Floor Coverings",2015-10-01,105.873
EUA,5.1.3,"Repair of Furniture, Furnishings, and Floor Coverings",2015-11-01,106.766
EUA,5.1.3,"Repair of Furniture, Furnishings, and Floor Coverings",2015-12-01,106.351
EUA,5.1.3,"Repair of Furniture, Furnishings, and Floor Coverings",2016-01-01,106.265
EUA,5.1.3,"Repair of Furniture, Furnishings, and Floor Coverings",2016-02-01,107.363
EUA,5.1.3,"Repair of Furniture, Furnishings, and Floor Coverings",2016-03-01,107.503
EUA,5.1.3,"Repair of Furniture, Furnishings, and Floor Coverings",2016-04-01,106.039
EUA,5.1.3,"Repair of Furniture, Furnishings, and Floor Coverings",2016-05-01,107.487
EUA,5.1.3,"Repair of Furniture, Furnishings, and Floor Coverings",2016-06-01,107.714
EUA,5.1.3,"Repair of Furniture, Furnishings, and Floor Coverings",2016-07-01,107.791
EUA,5.1.3,"Repair of Furniture, Furnishings, and Floor Coverings",2016-08-01,107.898
EUA,5.1.3,"Repair of Furniture, Furnishings, and Floor Coverings",2016-09-01,107.943
EUA,5.1.3,"Repair of Furniture, Furnishings, and Floor Coverings",2016-10-01,109.487
EUA,5.1.3,"Repair of Furniture, Furnishings, and Floor Coverings",2016-11-01,110.233
EUA,5.1.3,"Repair of Furniture, Furnishings, and Floor Coverings",2016-12-01,111.653
EUA,5.1.3,"Repair of Furniture, Furnishings, and Floor Coverings",2017-01-01,111.463
EUA,5.1.3,"Repair of Furniture, Furnishings, and Floor Coverings",2017-02-01,111.757
EUA,5.1.3,"Repair of Furniture, Furnishings, and Floor Coverings",2017-03-01,113.013
EUA,5.1.3,"Repair of Furniture, Furnishings, and Floor Coverings",2017-04-01,113.286
EUA,5.1.3,"Repair of Furniture, Furnishings, and Floor Coverings",2017-05-01,114.517
EUA,5.1.3,"Repair of Furniture, Furnishings, and Floor Coverings",2017-06-01,115.269
EUA,5.1.3,"Repair of Furniture, Furnishings, and Floor Coverings",2017-07-01,115.513
EUA,5.1.3,"Repair of Furniture, Furnishings, and Floor Coverings",2017-08-01,115.182
EUA,5.1.3,"Repair of Furniture, Furnishings, and Floor Coverings",2017-09-01,115.357
EUA,5.1.3,"Repair of Furniture, Furnishings, and Floor Coverings",2017-10-01,115.219
EUA,5.1.3,"Repair of Furniture, Furnishings, and Floor Coverings",2017-11-01,115.219
EUA,5.1.3,"Repair of Furniture, Furnishings, and Floor Coverings",2017-12-01,116.463
EUA,5.1.3,"Repair of Furniture, Furnishings, and Floor Coverings",2018-01-01,116.463
EUA,5.1.3,"Repair of Furniture, Furnishings, and Floor Coverings",2018-02-01,122.315
EUA,5.1.3,"Repair of Furniture, Furnishings, and Floor Coverings",2018-03-01,122.315
EUA,5.1.3,"Repair of Furniture, Furnishings, and Floor Coverings",2018-04-01,122.352
EUA,5.1.3,"Repair of Furniture, Furnishings, and Floor Coverings",2018-05-01,122.385
EUA,5.1.3,"Repair of Furniture, Furnishings, and Floor Coverings",2018-06-01,122.447
EUA,5.1.3,"Repair of Furniture, Furnishings, and Floor Coverings",2018-07-01,123.494
EUA,5.1.3,"Repair of Furniture, Furnishings, and Floor Coverings",2018-08-01,120.453
EUA,5.1.3,"Repair of Furniture, Furnishings, and Floor Coverings",2018-09-01,120.703
EUA,5.1.3,"Repair of Furniture, Furnishings, and Floor Coverings",2018-10-01,119.937
EUA,5.1.3,"Repair of Furniture, Furnishings, and Floor Coverings",2018-11-01,119.911
EUA,5.1.3,"Repair of Furniture, Furnishings, and Floor Coverings",2018-12-01,121.649
EUA,5.1.3,"Repair of Furniture, Furnishings, and Floor Coverings",2019-01-01,123.073
EUA,5.1.3,"Repair of Furniture, Furnishings, and Floor Coverings",2019-02-01,122.624
EUA,5.1.3,"Repair of Furniture, Furnishings, and Floor Coverings",2019-03-01,122.576
EUA,5.1.3,"Repair of Furniture, Furnishings, and Floor Coverings",2019-04-01,130.432
EUA,5.1.3,"Repair of Furniture, Furnishings, and Floor Coverings",2019-05-01,130.274
EUA,5.1.3,"Repair of Furniture, Furnishings, and Floor Coverings",2019-06-01,133.265
EUA,5.1.3,"Repair of Furniture, Furnishings, and Floor Coverings",2019-07-01,131.526
EUA,5.1.3,"Repair of Furniture, Furnishings, and Floor Coverings",2019-08-01,130.949
EUA,5.1.3,"Repair of Furniture, Furnishings, and Floor Coverings",2019-09-01,128.633
EUA,5.1.3,"Repair of Furniture, Furnishings, and Floor Coverings",2019-10-01,128.988
EUA,5.1.3,"Repair of Furniture, Furnishings, and Floor Coverings",2019-11-01,129.364
EUA,5.1.3,"Repair of Furniture, Furnishings, and Floor Coverings",2019-12-01,129.209
EUA,5.1.3,"Repair of Furniture, Furnishings, and Floor Coverings",2020-01-01,129.791
EUA,5.1.3,"Repair of Furniture, Furnishings, and Floor Coverings",2020-02-01,129.445
EUA,5.1.3,"Repair of Furniture, Furnishings, and Floor Coverings",2020-03-01,129.567
EUA,5.1.3,"Repair of Furniture, Furnishings, and Floor Coverings",2020-04-01,129.875
EUA,5.1.3,"Repair of Furniture, Furnishings, and Floor Coverings",2020-05-01,128.151
EUA,5.1.3,"Repair of Furniture, Furnishings, and Floor Coverings",2020-06-01,128.176
EUA,5.1.3,"Repair of Furniture, Furnishings, and Floor Coverings",2020-07-01,128.199
EUA,5.1.3,"Repair of Furniture, Furnishings, and Floor Coverings",2020-08-01,128.362
EUA,5.1.3,"Repair of Furniture, Furnishings, and Floor Coverings",2020-09-01,128.91
EUA,5.1.3,"Repair of Furniture, Furnishings, and Floor Coverings",2020-10-01,128.793
EUA,5.1.3,"Repair of Furniture, Furnishings, and Floor Coverings",2020-11-01,128.793
EUA,5.1.3,"Repair of Furniture, Furnishings, and Floor Coverings",2020-12-01,129.923
EUA,5.1.3,"Repair of Furniture, Furnishings, and Floor Coverings",2021-01-01,130.005
EUA,5.1.3,"Repair of Furniture, Furnishings, and Floor Coverings",2021-02-01,131.076
EUA,5.1.3,"Repair of Furniture, Furnishings, and Floor Coverings",2021-03-01,131.66
EUA,5.1.3,"Repair of Furniture, Furnishings, and Floor Coverings",2021-04-01,134.862
EUA,5.1.3,"Repair of Furniture, Furnishings, and Floor Coverings",2021-05-01,135.024
EUA,5.1.3,"Repair of Furniture, Furnishings, and Floor Coverings",2021-06-01,135.01
EUA,5.1.3,"Repair of Furniture, Furnishings, and Floor Coverings",2021-07-01,135.964
EUA,5.1.3,"Repair of Furniture, Furnishings, and Floor Coverings",2021-08-01,136.028
EUA,5.1.3,"Repair of Furniture, Furnishings, and Floor Coverings",2021-09-01,136.156
EUA,5.1.3,"Repair of Furniture, Furnishings, and Floor Coverings",2021-10-01,139.544
EUA,5.1.3,"Repair of Furniture, Furnishings, and Floor Coverings",2021-11-01,144.704
EUA,5.1.3,"Repair of Furniture, Furnishings, and Floor Coverings",2021-12-01,145.031
EUA,5.1.3,"Repair of Furniture, Furnishings, and Floor Coverings",2022-01-01,147.395
EUA,5.1.3,"Repair of Furniture, Furnishings, and Floor Coverings",2022-02-01,145.754
EUA,5.1.3,"Repair of Furniture, Furnishings, and Floor Coverings",2022-03-01,146.067
EUA,5.1.3,"Repair of Furniture, Furnishings, and Floor Coverings",2022-04-01,147.742
EUA,5.1.3,"Repair of Furniture, Furnishings, and Floor Coverings",2022-05-01,148.306
EUA,5.1.3,"Repair of Furniture, Furnishings, and Floor Coverings",2022-06-01,145.136
EUA,5.1.3,"Repair of Furniture, Furnishings, and Floor Coverings",2022-07-01,145.927
EUA,5.1.3,"Repair of Furniture, Furnishings, and Floor Coverings",2022-08-01,145.985
EUA,5.1.3,"Repair of Furniture, Furnishings, and Floor Coverings",2022-09-01,147.937
EUA,5.1.3,"Repair of Furniture, Furnishings, and Floor Coverings",2022-10-01,148.399
EUA,5.1.3,"Repair of Furniture, Furnishings, and Floor Coverings",2022-11-01,149.627
EUA,5.1.3,"Repair of Furniture, Furnishings, and Floor Coverings",2022-12-01,155.564
EUA,5.2.0,Household Textiles,2013-12-01,100.0
EUA,5.2.0,Household Textiles,2014-01-01,101.56
EUA,5.2.0,Household Textiles,2014-02-01,100.787
EUA,5.2.0,Household Textiles,2014-03-01,100.379
EUA,5.2.0,Household Textiles,2014-04-01,99.563
EUA,5.2.0,Household Textiles,2014-05-01,100.124
EUA,5.2.0,Household Textiles,2014-06-01,100.641
EUA,5.2.0,Household Textiles,2014-07-01,101.045
EUA,5.2.0,Household Textiles,2014-08-01,99.383
EUA,5.2.0,Household Textiles,2014-09-01,99.29
EUA,5.2.0,Household Textiles,2014-10-01,99.172
EUA,5.2.0,Household Textiles,2014-11-01,98.606
EUA,5.2.0,Household Textiles,2014-12-01,96.114
EUA,5.2.0,Household Textiles,2015-01-01,97.065
EUA,5.2.0,Household Textiles,2015-02-01,96.717
EUA,5.2.0,Household Textiles,2015-03-01,95.658
EUA,5.2.0,Household Textiles,2015-04-01,96.408
EUA,5.2.0,Household Textiles,2015-05-01,95.668
EUA,5.2.0,Household Textiles,2015-06-01,96.31
EUA,5.2.0,Household Textiles,2015-07-01,95.681
EUA,5.2.0,Household Textiles,2015-08-01,94.425
EUA,5.2.0,Household Textiles,2015-09-01,94.818
EUA,5.2.0,Household Textiles,2015-10-01,94.049
EUA,5.2.0,Household Textiles,2015-11-01,94.318
EUA,5.2.0,Household Textiles,2015-12-01,95.475
EUA,5.2.0,Household Textiles,2016-01-01,96.074
EUA,5.2.0,Household Textiles,2016-02-01,95.682
EUA,5.2.0,Household Textiles,2016-03-01,93.903
EUA,5.2.0,Household Textiles,2016-04-01,93.852
EUA,5.2.0,Household Textiles,2016-05-01,93.204
EUA,5.2.0,Household Textiles,2016-06-01,92.207
EUA,5.2.0,Household Textiles,2016-07-01,93.554
EUA,5.2.0,Household Textiles,2016-08-01,92.928
EUA,5.2.0,Household Textiles,2016-09-01,93.107
EUA,5.2.0,Household Textiles,2016-10-01,94.32
EUA,5.2.0,Household Textiles,2016-11-01,92.38
EUA,5.2.0,Household Textiles,2016-12-01,90.369
EUA,5.2.0,Household Textiles,2017-01-01,92.272
EUA,5.2.0,Household Textiles,2017-02-01,92.614
EUA,5.2.0,Household Textiles,2017-03-01,93.084
EUA,5.2.0,Household Textiles,2017-04-01,92.659
EUA,5.2.0,Household Textiles,2017-05-01,90.126
EUA,5.2.0,Household Textiles,2017-06-01,88.963
EUA,5.2.0,Household Textiles,2017-07-01,89.403
EUA,5.2.0,Household Textiles,2017-08-01,88.845
EUA,5.2.0,Household Textiles,2017-09-01,90.388
EUA,5.2.0,Household Textiles,2017-10-01,90.807
EUA,5.2.0,Household Textiles,2017-11-01,88.082
EUA,5.2.0,Household Textiles,2017-12-01,88.529
EUA,5.2.0,Household Textiles,2018-01-01,91.965
EUA,5.2.0,Household Textiles,2018-02-01,92.128
EUA,5.2.0,Household Textiles,2018-03-01,90.83
EUA,5.2.0,Household Textiles,2018-04-01,90.808
EUA,5.2.0,Household Textiles,2018-05-01,89.859
EUA,5.2.0,Household Textiles,2018-06-01,89.318
EUA,5.2.0,Household Textiles,2018-07-01,88.853
EUA,5.2.0,Household Textiles,2018-08-01,88.418
EUA,5.2.0,Household Textiles,2018-09-01,89.463
EUA,5.2.0,Household Textiles,2018-10-01,91.297
EUA,5.2.0,Household Textiles,2018-11-01,88.815
EUA,5.2.0,Household Textiles,2018-12-01,87.821
EUA,5.2.0,Household Textiles,2019-01-01,91.017
EUA,5.2.0,Household Textiles,2019-02-01,89.488
EUA,5.2.0,Household Textiles,2019-03-01,89.76
EUA,5.2.0,Household Textiles,2019-04-01,88.477
EUA,5.2.0,Household Textiles,2019-05-01,88.077
EUA,5.2.0,Household Textiles,2019-06-01,87.129
EUA,5.2.0,Household Textiles,2019-07-01,88.332
EUA,5.2.0,Household Textiles,2019-08-01,88.916
EUA,5.2.0,Household Textiles,2019-09-01,89.386
EUA,5.2.0,Household Textiles,2019-10-01,87.78
EUA,5.2.0,Household Textiles,2019-11-01,85.811
EUA,5.2.0,Household Textiles,2019-12-01,86.465
EUA,5.2.0,Household Textiles,2020-01-01,89.85
EUA,5.2.0,Household Textiles,2020-02-01,91.135
EUA,5.2.0,Household Textiles,2020-03-01,90.448
EUA,5.2.0,Household Textiles,2020-04-01,89.582
EUA,5.2.0,Household Textiles,2020-05-01,88.689
EUA,5.2.0,Household Textiles,2020-06-01,90.333
EUA,5.2.0,Household Textiles,2020-07-01,89.609
EUA,5.2.0,Household Textiles,2020-08-01,90.407
EUA,5.2.0,Household Textiles,2020-09-01,90.766
EUA,5.2.0,Household Textiles,2020-10-01,89.399
EUA,5.2.0,Household Textiles,2020-11-01,87.112
EUA,5.2.0,Household Textiles,2020-12-01,85.361
EUA,5.2.0,Household Textiles,2021-01-01,87.737
EUA,5.2.0,Household Textiles,2021-02-01,88.12
EUA,5.2.0,Household Textiles,2021-03-01,88.234
EUA,5.2.0,Household Textiles,2021-04-01,89.221
EUA,5.2.0,Household Textiles,2021-05-01,89.732
EUA,5.2.0,Household Textiles,2021-06-01,91.045
EUA,5.2.0,Household Textiles,2021-07-01,89.506
EUA,5.2.0,Household Textiles,2021-08-01,92.2
EUA,5.2.0,Household Textiles,2021-09-01,95.894
EUA,5.2.0,Household Textiles,2021-10-01,94.884
EUA,5.2.0,Household Textiles,2021-11-01,93.106
EUA,5.2.0,Household Textiles,2021-12-01,94.118
EUA,5.2.0,Household Textiles,2022-01-01,95.667
EUA,5.2.0,Household Textiles,2022-02-01,95.374
EUA,5.2.0,Household Textiles,2022-03-01,96.369
EUA,5.2.0,Household Textiles,2022-04-01,97.227
EUA,5.2.0,Household Textiles,2022-05-01,96.63
EUA,5.2.0,Household Textiles,2022-06-01,96.974
EUA,5.2.0,Household Textiles,2022-07-01,96.856
EUA,5.2.0,Household Textiles,2022-08-01,98.857
EUA,5.2.0,Household Textiles,2022-09-01,99.767
EUA,5.2.0,Household Textiles,2022-10-01,100.379
EUA,5.2.0,Household Textiles,2022-11-01,98.395
EUA,5.2.0,Household Textiles,2022-12-01,98.028
EUA,5.2.0,Household Textiles,2023-01-01,101.564
EUA,5.2.0,Household Textiles,2023-02-01,100.029
EUA,5.2.0,Household Textiles,2023-03-01,100.49
EUA,5.2.0,Household Textiles,2023-04-01,98.57
EUA,5.2.0,Household Textiles,2023-05-01,98.158
EUA,5.2.0,Household Textiles,2023-06-01,97.502
EUA,5.2.0,Household Textiles,2023-07-01,95.65
EUA,5.2.0,Household Textiles,2023-08-01,98.392
EUA,5.2.0,Household Textiles,2023-09-01,98.347
EUA,5.2.0,Household Textiles,2023-10-01,96.362
EUA,5.2.0,Household Textiles,2023-11-01,93.012
EUA,5.2.0,Household Textiles,2023-12-01,94.661
EUA,5.2.0,Household Textiles,2024-01-01,96.436
EUA,5.2.0,Household Textiles,2024-02-01,96.434
EUA,5.2.0,Household Textiles,2024-03-01,97.483
EUA,5.2.0,Household Textiles,2024-04-01,97.142
EUA,5.2.0,Household Textiles,2024-05-01,95.334
EUA,5.2.0,Household Textiles,2024-06-01,95.02
EUA,5.2.0,Household Textiles,2024-07-01,93.086
EUA,5.2.0,Household Textiles,2024-08-01,94.783
EUA,5.2.0,Household Textiles,2024-09-01,95.553
EUA,5.2.0,Household Textiles,2024-10-01,93.53
EUA,5.2.0,Household Textiles,2024-11-01,94.06
EUA,5.2.0,Household Textiles,2024-12-01,94.871
EUA,5.3.1,Major Household Appliances Whether Electric or Not,2013-12-01,100.0
EUA,5.3.1,Major Household Appliances Whether Electric or Not,2014-01-01,101.453
EUA,5.3.1,Major Household Appliances Whether Electric or Not,2014-02-01,101.752
EUA,5.3.1,Major Household Appliances Whether Electric or Not,2014-03-01,101.367
EUA,5.3.1,Major Household Appliances Whether Electric or Not,2014-04-01,99.978
EUA,5.3.1,Major Household Appliances Whether Electric or Not,2014-05-01,98.171
EUA,5.3.1,Major Household Appliances Whether Electric or Not,2014-06-01,97.664
EUA,5.3.1,Major Household Appliances Whether Electric or Not,2014-07-01,97.707
EUA,5.3.1,Major Household Appliances Whether Electric or Not,2014-08-01,96.725
EUA,5.3.1,Major Household Appliances Whether Electric or Not,2014-09-01,97.138
EUA,5.3.1,Major Household Appliances Whether Electric or Not,2014-10-01,97.044
EUA,5.3.1,Major Household Appliances Whether Electric or Not,2014-11-01,94.896
EUA,5.3.1,Major Household Appliances Whether Electric or Not,2014-12-01,94.483
EUA,5.3.1,Major Household Appliances Whether Electric or Not,2015-01-01,95.609
EUA,5.3.1,Major Household Appliances Whether Electric or Not,2015-02-01,95.816
EUA,5.3.1,Major Household Appliances Whether Electric or Not,2015-03-01,95.526
EUA,5.3.1,Major Household Appliances Whether Electric or Not,2015-04-01,95.669
EUA,5.3.1,Major Household Appliances Whether Electric or Not,2015-05-01,94.801
EUA,5.3.1,Major Household Appliances Whether Electric or Not,2015-06-01,94.662
EUA,5.3.1,Major Household Appliances Whether Electric or Not,2015-07-01,93.328
EUA,5.3.1,Major Household Appliances Whether Electric or Not,2015-08-01,92.951
EUA,5.3.1,Major Household Appliances Whether Electric or Not,2015-09-01,93.739
EUA,5.3.1,Major Household Appliances Whether Electric or Not,2015-10-01,93.108
EUA,5.3.1,Major Household Appliances Whether Electric or Not,2015-11-01,91.008
EUA,5.3.1,Major Household Appliances Whether Electric or Not,2015-12-01,91.259
EUA,5.3.1,Major Household Appliances Whether Electric or Not,2016-01-01,92.65
EUA,5.3.1,Major Household Appliances Whether Electric or Not,2016-02-01,92.31
EUA,5.3.1,Major Household Appliances Whether Electric or Not,2016-03-01,92.011
EUA,5.3.1,Major Household Appliances Whether Electric or Not,2016-04-01,91.818
EUA,5.3.1,Major Household Appliances Whether Electric or Not,2016-05-01,91.655
EUA,5.3.1,Major Household Appliances Whether Electric or Not,2016-06-01,91.348
EUA,5.3.1,Major Household Appliances Whether Electric or Not,2016-07-01,90.264
EUA,5.3.1,Major Household Appliances Whether Electric or Not,2016-08-01,89.494
EUA,5.3.1,Major Household Appliances Whether Electric or Not,2016-09-01,89.453
EUA,5.3.1,Major Household Appliances Whether Electric or Not,2016-10-01,88.967
EUA,5.3.1,Major Household Appliances Whether Electric or Not,2016-11-01,86.811
EUA,5.3.1,Major Household Appliances Whether Electric or Not,2016-12-01,87.144
EUA,5.3.1,Major Household Appliances Whether Electric or Not,2017-01-01,88.825
EUA,5.3.1,Major Household Appliances Whether Electric or Not,2017-02-01,88.941
EUA,5.3.1,Major Household Appliances Whether Electric or Not,2017-03-01,89.007
EUA,5.3.1,Major Household Appliances Whether Electric or Not,2017-04-01,88.576
EUA,5.3.1,Major Household Appliances Whether Electric or Not,2017-05-01,88.759
EUA,5.3.1,Major Household Appliances Whether Electric or Not,2017-06-01,87.62
EUA,5.3.1,Major Household Appliances Whether Electric or Not,2017-07-01,87.053
EUA,5.3.1,Major Household Appliances Whether Electric or Not,2017-08-01,87.537
EUA,5.3.1,Major Household Appliances Whether Electric or Not,2017-09-01,87.537
EUA,5.3.1,Major Household Appliances Whether Electric or Not,2017-10-01,87.333
EUA,5.3.1,Major Household Appliances Whether Electric or Not,2017-11-01,84.877
EUA,5.3.1,Major Household Appliances Whether Electric or Not,2017-12-01,85.844
EUA,5.3.1,Major Household Appliances Whether Electric or Not,2018-01-01,87.529
EUA,5.3.1,Major Household Appliances Whether Electric or Not,2018-02-01,86.148
EUA,5.3.1,Major Household Appliances Whether Electric or Not,2018-03-01,86.859
EUA,5.3.1,Major Household Appliances Whether Electric or Not,2018-04-01,89.357
EUA,5.3.1,Major Household Appliances Whether Electric or Not,2018-05-01,89.862
EUA,5.3.1,Major Household Appliances Whether Electric or Not,2018-06-01,89.806
EUA,5.3.1,Major Household Appliances Whether Electric or Not,2018-07-01,90.906
EUA,5.3.1,Major Household Appliances Whether Electric or Not,2018-08-01,90.835
EUA,5.3.1,Major Household Appliances Whether Electric or Not,2018-09-01,91.239
EUA,5.3.1,Major Household Appliances Whether Electric or Not,2018-10-01,92.06
EUA,5.3.1,Major Household Appliances Whether Electric or Not,2018-11-01,90.31
EUA,5.3.1,Major Household Appliances Whether Electric or Not,2018-12-01,91.034
EUA,5.3.1,Major Household Appliances Whether Electric or Not,2019-01-01,93.776
EUA,5.3.1,Major Household Appliances Whether Electric or Not,2019-02-01,92.931
EUA,5.3.1,Major Household Appliances Whether Electric or Not,2019-03-01,92.085
EUA,5.3.1,Major Household Appliances Whether Electric or Not,2019-04-01,92.932
EUA,5.3.1,Major Household Appliances Whether Electric or Not,2019-05-01,92.523
EUA,5.3.1,Major Household Appliances Whether Electric or Not,2019-06-01,92.193
EUA,5.3.1,Major Household Appliances Whether Electric or Not,2019-07-01,91.168
EUA,5.3.1,Major Household Appliances Whether Electric or Not,2019-08-01,90.809
EUA,5.3.1,Major Household Appliances Whether Electric or Not,2019-09-01,91.988
EUA,5.3.1,Major Household Appliances Whether Electric or Not,2019-10-01,90.855
EUA,5.3.1,Major Household Appliances Whether Electric or Not,2019-11-01,89.408
EUA,5.3.1,Major Household Appliances Whether Electric or Not,2019-12-01,88.923
EUA,5.3.1,Major Household Appliances Whether Electric or Not,2020-01-01,90.133
EUA,5.3.1,Major Household Appliances Whether Electric or Not,2020-02-01,91.206
EUA,5.3.1,Major Household Appliances Whether Electric or Not,2020-03-01,91.158
EUA,5.3.1,Major Household Appliances Whether Electric or Not,2020-04-01,92.849
EUA,5.3.1,Major Household Appliances Whether Electric or Not,2020-05-01,92.912
EUA,5.3.1,Major Household Appliances Whether Electric or Not,2020-06-01,93.896
EUA,5.3.1,Major Household Appliances Whether Electric or Not,2020-07-01,95.084
EUA,5.3.1,Major Household Appliances Whether Electric or Not,2020-08-01,97.913
EUA,5.3.1,Major Household Appliances Whether Electric or Not,2020-09-01,96.795
EUA,5.3.1,Major Household Appliances Whether Electric or Not,2020-10-01,97.703
EUA,5.3.1,Major Household Appliances Whether Electric or Not,2020-11-01,97.918
EUA,5.3.1,Major Household Appliances Whether Electric or Not,2020-12-01,97.108
EUA,5.3.1,Major Household Appliances Whether Electric or Not,2021-01-01,97.82
EUA,5.3.1,Major Household Appliances Whether Electric or Not,2021-02-01,98.969
EUA,5.3.1,Major Household Appliances Whether Electric or Not,2021-03-01,99.92
EUA,5.3.1,Major Household Appliances Whether Electric or Not,2021-04-01,100.429
EUA,5.3.1,Major Household Appliances Whether Electric or Not,2021-05-01,100.774
EUA,5.3.1,Major Household Appliances Whether Electric or Not,2021-06-01,101.714
EUA,5.3.1,Major Household Appliances Whether Electric or Not,2021-07-01,101.981
EUA,5.3.1,Major Household Appliances Whether Electric or Not,2021-08-01,102.885
EUA,5.3.1,Major Household Appliances Whether Electric or Not,2021-09-01,103.909
EUA,5.3.1,Major Household Appliances Whether Electric or Not,2021-10-01,103.7
EUA,5.3.1,Major Household Appliances Whether Electric or Not,2021-11-01,102.937
EUA,5.3.1,Major Household Appliances Whether Electric or Not,2021-12-01,103.832
EUA,5.3.1,Major Household Appliances Whether Electric or Not,2022-01-01,106.722
EUA,5.3.1,Major Household Appliances Whether Electric or Not,2022-02-01,107.763
EUA,5.3.1,Major Household Appliances Whether Electric or Not,2022-03-01,109.827
EUA,5.3.1,Major Household Appliances Whether Electric or Not,2022-04-01,110.317
EUA,5.3.1,Major Household Appliances Whether Electric or Not,2022-05-01,108.856
EUA,5.3.1,Major Household Appliances Whether Electric or Not,2022-06-01,109.085
EUA,5.3.1,Major Household Appliances Whether Electric or Not,2022-07-01,107.629
EUA,5.3.1,Major Household Appliances Whether Electric or Not,2022-08-01,106.43
EUA,5.3.1,Major Household Appliances Whether Electric or Not,2022-09-01,105.828
EUA,5.3.1,Major Household Appliances Whether Electric or Not,2022-10-01,105.123
EUA,5.3.1,Major Household Appliances Whether Electric or Not,2022-11-01,104.156
EUA,5.3.1,Major Household Appliances Whether Electric or Not,2022-12-01,105.122
EUA,5.3.1,Major Household Appliances Whether Electric or Not,2023-01-01,105.205
EUA,5.3.1,Major Household Appliances Whether Electric or Not,2023-02-01,104.369
EUA,5.3.1,Major Household Appliances Whether Electric or Not,2023-03-01,105.004
EUA,5.3.1,Major Household Appliances Whether Electric or Not,2023-04-01,103.213
EUA,5.3.1,Major Household Appliances Whether Electric or Not,2023-05-01,101.482
EUA,5.3.1,Major Household Appliances Whether Electric or Not,2023-06-01,100.693
EUA,5.3.1,Major Household Appliances Whether Electric or Not,2023-07-01,99.813
EUA,5.3.1,Major Household Appliances Whether Electric or Not,2023-08-01,99.875
EUA,5.3.1,Major Household Appliances Whether Electric or Not,2023-09-01,99.044
EUA,5.3.1,Major Household Appliances Whether Electric or Not,2023-10-01,96.583
EUA,5.3.1,Major Household Appliances Whether Electric or Not,2023-11-01,94.378
EUA,5.3.1,Major Household Appliances Whether Electric or Not,2023-12-01,95.985
EUA,5.3.1,Major Household Appliances Whether Electric or Not,2024-01-01,98.398
EUA,5.3.1,Major Household Appliances Whether Electric or Not,2024-02-01,97.358
EUA,5.3.1,Major Household Appliances Whether Electric or Not,2024-03-01,99.005
EUA,5.3.1,Major Household Appliances Whether Electric or Not,2024-04-01,97.427
EUA,5.3.1,Major Household Appliances Whether Electric or Not,2024-05-01,95.778
EUA,5.3.1,Major Household Appliances Whether Electric or Not,2024-06-01,96.961
EUA,5.3.1,Major Household Appliances Whether Electric or Not,2024-07-01,96.912
EUA,5.3.1,Major Household Appliances Whether Electric or Not,2024-08-01,96.805
EUA,5.3.1,Major Household Appliances Whether Electric or Not,2024-09-01,96.57
EUA,5.3.1,Major Household Appliances Whether Electric or Not,2024-10-01,95.624
EUA,5.3.1,Major Household Appliances Whether Electric or Not,2024-11-01,93.935
EUA,5.3.1,Major Household Appliances Whether Electric or Not,2024-12-01,91.763
EUA,5.3.2,Small Electric Household Appliances,2013-12-01,100.0
EUA,5.3.2,Small Electric Household Appliances,2014-01-01,99.176
EUA,5.3.2,Small Electric Household Appliances,2014-02-01,99.11
EUA,5.3.2,Small Electric Household Appliances,2014-03-01,100.053
EUA,5.3.2,Small Electric Household Appliances,2014-04-01,99.433
EUA,5.3.2,Small Electric Household Appliances,2014-05-01,97.572
EUA,5.3.2,Small Electric Household Appliances,2014-06-01,98.343
EUA,5.3.2,Small Electric Household Appliances,2014-07-01,98.714
EUA,5.3.2,Small Electric Household Appliances,2014-08-01,98.284
EUA,5.3.2,Small Electric Household Appliances,2014-09-01,98.357
EUA,5.3.2,Small Electric Household Appliances,2014-10-01,98.801
EUA,5.3.2,Small Electric Household Appliances,2014-11-01,98.493
EUA,5.3.2,Small Electric Household Appliances,2014-12-01,96.553
EUA,5.3.2,Small Electric Household Appliances,2015-01-01,97.473
EUA,5.3.2,Small Electric Household Appliances,2015-02-01,97.537
EUA,5.3.2,Small Electric Household Appliances,2015-03-01,96.885
EUA,5.3.2,Small Electric Household Appliances,2015-04-01,97.255
EUA,5.3.2,Small Electric Household Appliances,2015-05-01,96.982
EUA,5.3.2,Small Electric Household Appliances,2015-06-01,97.072
EUA,5.3.2,Small Electric Household Appliances,2015-07-01,97.05
EUA,5.3.2,Small Electric Household Appliances,2015-08-01,95.958
EUA,5.3.2,Small Electric Household Appliances,2015-09-01,95.299
EUA,5.3.2,Small Electric Household Appliances,2015-10-01,95.578
EUA,5.3.2,Small Electric Household Appliances,2015-11-01,94.506
EUA,5.3.2,Small Electric Household Appliances,2015-12-01,93.806
EUA,5.3.2,Small Electric Household Appliances,2016-01-01,95.403
EUA,5.3.2,Small Electric Household Appliances,2016-02-01,96.233
EUA,5.3.2,Small Electric Household Appliances,2016-03-01,94.691
EUA,5.3.2,Small Electric Household Appliances,2016-04-01,94.502
EUA,5.3.2,Small Electric Household Appliances,2016-05-01,94.702
EUA,5.3.2,Small Electric Household Appliances,2016-06-01,94.889
EUA,5.3.2,Small Electric Household Appliances,2016-07-01,94.864
EUA,5.3.2,Small Electric Household Appliances,2016-08-01,94.071
EUA,5.3.2,Small Electric Household Appliances,2016-09-01,93.404
EUA,5.3.2,Small Electric Household Appliances,2016-10-01,92.562
EUA,5.3.2,Small Electric Household Appliances,2016-11-01,91.384
EUA,5.3.2,Small Electric Household Appliances,2016-12-01,90.13
EUA,5.3.2,Small Electric Household Appliances,2017-01-01,91.453
EUA,5.3.2,Small Electric Household Appliances,2017-02-01,92.887
EUA,5.3.2,Small Electric Household Appliances,2017-03-01,92.929
EUA,5.3.2,Small Electric Household Appliances,2017-04-01,92.295
EUA,5.3.2,Small Electric Household Appliances,2017-05-01,93.194
EUA,5.3.2,Small Electric Household Appliances,2017-06-01,92.842
EUA,5.3.2,Small Electric Household Appliances,2017-07-01,91.756
EUA,5.3.2,Small Electric Household Appliances,2017-08-01,92.066
EUA,5.3.2,Small Electric Household Appliances,2017-09-01,91.863
EUA,5.3.2,Small Electric Household Appliances,2017-10-01,91.015
EUA,5.3.2,Small Electric Household Appliances,2017-11-01,89.6
EUA,5.3.2,Small Electric Household Appliances,2017-12-01,88.961
EUA,5.3.2,Small Electric Household Appliances,2018-01-01,89.364
EUA,5.3.2,Small Electric Household Appliances,2018-02-01,89.743
EUA,5.3.2,Small Electric Household Appliances,2018-03-01,90.513
EUA,5.3.2,Small Electric Household Appliances,2018-04-01,90.9
EUA,5.3.2,Small Electric Household Appliances,2018-05-01,90.225
EUA,5.3.2,Small Electric Household Appliances,2018-06-01,90.466
EUA,5.3.2,Small Electric Household Appliances,2018-07-01,90.764
EUA,5.3.2,Small Electric Household Appliances,2018-08-01,90.961
EUA,5.3.2,Small Electric Household Appliances,2018-09-01,91.338
EUA,5.3.2,Small Electric Household Appliances,2018-10-01,92.86
EUA,5.3.2,Small Electric Household Appliances,2018-11-01,91.882
EUA,5.3.2,Small Electric Household Appliances,2018-12-01,89.751
EUA,5.3.2,Small Electric Household Appliances,2019-01-01,92.253
EUA,5.3.2,Small Electric Household Appliances,2019-02-01,92.881
EUA,5.3.2,Small Electric Household Appliances,2019-03-01,92.165
EUA,5.3.2,Small Electric Household Appliances,2019-04-01,91.986
EUA,5.3.2,Small Electric Household Appliances,2019-05-01,91.414
EUA,5.3.2,Small Electric Household Appliances,2019-06-01,92.117
EUA,5.3.2,Small Electric Household Appliances,2019-07-01,91.515
EUA,5.3.2,Small Electric Household Appliances,2019-08-01,91.392
EUA,5.3.2,Small Electric Household Appliances,2019-09-01,92.7
EUA,5.3.2,Small Electric Household Appliances,2019-10-01,93.503
EUA,5.3.2,Small Electric Household Appliances,2019-11-01,93.685
EUA,5.3.2,Small Electric Household Appliances,2019-12-01,93.172
EUA,5.3.2,Small Electric Household Appliances,2020-01-01,93.057
EUA,5.3.2,Small Electric Household Appliances,2020-02-01,92.423
EUA,5.3.2,Small Electric Household Appliances,2020-03-01,92.295
EUA,5.3.2,Small Electric Household Appliances,2020-04-01,93.214
EUA,5.3.2,Small Electric Household Appliances,2020-05-01,93.219
EUA,5.3.2,Small Electric Household Appliances,2020-06-01,95.124
EUA,5.3.2,Small Electric Household Appliances,2020-07-01,95.231
EUA,5.3.2,Small Electric Household Appliances,2020-08-01,95.403
EUA,5.3.2,Small Electric Household Appliances,2020-09-01,94.562
EUA,5.3.2,Small Electric Household Appliances,2020-10-01,93.739
EUA,5.3.2,Small Electric Household Appliances,2020-11-01,94.112
EUA,5.3.2,Small Electric Household Appliances,2020-12-01,94.3
EUA,5.3.2,Small Electric Household Appliances,2021-01-01,93.781
EUA,5.3.2,Small Electric Household Appliances,2021-02-01,96.451
EUA,5.3.2,Small Electric Household Appliances,2021-03-01,96.521
EUA,5.3.2,Small Electric Household Appliances,2021-04-01,96.427
EUA,5.3.2,Small Electric Household Appliances,2021-05-01,97.083
EUA,5.3.2,Small Electric Household Appliances,2021-06-01,96.744
EUA,5.3.2,Small Electric Household Appliances,2021-07-01,96.255
EUA,5.3.2,Small Electric Household Appliances,2021-08-01,97.725
EUA,5.3.2,Small Electric Household Appliances,2021-09-01,99.882
EUA,5.3.2,Small Electric Household Appliances,2021-10-01,100.18
EUA,5.3.2,Small Electric Household Appliances,2021-11-01,98.412
EUA,5.3.2,Small Electric Household Appliances,2021-12-01,98.759
EUA,5.3.2,Small Electric Household Appliances,2022-01-01,101.024
EUA,5.3.2,Small Electric Household Appliances,2022-02-01,101.616
EUA,5.3.2,Small Electric Household Appliances,2022-03-01,102.1
EUA,5.3.2,Small Electric Household Appliances,2022-04-01,101.952
EUA,5.3.2,Small Electric Household Appliances,2022-05-01,101.776
EUA,5.3.2,Small Electric Household Appliances,2022-06-01,102.632
EUA,5.3.2,Small Electric Household Appliances,2022-07-01,101.798
EUA,5.3.2,Small Electric Household Appliances,2022-08-01,101.144
EUA,5.3.2,Small Electric Household Appliances,2022-09-01,102.503
EUA,5.3.2,Small Electric Household Appliances,2022-10-01,101.465
EUA,5.3.2,Small Electric Household Appliances,2022-11-01,101.319
EUA,5.3.2,Small Electric Household Appliances,2022-12-01,100.622
EUA,5.3.2,Small Electric Household Appliances,2023-01-01,102.893
EUA,5.3.2,Small Electric Household Appliances,2023-02-01,104.271
EUA,5.3.2,Small Electric Household Appliances,2023-03-01,104.917
EUA,5.3.2,Small Electric Household Appliances,2023-04-01,104.567
EUA,5.3.2,Small Electric Household Appliances,2023-05-01,103.425
EUA,5.3.2,Small Electric Household Appliances,2023-06-01,102.277
EUA,5.3.2,Small Electric Household Appliances,2023-07-01,102.345
EUA,5.3.2,Small Electric Household Appliances,2023-08-01,102.646
EUA,5.3.2,Small Electric Household Appliances,2023-09-01,102.281
EUA,5.3.2,Small Electric Household Appliances,2023-10-01,100.798
EUA,5.3.2,Small Electric Household Appliances,2023-11-01,98.362
EUA,5.3.2,Small Electric Household Appliances,2023-12-01,97.938
EUA,5.3.2,Small Electric Household Appliances,2024-01-01,100.862
EUA,5.3.2,Small Electric Household Appliances,2024-02-01,101.897
EUA,5.3.2,Small Electric Household Appliances,2024-03-01,101.082
EUA,5.3.2,Small Electric Household Appliances,2024-04-01,99.76
EUA,5.3.2,Small Electric Household Appliances,2024-05-01,100.086
EUA,5.3.2,Small Electric Household Appliances,2024-06-01,100.743
EUA,5.3.2,Small Electric Household Appliances,2024-07-01,100.439
EUA,5.3.2,Small Electric Household Appliances,2024-08-01,99.809
EUA,5.3.2,Small Electric Household Appliances,2024-09-01,99.633
EUA,5.3.2,Small Electric Household Appliances,2024-10-01,97.608
EUA,5.3.2,Small Electric Household Appliances,2024-11-01,96.855
EUA,5.3.2,Small Electric Household Appliances,2024-12-01,95.132
EUA,5.3.3,Repair of Household Appliances,2013-12-01,100.0
EUA,5.3.3,Repair of Household Appliances,2014-01-01,99.839
EUA,5.3.3,Repair of Household Appliances,2014-02-01,99.962
EUA,5.3.3,Repair of Household Appliances,2014-03-01,99.886
EUA,5.3.3,Repair of Household Appliances,2014-04-01,99.828
EUA,5.3.3,Repair of Household Appliances,2014-05-01,100.573
EUA,5.3.3,Repair of Household Appliances,2014-06-01,100.573
EUA,5.3.3,Repair of Household Appliances,2014-07-01,102.158
EUA,5.3.3,Repair of Household Appliances,2014-08-01,102.204
EUA,5.3.3,Repair of Household Appliances,2014-09-01,102.635
EUA,5.3.3,Repair of Household Appliances,2014-10-01,103.095
EUA,5.3.3,Repair of Household Appliances,2014-11-01,103.168
EUA,5.3.3,Repair of Household Appliances,2014-12-01,103.951
EUA,5.3.3,Repair of Household Appliances,2015-01-01,104.271
EUA,5.3.3,Repair of Household Appliances,2015-02-01,104.31
EUA,5.3.3,Repair of Household Appliances,2015-03-01,104.273
EUA,5.3.3,Repair of Household Appliances,2015-04-01,104.275
EUA,5.3.3,Repair of Household Appliances,2015-05-01,104.28
EUA,5.3.3,Repair of Household Appliances,2015-06-01,105.932
EUA,5.3.3,Repair of Household Appliances,2015-07-01,105.188
EUA,5.3.3,Repair of Household Appliances,2015-08-01,105.173
EUA,5.3.3,Repair of Household Appliances,2015-09-01,105.336
EUA,5.3.3,Repair of Household Appliances,2015-10-01,105.873
EUA,5.3.3,Repair of Household Appliances,2015-11-01,106.766
EUA,5.3.3,Repair of Household Appliances,2015-12-01,106.351
EUA,5.3.3,Repair of Household Appliances,2016-01-01,106.265
EUA,5.3.3,Repair of Household Appliances,2016-02-01,107.363
EUA,5.3.3,Repair of Household Appliances,2016-03-01,107.503
EUA,5.3.3,Repair of Household Appliances,2016-04-01,106.039
EUA,5.3.3,Repair of Household Appliances,2016-05-01,107.487
EUA,5.3.3,Repair of Household Appliances,2016-06-01,107.714
EUA,5.3.3,Repair of Household Appliances,2016-07-01,107.791
EUA,5.3.3,Repair of Household Appliances,2016-08-01,107.898
EUA,5.3.3,Repair of Household Appliances,2016-09-01,107.943
EUA,5.3.3,Repair of Household Appliances,2016-10-01,109.487
EUA,5.3.3,Repair of Household Appliances,2016-11-01,110.233
EUA,5.3.3,Repair of Household Appliances,2016-12-01,111.653
EUA,5.3.3,Repair of Household Appliances,2017-01-01,111.463
EUA,5.3.3,Repair of Household Appliances,2017-02-01,111.757
EUA,5.3.3,Repair of Household Appliances,2017-03-01,113.013
EUA,5.3.3,Repair of Household Appliances,2017-04-01,113.286
EUA,5.3.3,Repair of Household Appliances,2017-05-01,114.517
EUA,5.3.3,Repair of Household Appliances,2017-06-01,115.269
EUA,5.3.3,Repair of Household Appliances,2017-07-01,115.513
EUA,5.3.3,Repair of Household Appliances,2017-08-01,115.182
EUA,5.3.3,Repair of Household Appliances,2017-09-01,115.357
EUA,5.3.3,Repair of Household Appliances,2017-10-01,115.219
EUA,5.3.3,Repair of Household Appliances,2017-11-01,115.219
EUA,5.3.3,Repair of Household Appliances,2017-12-01,116.463
EUA,5.3.3,Repair of Household Appliances,2018-01-01,116.463
EUA,5.3.3,Repair of Household Appliances,2018-02-01,122.315
EUA,5.3.3,Repair of Household Appliances,2018-03-01,122.315
EUA,5.3.3,Repair of Household Appliances,2018-04-01,122.352
EUA,5.3.3,Repair of Household Appliances,2018-05-01,122.385
EUA,5.3.3,Repair of Household Appliances,2018-06-01,122.447
EUA,5.3.3,Repair of Household Appliances,2018-07-01,123.494
EUA,5.3.3,Repair of Household Appliances,2018-08-01,120.453
EUA,5.3.3,Repair of Household Appliances,2018-09-01,120.703
EUA,5.3.3,Repair of Household Appliances,2018-10-01,119.937
EUA,5.3.3,Repair of Household Appliances,2018-11-01,119.911
EUA,5.3.3,Repair of Household Appliances,2018-12-01,121.649
EUA,5.3.3,Repair of Household Appliances,2019-01-01,123.073
EUA,5.3.3,Repair of Household Appliances,2019-02-01,122.624
EUA,5.3.3,Repair of Household Appliances,2019-03-01,122.576
EUA,5.3.3,Repair of Household Appliances,2019-04-01,130.432
EUA,5.3.3,Repair of Household Appliances,2019-05-01,130.274
EUA,5.3.3,Repair of Household Appliances,2019-06-01,133.265
EUA,5.3.3,Repair of Household Appliances,2019-07-01,131.526
EUA,5.3.3,Repair of Household Appliances,2019-08-01,130.949
EUA,5.3.3,Repair of Household Appliances,2019-09-01,128.633
EUA,5.3.3,Repair of Household Appliances,2019-10-01,128.988
EUA,5.3.3,Repair of Household Appliances,2019-11-01,129.364
EUA,5.3.3,Repair of Household Appliances,2019-12-01,129.209
EUA,5.3.3,Repair of Household Appliances,2020-01-01,129.791
EUA,5.3.3,Repair of Household Appliances,2020-02-01,129.445
EUA,5.3.3,Repair of Household Appliances,2020-03-01,129.567
EUA,5.3.3,Repair of Household Appliances,2020-04-01,129.875
EUA,5.3.3,Repair of Household Appliances,2020-05-01,128.151
EUA,5.3.3,Repair of Household Appliances,2020-06-01,128.176
EUA,5.3.3,Repair of Household Appliances,2020-07-01,128.199
EUA,5.3.3,Repair of Household Appliances,2020-08-01,128.362
EUA,5.3.3,Repair of Household Appliances,2020-09-01,128.91
EUA,5.3.3,Repair of Household Appliances,2020-10-01,128.793
EUA,5.3.3,Repair of Household Appliances,2020-11-01,128.793
EUA,5.3.3,Repair of Household Appliances,2020-12-01,129.923
EUA,5.3.3,Repair of Household Appliances,2021-01-01,130.005
EUA,5.3.3,Repair of Household Appliances,2021-02-01,131.076
EUA,5.3.3,Repair of Household Appliances,2021-03-01,131.66
EUA,5.3.3,Repair of Household Appliances,2021-04-01,134.862
EUA,5.3.3,Repair of Household Appliances,2021-05-01,135.024
EUA,5.3.3,Repair of Household Appliances,2021-06-01,135.01
EUA,5.3.3,Repair of Household Appliances,2021-07-01,135.964
EUA,5.3.3,Repair of Household Appliances,2021-08-01,136.028
EUA,5.3.3,Repair of Household Appliances,2021-09-01,136.156
EUA,5.3.3,Repair of Household Appliances,2021-10-01,139.544
EUA,5.3.3,Repair of Household Appliances,2021-11-01,144.704
EUA,5.3.3,Repair of Household Appliances,2021-12-01,145.031
EUA,5.3.3,Repair of Household Appliances,2022-01-01,147.395
EUA,5.3.3,Repair of Household Appliances,2022-02-01,145.754
EUA,5.3.3,Repair of Household Appliances,2022-03-01,146.067
EUA,5.3.3,Repair of Household Appliances,2022-04-01,147.742
EUA,5.3.3,Repair of Household Appliances,2022-05-01,148.306
EUA,5.3.3,Repair of Household Appliances,2022-06-01,145.136
EUA,5.3.3,Repair of Household Appliances,2022-07-01,145.927
EUA,5.3.3,Repair of Household Appliances,2022-08-01,145.985
EUA,5.3.3,Repair of Household Appliances,2022-09-01,147.937
EUA,5.3.3,Repair of Household Appliances,2022-10-01,148.399
EUA,5.3.3,Repair of Household Appliances,2022-11-01,149.627
EUA,5.3.3,Repair of Household Appliances,2022-12-01,155.564
EUA,5.3.3,Repair of Household Appliances,2023-01-01,152.645
EUA,5.3.3,Repair of Household Appliances,2023-02-01,155.43
EUA,5.3.3,Repair of Household Appliances,2023-03-01,155.237
EUA,5.3.3,Repair of Household Appliances,2023-04-01,164.136
EUA,5.3.3,Repair of Household Appliances,2023-05-01,164.196
EUA,5.3.3,Repair of Household Appliances,2023-06-01,164.202
EUA,5.3.3,Repair of Household Appliances,2023-07-01,178.977
EUA,5.3.3,Repair of Household Appliances,2023-08-01,174.053
EUA,5.3.3,Repair of Household Appliances,2023-09-01,177.098
EUA,5.3.3,Repair of Household Appliances,2023-10-01,177.21
EUA,5.3.3,Repair of Household Appliances,2023-11-01,179.162
EUA,5.3.3,Repair of Household Appliances,2023-12-01,179.308
EUA,5.3.3,Repair of Household Appliances,2024-01-01,180.426
EUA,5.3.3,Repair of Household Appliances,2024-02-01,180.434
EUA,5.3.3,Repair of Household Appliances,2024-03-01,183.179
EUA,5.3.3,Repair of Household Appliances,2024-04-01,183.976
EUA,5.3.3,Repair of Household Appliances,2024-05-01,178.4
EUA,5.3.3,Repair of Household Appliances,2024-06-01,180.907
EUA,5.3.3,Repair of Household Appliances,2024-07-01,187.958
EUA,5.3.3,Repair of Household Appliances,2024-08-01,188.017
EUA,5.3.3,Repair of Household Appliances,2024-09-01,186.401
EUA,5.3.3,Repair of Household Appliances,2024-10-01,186.915
EUA,5.3.3,Repair of Household Appliances,2024-11-01,190.351
EUA,5.3.3,Repair of Household Appliances,2024-12-01,187.746
EUA,5.4.0,"Glassware, Tableware and Household Utensils",2013-12-01,100.0
EUA,5.4.0,"Glassware, Tableware and Household Utensils",2014-01-01,100.736
EUA,5.4.0,"Glassware, Tableware and Household Utensils",2014-02-01,100.483
EUA,5.4.0,"Glassware, Tableware and Household Utensils",2014-03-01,100.619
EUA,5.4.0,"Glassware, Tableware and Household Utensils",2014-04-01,98.934
EUA,5.4.0,"Glassware, Tableware and Household Utensils",2014-05-01,98.001
EUA,5.4.0,"Glassware, Tableware and Household Utensils",2014-06-01,98.773
EUA,5.4.0,"Glassware, Tableware and Household Utensils",2014-07-01,98.79
EUA,5.4.0,"Glassware, Tableware and Household Utensils",2014-08-01,98.244
EUA,5.4.0,"Glassware, Tableware and Household Utensils",2014-09-01,99.213
EUA,5.4.0,"Glassware, Tableware and Household Utensils",2014-10-01,99.331
EUA,5.4.0,"Glassware, Tableware and Household Utensils",2014-11-01,97.247
EUA,5.4.0,"Glassware, Tableware and Household Utensils",2014-12-01,95.672
EUA,5.4.0,"Glassware, Tableware and Household Utensils",2015-01-01,96.166
EUA,5.4.0,"Glassware, Tableware and Household Utensils",2015-02-01,96.788
EUA,5.4.0,"Glassware, Tableware and Household Utensils",2015-03-01,97.324
EUA,5.4.0,"Glassware, Tableware and Household Utensils",2015-04-01,97.398
EUA,5.4.0,"Glassware, Tableware and Household Utensils",2015-05-01,97.392
EUA,5.4.0,"Glassware, Tableware and Household Utensils",2015-06-01,96.63
EUA,5.4.0,"Glassware, Tableware and Household Utensils",2015-07-01,96.545
EUA,5.4.0,"Glassware, Tableware and Household Utensils",2015-08-01,97.156
EUA,5.4.0,"Glassware, Tableware and Household Utensils",2015-09-01,97.309
EUA,5.4.0,"Glassware, Tableware and Household Utensils",2015-10-01,97.014
EUA,5.4.0,"Glassware, Tableware and Household Utensils",2015-11-01,95.194
EUA,5.4.0,"Glassware, Tableware and Household Utensils",2015-12-01,93.67
EUA,5.4.0,"Glassware, Tableware and Household Utensils",2016-01-01,95.526
EUA,5.4.0,"Glassware, Tableware and Household Utensils",2016-02-01,94.835
EUA,5.4.0,"Glassware, Tableware and Household Utensils",2016-03-01,95.071
EUA,5.4.0,"Glassware, Tableware and Household Utensils",2016-04-01,95.186
EUA,5.4.0,"Glassware, Tableware and Household Utensils",2016-05-01,95.071
EUA,5.4.0,"Glassware, Tableware and Household Utensils",2016-06-01,94.394
EUA,5.4.0,"Glassware, Tableware and Household Utensils",2016-07-01,94.148
EUA,5.4.0,"Glassware, Tableware and Household Utensils",2016-08-01,93.949
EUA,5.4.0,"Glassware, Tableware and Household Utensils",2016-09-01,93.59
EUA,5.4.0,"Glassware, Tableware and Household Utensils",2016-10-01,94.179
EUA,5.4.0,"Glassware, Tableware and Household Utensils",2016-11-01,92.723
EUA,5.4.0,"Glassware, Tableware and Household Utensils",2016-12-01,91.066
EUA,5.4.0,"Glassware, Tableware and Household Utensils",2017-01-01,93.785
EUA,5.4.0,"Glassware, Tableware and Household Utensils",2017-02-01,93.728
EUA,5.4.0,"Glassware, Tableware and Household Utensils",2017-03-01,92.978
EUA,5.4.0,"Glassware, Tableware and Household Utensils",2017-04-01,93.597
EUA,5.4.0,"Glassware, Tableware and Household Utensils",2017-05-01,92.819
EUA,5.4.0,"Glassware, Tableware and Household Utensils",2017-06-01,91.709
EUA,5.4.0,"Glassware, Tableware and Household Utensils",2017-07-01,92.007
EUA,5.4.0,"Glassware, Tableware and Household Utensils",2017-08-01,92.062
EUA,5.4.0,"Glassware, Tableware and Household Utensils",2017-09-01,90.714
EUA,5.4.0,"Glassware, Tableware and Household Utensils",2017-10-01,90.683
EUA,5.4.0,"Glassware, Tableware and Household Utensils",2017-11-01,89.605
EUA,5.4.0,"Glassware, Tableware and Household Utensils",2017-12-01,87.766
EUA,5.4.0,"Glassware, Tableware and Household Utensils",2018-01-01,87.656
EUA,5.4.0,"Glassware, Tableware and Household Utensils",2018-02-01,88.81
EUA,5.4.0,"Glassware, Tableware and Household Utensils",2018-03-01,89.425
EUA,5.4.0,"Glassware, Tableware and Household Utensils",2018-04-01,90.796
EUA,5.4.0,"Glassware, Tableware and Household Utensils",2018-05-01,91.165
EUA,5.4.0,"Glassware, Tableware and Household Utensils",2018-06-01,87.436
EUA,5.4.0,"Glassware, Tableware and Household Utensils",2018-07-01,86.65
EUA,5.4.0,"Glassware, Tableware and Household Utensils",2018-08-01,85.759
EUA,5.4.0,"Glassware, Tableware and Household Utensils",2018-09-01,85.947
EUA,5.4.0,"Glassware, Tableware and Household Utensils",2018-10-01,87.369
EUA,5.4.0,"Glassware, Tableware and Household Utensils",2018-11-01,85.325
EUA,5.4.0,"Glassware, Tableware and Household Utensils",2018-12-01,84.418
EUA,5.4.0,"Glassware, Tableware and Household Utensils",2019-01-01,86.215
EUA,5.4.0,"Glassware, Tableware and Household Utensils",2019-02-01,86.397
EUA,5.4.0,"Glassware, Tableware and Household Utensils",2019-03-01,85.447
EUA,5.4.0,"Glassware, Tableware and Household Utensils",2019-04-01,85.299
EUA,5.4.0,"Glassware, Tableware and Household Utensils",2019-05-01,86.465
EUA,5.4.0,"Glassware, Tableware and Household Utensils",2019-06-01,88.27
EUA,5.4.0,"Glassware, Tableware and Household Utensils",2019-07-01,87.076
EUA,5.4.0,"Glassware, Tableware and Household Utensils",2019-08-01,85.881
EUA,5.4.0,"Glassware, Tableware and Household Utensils",2019-09-01,85.992
EUA,5.4.0,"Glassware, Tableware and Household Utensils",2019-10-01,85.755
EUA,5.4.0,"Glassware, Tableware and Household Utensils",2019-11-01,84.039
EUA,5.4.0,"Glassware, Tableware and Household Utensils",2019-12-01,83.551
EUA,5.4.0,"Glassware, Tableware and Household Utensils",2020-01-01,86.281
EUA,5.4.0,"Glassware, Tableware and Household Utensils",2020-02-01,84.993
EUA,5.4.0,"Glassware, Tableware and Household Utensils",2020-03-01,85.09
EUA,5.4.0,"Glassware, Tableware and Household Utensils",2020-04-01,84.516
EUA,5.4.0,"Glassware, Tableware and Household Utensils",2020-05-01,84.306
EUA,5.4.0,"Glassware, Tableware and Household Utensils",2020-06-01,84.652
EUA,5.4.0,"Glassware, Tableware and Household Utensils",2020-07-01,84.411
EUA,5.4.0,"Glassware, Tableware and Household Utensils",2020-08-01,85.112
EUA,5.4.0,"Glassware, Tableware and Household Utensils",2020-09-01,85.277
EUA,5.4.0,"Glassware, Tableware and Household Utensils",2020-10-01,83.988
EUA,5.4.0,"Glassware, Tableware and Household Utensils",2020-11-01,83.236
EUA,5.4.0,"Glassware, Tableware and Household Utensils",2020-12-01,82.329
EUA,5.4.0,"Glassware, Tableware and Household Utensils",2021-01-01,84.304
EUA,5.4.0,"Glassware, Tableware and Household Utensils",2021-02-01,85.341
EUA,5.4.0,"Glassware, Tableware and Household Utensils",2021-03-01,85.37
EUA,5.4.0,"Glassware, Tableware and Household Utensils",2021-04-01,86.332
EUA,5.4.0,"Glassware, Tableware and Household Utensils",2021-05-01,86.396
EUA,5.4.0,"Glassware, Tableware and Household Utensils",2021-06-01,85.589
EUA,5.4.0,"Glassware, Tableware and Household Utensils",2021-07-01,85.289
EUA,5.4.0,"Glassware, Tableware and Household Utensils",2021-08-01,84.648
EUA,5.4.0,"Glassware, Tableware and Household Utensils",2021-09-01,85.76
EUA,5.4.0,"Glassware, Tableware and Household Utensils",2021-10-01,85.622
EUA,5.4.0,"Glassware, Tableware and Household Utensils",2021-11-01,84.984
EUA,5.4.0,"Glassware, Tableware and Household Utensils",2021-12-01,85.682
EUA,5.4.0,"Glassware, Tableware and Household Utensils",2022-01-01,87.798
EUA,5.4.0,"Glassware, Tableware and Household Utensils",2022-02-01,89.497
EUA,5.4.0,"Glassware, Tableware and Household Utensils",2022-03-01,91.044
EUA,5.4.0,"Glassware, Tableware and Household Utensils",2022-04-01,91.552
EUA,5.4.0,"Glassware, Tableware and Household Utensils",2022-05-01,91.75
EUA,5.4.0,"Glassware, Tableware and Household Utensils",2022-06-01,92.338
EUA,5.4.0,"Glassware, Tableware and Household Utensils",2022-07-01,92.238
EUA,5.4.0,"Glassware, Tableware and Household Utensils",2022-08-01,92.493
EUA,5.4.0,"Glassware, Tableware and Household Utensils",2022-09-01,92.77
EUA,5.4.0,"Glassware, Tableware and Household Utensils",2022-10-01,92.137
EUA,5.4.0,"Glassware, Tableware and Household Utensils",2022-11-01,90.784
EUA,5.4.0,"Glassware, Tableware and Household Utensils",2022-12-01,91.165
EUA,5.4.0,"Glassware, Tableware and Household Utensils",2023-01-01,93.24
EUA,5.4.0,"Glassware, Tableware and Household Utensils",2023-02-01,94.17
EUA,5.4.0,"Glassware, Tableware and Household Utensils",2023-03-01,93.501
EUA,5.4.0,"Glassware, Tableware and Household Utensils",2023-04-01,92.814
EUA,5.4.0,"Glassware, Tableware and Household Utensils",2023-05-01,92.547
EUA,5.4.0,"Glassware, Tableware and Household Utensils",2023-06-01,93.105
EUA,5.4.0,"Glassware, Tableware and Household Utensils",2023-07-01,93.053
EUA,5.4.0,"Glassware, Tableware and Household Utensils",2023-08-01,92.776
EUA,5.4.0,"Glassware, Tableware and Household Utensils",2023-09-01,93.217
EUA,5.4.0,"Glassware, Tableware and Household Utensils",2023-10-01,92.428
EUA,5.4.0,"Glassware, Tableware and Household Utensils",2023-11-01,90.521
EUA,5.4.0,"Glassware, Tableware and Household Utensils",2023-12-01,90.603
EUA,5.4.0,"Glassware, Tableware and Household Utensils",2024-01-01,91.225
EUA,5.4.0,"Glassware, Tableware and Household Utensils",2024-02-01,91.675
EUA,5.4.0,"Glassware, Tableware and Household Utensils",2024-03-01,91.19
EUA,5.4.0,"Glassware, Tableware and Household Utensils",2024-04-01,89.588
EUA,5.4.0,"Glassware, Tableware and Household Utensils",2024-05-01,88.96
EUA,5.4.0,"Glassware, Tableware and Household Utensils",2024-06-01,89.104
EUA,5.4.0,"Glassware, Tableware and Household Utensils",2024-07-01,89.128
EUA,5.4.0,"Glassware, Tableware and Household Utensils",2024-08-01,90.18
EUA,5.4.0,"Glassware, Tableware and Household Utensils",2024-09-01,91.475
EUA,5.4.0,"Glassware, Tableware and Household Utensils",2024-10-01,91.036
EUA,5.4.0,"Glassware, Tableware and Household Utensils",2024-11-01,89.865
EUA,5.4.0,"Glassware, Tableware and Household Utensils",2024-12-01,89.604
EUA,5.5.1,Major Tools and Equipment,2013-12-01,100.0
EUA,5.5.1,Major Tools and Equipment,2014-01-01,100.734
EUA,5.5.1,Major Tools and Equipment,2014-02-01,101.504
EUA,5.5.1,Major Tools and Equipment,2014-03-01,101.403
EUA,5.5.1,Major Tools and Equipment,2014-04-01,100.881
EUA,5.5.1,Major Tools and Equipment,2014-05-01,100.611
EUA,5.5.1,Major Tools and Equipment,2014-06-01,100.182
EUA,5.5.1,Major Tools and Equipment,2014-07-01,99.868
EUA,5.5.1,Major Tools and Equipment,2014-08-01,99.827
EUA,5.5.1,Major Tools and Equipment,2014-09-01,99.818
EUA,5.5.1,Major Tools and Equipment,2014-10-01,100.126
EUA,5.5.1,Major Tools and Equipment,2014-11-01,100.009
EUA,5.5.1,Major Tools and Equipment,2014-12-01,99.996
EUA,5.5.1,Major Tools and Equipment,2015-01-01,99.976
EUA,5.5.1,Major Tools and Equipment,2015-02-01,100.453
EUA,5.5.1,Major Tools and Equipment,2015-03-01,100.541
EUA,5.5.1,Major Tools and Equipment,2015-04-01,100.865
EUA,5.5.1,Major Tools and Equipment,2015-05-01,101.086
EUA,5.5.1,Major Tools and Equipment,2015-06-01,100.689
EUA,5.5.1,Major Tools and Equipment,2015-07-01,100.074
EUA,5.5.1,Major Tools and Equipment,2015-08-01,99.538
EUA,5.5.1,Major Tools and Equipment,2015-09-01,99.689
EUA,5.5.1,Major Tools and Equipment,2015-10-01,100.198
EUA,5.5.1,Major Tools and Equipment,2015-11-01,99.774
EUA,5.5.1,Major Tools and Equipment,2015-12-01,99.367
EUA,5.5.1,Major Tools and Equipment,2016-01-01,99.477
EUA,5.5.1,Major Tools and Equipment,2016-02-01,99.758
EUA,5.5.1,Major Tools and Equipment,2016-03-01,99.963
EUA,5.5.1,Major Tools and Equipment,2016-04-01,99.475
EUA,5.5.1,Major Tools and Equipment,2016-05-01,99.211
EUA,5.5.1,Major Tools and Equipment,2016-06-01,99.407
EUA,5.5.1,Major Tools and Equipment,2016-07-01,99.379
EUA,5.5.1,Major Tools and Equipment,2016-08-01,98.847
EUA,5.5.1,Major Tools and Equipment,2016-09-01,98.805
EUA,5.5.1,Major Tools and Equipment,2016-10-01,98.756
EUA,5.5.1,Major Tools and Equipment,2016-11-01,98.879
EUA,5.5.1,Major Tools and Equipment,2016-12-01,98.953
EUA,5.5.1,Major Tools and Equipment,2017-01-01,99.079
EUA,5.5.1,Major Tools and Equipment,2017-02-01,99.128
EUA,5.5.1,Major Tools and Equipment,2017-03-01,99.259
EUA,5.5.1,Major Tools and Equipment,2017-04-01,99.266
EUA,5.5.1,Major Tools and Equipment,2017-05-01,99.592
EUA,5.5.1,Major Tools and Equipment,2017-06-01,99.28
EUA,5.5.1,Major Tools and Equipment,2017-07-01,98.771
EUA,5.5.1,Major Tools and Equipment,2017-08-01,98.059
EUA,5.5.1,Major Tools and Equipment,2017-09-01,97.539
EUA,5.5.1,Major Tools and Equipment,2017-10-01,97.988
EUA,5.5.1,Major Tools and Equipment,2017-11-01,98.23
EUA,5.5.1,Major Tools and Equipment,2017-12-01,97.594
EUA,5.5.1,Major Tools and Equipment,2018-01-01,98.17
EUA,5.5.1,Major Tools and Equipment,2018-02-01,98.91
EUA,5.5.1,Major Tools and Equipment,2018-03-01,99.286
EUA,5.5.1,Major Tools and Equipment,2018-04-01,99.501
EUA,5.5.1,Major Tools and Equipment,2018-05-01,98.691
EUA,5.5.1,Major Tools and Equipment,2018-06-01,98.6
EUA,5.5.1,Major Tools and Equipment,2018-07-01,98.757
EUA,5.5.1,Major Tools and Equipment,2018-08-01,98.23
EUA,5.5.1,Major Tools and Equipment,2018-09-01,98.268
EUA,5.5.1,Major Tools and Equipment,2018-10-01,98.395
EUA,5.5.1,Major Tools and Equipment,2018-11-01,98.13
EUA,5.5.1,Major Tools and Equipment,2018-12-01,98.762
EUA,5.5.1,Major Tools and Equipment,2019-01-01,99.766
EUA,5.5.1,Major Tools and Equipment,2019-02-01,100.886
EUA,5.5.1,Major Tools and Equipment,2019-03-01,100.506
EUA,5.5.1,Major Tools and Equipment,2019-04-01,99.824
EUA,5.5.1,Major Tools and Equipment,2019-05-01,99.572
EUA,5.5.1,Major Tools and Equipment,2019-06-01,99.654
EUA,5.5.1,Major Tools and Equipment,2019-07-01,100.077
EUA,5.5.1,Major Tools and Equipment,2019-08-01,100.444
EUA,5.5.1,Major Tools and Equipment,2019-09-01,101.002
EUA,5.5.1,Major Tools and Equipment,2019-10-01,100.767
EUA,5.5.1,Major Tools and Equipment,2019-11-01,99.529
EUA,5.5.1,Major Tools and Equipment,2019-12-01,99.478
EUA,5.5.1,Major Tools and Equipment,2020-01-01,100.082
EUA,5.5.1,Major Tools and Equipment,2020-02-01,100.512
EUA,5.5.1,Major Tools and Equipment,2020-03-01,100.887
EUA,5.5.1,Major Tools and Equipment,2020-04-01,101.397
EUA,5.5.1,Major Tools and Equipment,2020-05-01,101.62
EUA,5.5.1,Major Tools and Equipment,2020-06-01,102.33
EUA,5.5.1,Major Tools and Equipment,2020-07-01,102.231
EUA,5.5.1,Major Tools and Equipment,2020-08-01,102.323
EUA,5.5.1,Major Tools and Equipment,2020-09-01,102.717
EUA,5.5.1,Major Tools and Equipment,2020-10-01,102.796
EUA,5.5.1,Major Tools and Equipment,2020-11-01,102.913
EUA,5.5.1,Major Tools and Equipment,2020-12-01,103.1
EUA,5.5.1,Major Tools and Equipment,2021-01-01,101.824
EUA,5.5.1,Major Tools and Equipment,2021-02-01,102.51
EUA,5.5.1,Major Tools and Equipment,2021-03-01,103.281
EUA,5.5.1,Major Tools and Equipment,2021-04-01,103.188
EUA,5.5.1,Major Tools and Equipment,2021-05-01,104.509
EUA,5.5.1,Major Tools and Equipment,2021-06-01,104.953
EUA,5.5.1,Major Tools and Equipment,2021-07-01,104.835
EUA,5.5.1,Major Tools and Equipment,2021-08-01,105.417
EUA,5.5.1,Major Tools and Equipment,2021-09-01,106.182
EUA,5.5.1,Major Tools and Equipment,2021-10-01,109.103
EUA,5.5.1,Major Tools and Equipment,2021-11-01,109.949
EUA,5.5.1,Major Tools and Equipment,2021-12-01,110.449
EUA,5.5.1,Major Tools and Equipment,2022-01-01,112.43
EUA,5.5.1,Major Tools and Equipment,2022-02-01,113.055
EUA,5.5.1,Major Tools and Equipment,2022-03-01,113.998
EUA,5.5.1,Major Tools and Equipment,2022-04-01,114.379
EUA,5.5.1,Major Tools and Equipment,2022-05-01,115.715
EUA,5.5.1,Major Tools and Equipment,2022-06-01,115.615
EUA,5.5.1,Major Tools and Equipment,2022-07-01,115.77
EUA,5.5.1,Major Tools and Equipment,2022-08-01,117.178
EUA,5.5.1,Major Tools and Equipment,2022-09-01,118.79
EUA,5.5.1,Major Tools and Equipment,2022-10-01,119.911
EUA,5.5.1,Major Tools and Equipment,2022-11-01,120.869
EUA,5.5.1,Major Tools and Equipment,2022-12-01,122.133
EUA,5.5.1,Major Tools and Equipment,2023-01-01,123.223
EUA,5.5.1,Major Tools and Equipment,2023-02-01,126.137
EUA,5.5.1,Major Tools and Equipment,2023-03-01,126.704
EUA,5.5.1,Major Tools and Equipment,2023-04-01,126.271
EUA,5.5.1,Major Tools and Equipment,2023-05-01,125.639
EUA,5.5.1,Major Tools and Equipment,2023-06-01,125.366
EUA,5.5.1,Major Tools and Equipment,2023-07-01,124.042
EUA,5.5.1,Major Tools and Equipment,2023-08-01,125.517
EUA,5.5.1,Major Tools and Equipment,2023-09-01,126.178
EUA,5.5.1,Major Tools and Equipment,2023-10-01,124.937
EUA,5.5.1,Major Tools and Equipment,2023-11-01,124.271
EUA,5.5.1,Major Tools and Equipment,2023-12-01,123.272
EUA,5.5.1,Major Tools and Equipment,2024-01-01,121.957
EUA,5.5.1,Major Tools and Equipment,2024-02-01,121.872
EUA,5.5.1,Major Tools and Equipment,2024-03-01,122.405
EUA,5.5.1,Major Tools and Equipment,2024-04-01,122.434
EUA,5.5.1,Major Tools and Equipment,2024-05-01,122.284
EUA,5.5.1,Major Tools and Equipment,2024-06-01,121.172
EUA,5.5.1,Major Tools and Equipment,2024-07-01,121.219
EUA,5.5.1,Major Tools and Equipment,2024-08-01,120.912
EUA,5.5.1,Major Tools and Equipment,2024-09-01,120.3
EUA,5.5.1,Major Tools and Equipment,2024-10-01,120.429
EUA,5.5.1,Major Tools and Equipment,2024-11-01,120.912
EUA,5.5.1,Major Tools and Equipment,2024-12-01,120.968
EUA,5.5.2,Small Tools and Miscellaneous Accessories,2013-12-01,100.0
EUA,5.5.2,Small Tools and Miscellaneous Accessories,2014-01-01,99.976
EUA,5.5.2,Small Tools and Miscellaneous Accessories,2014-02-01,100.674
EUA,5.5.2,Small Tools and Miscellaneous Accessories,2014-03-01,100.57
EUA,5.5.2,Small Tools and Miscellaneous Accessories,2014-04-01,100.165
EUA,5.5.2,Small Tools and Miscellaneous Accessories,2014-05-01,99.959
EUA,5.5.2,Small Tools and Miscellaneous Accessories,2014-06-01,99.936
EUA,5.5.2,Small Tools and Miscellaneous Accessories,2014-07-01,99.94
EUA,5.5.2,Small Tools and Miscellaneous Accessories,2014-08-01,100.052
EUA,5.5.2,Small Tools and Miscellaneous Accessories,2014-09-01,100.158
EUA,5.5.2,Small Tools and Miscellaneous Accessories,2014-10-01,100.622
EUA,5.5.2,Small Tools and Miscellaneous Accessories,2014-11-01,100.048
EUA,5.5.2,Small Tools and Miscellaneous Accessories,2014-12-01,99.96
EUA,5.5.2,Small Tools and Miscellaneous Accessories,2015-01-01,100.188
EUA,5.5.2,Small Tools and Miscellaneous Accessories,2015-02-01,100.356
EUA,5.5.2,Small Tools and Miscellaneous Accessories,2015-03-01,100.62
EUA,5.5.2,Small Tools and Miscellaneous Accessories,2015-04-01,100.462
EUA,5.5.2,Small Tools and Miscellaneous Accessories,2015-05-01,100.333
EUA,5.5.2,Small Tools and Miscellaneous Accessories,2015-06-01,100.062
EUA,5.5.2,Small Tools and Miscellaneous Accessories,2015-07-01,99.616
EUA,5.5.2,Small Tools and Miscellaneous Accessories,2015-08-01,99.496
EUA,5.5.2,Small Tools and Miscellaneous Accessories,2015-09-01,99.156
EUA,5.5.2,Small Tools and Miscellaneous Accessories,2015-10-01,99.357
EUA,5.5.2,Small Tools and Miscellaneous Accessories,2015-11-01,98.998
EUA,5.5.2,Small Tools and Miscellaneous Accessories,2015-12-01,98.558
EUA,5.5.2,Small Tools and Miscellaneous Accessories,2016-01-01,98.499
EUA,5.5.2,Small Tools and Miscellaneous Accessories,2016-02-01,98.946
EUA,5.5.2,Small Tools and Miscellaneous Accessories,2016-03-01,99.024
EUA,5.5.2,Small Tools and Miscellaneous Accessories,2016-04-01,98.662
EUA,5.5.2,Small Tools and Miscellaneous Accessories,2016-05-01,98.487
EUA,5.5.2,Small Tools and Miscellaneous Accessories,2016-06-01,98.726
EUA,5.5.2,Small Tools and Miscellaneous Accessories,2016-07-01,98.182
EUA,5.5.2,Small Tools and Miscellaneous Accessories,2016-08-01,97.935
EUA,5.5.2,Small Tools and Miscellaneous Accessories,2016-09-01,97.976
EUA,5.5.2,Small Tools and Miscellaneous Accessories,2016-10-01,98.011
EUA,5.5.2,Small Tools and Miscellaneous Accessories,2016-11-01,97.425
EUA,5.5.2,Small Tools and Miscellaneous Accessories,2016-12-01,96.957
EUA,5.5.2,Small Tools and Miscellaneous Accessories,2017-01-01,97.266
EUA,5.5.2,Small Tools and Miscellaneous Accessories,2017-02-01,97.468
EUA,5.5.2,Small Tools and Miscellaneous Accessories,2017-03-01,97.643
EUA,5.5.2,Small Tools and Miscellaneous Accessories,2017-04-01,97.683
EUA,5.5.2,Small Tools and Miscellaneous Accessories,2017-05-01,98.088
EUA,5.5.2,Small Tools and Miscellaneous Accessories,2017-06-01,98.1
EUA,5.5.2,Small Tools and Miscellaneous Accessories,2017-07-01,98.099
EUA,5.5.2,Small Tools and Miscellaneous Accessories,2017-08-01,97.844
EUA,5.5.2,Small Tools and Miscellaneous Accessories,2017-09-01,97.513
EUA,5.5.2,Small Tools and Miscellaneous Accessories,2017-10-01,97.7
EUA,5.5.2,Small Tools and Miscellaneous Accessories,2017-11-01,96.405
EUA,5.5.2,Small Tools and Miscellaneous Accessories,2017-12-01,96.255
EUA,5.5.2,Small Tools and Miscellaneous Accessories,2018-01-01,97.931
EUA,5.5.2,Small Tools and Miscellaneous Accessories,2018-02-01,98.271
EUA,5.5.2,Small Tools and Miscellaneous Accessories,2018-03-01,98.887
EUA,5.5.2,Small Tools and Miscellaneous Accessories,2018-04-01,99.038
EUA,5.5.2,Small Tools and Miscellaneous Accessories,2018-05-01,98.012
EUA,5.5.2,Small Tools and Miscellaneous Accessories,2018-06-01,98.458
EUA,5.5.2,Small Tools and Miscellaneous Accessories,2018-07-01,98.801
EUA,5.5.2,Small Tools and Miscellaneous Accessories,2018-08-01,98.367
EUA,5.5.2,Small Tools and Miscellaneous Accessories,2018-09-01,98.406
EUA,5.5.2,Small Tools and Miscellaneous Accessories,2018-10-01,98.596
EUA,5.5.2,Small Tools and Miscellaneous Accessories,2018-11-01,98.209
EUA,5.5.2,Small Tools and Miscellaneous Accessories,2018-12-01,99.171
EUA,5.5.2,Small Tools and Miscellaneous Accessories,2019-01-01,100.042
EUA,5.5.2,Small Tools and Miscellaneous Accessories,2019-02-01,100.363
EUA,5.5.2,Small Tools and Miscellaneous Accessories,2019-03-01,99.863
EUA,5.5.2,Small Tools and Miscellaneous Accessories,2019-04-01,99.6
EUA,5.5.2,Small Tools and Miscellaneous Accessories,2019-05-01,99.41
EUA,5.5.2,Small Tools and Miscellaneous Accessories,2019-06-01,99.823
EUA,5.5.2,Small Tools and Miscellaneous Accessories,2019-07-01,100.016
EUA,5.5.2,Small Tools and Miscellaneous Accessories,2019-08-01,99.485
EUA,5.5.2,Small Tools and Miscellaneous Accessories,2019-09-01,99.703
EUA,5.5.2,Small Tools and Miscellaneous Accessories,2019-10-01,99.723
EUA,5.5.2,Small Tools and Miscellaneous Accessories,2019-11-01,98.612
EUA,5.5.2,Small Tools and Miscellaneous Accessories,2019-12-01,98.113
EUA,5.5.2,Small Tools and Miscellaneous Accessories,2020-01-01,98.616
EUA,5.5.2,Small Tools and Miscellaneous Accessories,2020-02-01,98.898
EUA,5.5.2,Small Tools and Miscellaneous Accessories,2020-03-01,98.985
EUA,5.5.2,Small Tools and Miscellaneous Accessories,2020-04-01,100.665
EUA,5.5.2,Small Tools and Miscellaneous Accessories,2020-05-01,101.232
EUA,5.5.2,Small Tools and Miscellaneous Accessories,2020-06-01,101.178
EUA,5.5.2,Small Tools and Miscellaneous Accessories,2020-07-01,101.513
EUA,5.5.2,Small Tools and Miscellaneous Accessories,2020-08-01,101.612
EUA,5.5.2,Small Tools and Miscellaneous Accessories,2020-09-01,101.658
EUA,5.5.2,Small Tools and Miscellaneous Accessories,2020-10-01,102.151
EUA,5.5.2,Small Tools and Miscellaneous Accessories,2020-11-01,101.681
EUA,5.5.2,Small Tools and Miscellaneous Accessories,2020-12-01,100.6
EUA,5.5.2,Small Tools and Miscellaneous Accessories,2021-01-01,100.398
EUA,5.5.2,Small Tools and Miscellaneous Accessories,2021-02-01,99.501
EUA,5.5.2,Small Tools and Miscellaneous Accessories,2021-03-01,100.077
EUA,5.5.2,Small Tools and Miscellaneous Accessories,2021-04-01,100.832
EUA,5.5.2,Small Tools and Miscellaneous Accessories,2021-05-01,101.028
EUA,5.5.2,Small Tools and Miscellaneous Accessories,2021-06-01,101.493
EUA,5.5.2,Small Tools and Miscellaneous Accessories,2021-07-01,102.263
EUA,5.5.2,Small Tools and Miscellaneous Accessories,2021-08-01,102.791
EUA,5.5.2,Small Tools and Miscellaneous Accessories,2021-09-01,103.766
EUA,5.5.2,Small Tools and Miscellaneous Accessories,2021-10-01,104.182
EUA,5.5.2,Small Tools and Miscellaneous Accessories,2021-11-01,104.306
EUA,5.5.2,Small Tools and Miscellaneous Accessories,2021-12-01,104.745
EUA,5.5.2,Small Tools and Miscellaneous Accessories,2022-01-01,106.885
EUA,5.5.2,Small Tools and Miscellaneous Accessories,2022-02-01,107.659
EUA,5.5.2,Small Tools and Miscellaneous Accessories,2022-03-01,108.141
EUA,5.5.2,Small Tools and Miscellaneous Accessories,2022-04-01,109.159
EUA,5.5.2,Small Tools and Miscellaneous Accessories,2022-05-01,110.651
EUA,5.5.2,Small Tools and Miscellaneous Accessories,2022-06-01,111.57
EUA,5.5.2,Small Tools and Miscellaneous Accessories,2022-07-01,111.913
EUA,5.5.2,Small Tools and Miscellaneous Accessories,2022-08-01,112.649
EUA,5.5.2,Small Tools and Miscellaneous Accessories,2022-09-01,114.668
EUA,5.5.2,Small Tools and Miscellaneous Accessories,2022-10-01,115.383
EUA,5.5.2,Small Tools and Miscellaneous Accessories,2022-11-01,115.244
EUA,5.5.2,Small Tools and Miscellaneous Accessories,2022-12-01,115.634
EUA,5.5.2,Small Tools and Miscellaneous Accessories,2023-01-01,117.471
EUA,5.5.2,Small Tools and Miscellaneous Accessories,2023-02-01,118.4
EUA,5.5.2,Small Tools and Miscellaneous Accessories,2023-03-01,118.69
EUA,5.5.2,Small Tools and Miscellaneous Accessories,2023-04-01,119.05
EUA,5.5.2,Small Tools and Miscellaneous Accessories,2023-05-01,118.188
EUA,5.5.2,Small Tools and Miscellaneous Accessories,2023-06-01,117.834
EUA,5.5.2,Small Tools and Miscellaneous Accessories,2023-07-01,117.446
EUA,5.5.2,Small Tools and Miscellaneous Accessories,2023-08-01,117.241
EUA,5.5.2,Small Tools and Miscellaneous Accessories,2023-09-01,118.37
EUA,5.5.2,Small Tools and Miscellaneous Accessories,2023-10-01,118.252
EUA,5.5.2,Small Tools and Miscellaneous Accessories,2023-11-01,117.719
EUA,5.5.2,Small Tools and Miscellaneous Accessories,2023-12-01,117.349
EUA,5.5.2,Small Tools and Miscellaneous Accessories,2024-01-01,117.019
EUA,5.5.2,Small Tools and Miscellaneous Accessories,2024-02-01,117.382
EUA,5.5.2,Small Tools and Miscellaneous Accessories,2024-03-01,116.991
EUA,5.5.2,Small Tools and Miscellaneous Accessories,2024-04-01,117.339
EUA,5.5.2,Small Tools and Miscellaneous Accessories,2024-05-01,117.485
EUA,5.5.2,Small Tools and Miscellaneous Accessories,2024-06-01,116.794
EUA,5.5.2,Small Tools and Miscellaneous Accessories,2024-07-01,116.711
EUA,5.5.2,Small Tools and Miscellaneous Accessories,2024-08-01,116.67
EUA,5.5.2,Small Tools and Miscellaneous Accessories,2024-09-01,116.098
EUA,5.5.2,Small Tools and Miscellaneous Accessories,2024-10-01,115.51
EUA,5.5.2,Small Tools and Miscellaneous Accessories,2024-11-01,116.476
EUA,5.5.2,Small Tools and Miscellaneous Accessories,2024-12-01,116.944
EUA,5.6.1,Non-Durable Household Goods,2013-12-01,100.0
EUA,5.6.1,Non-Durable Household Goods,2014-01-01,100.031
EUA,5.6.1,Non-Durable Household Goods,2014-02-01,100.146
EUA,5.6.1,Non-Durable Household Goods,2014-03-01,100.287
EUA,5.6.1,Non-Durable Household Goods,2014-04-01,100.115
EUA,5.6.1,Non-Durable Household Goods,2014-05-01,100.018
EUA,5.6.1,Non-Durable Household Goods,2014-06-01,99.931
EUA,5.6.1,Non-Durable Household Goods,2014-07-01,99.398
EUA,5.6.1,Non-Durable Household Goods,2014-08-01,99.088
EUA,5.6.1,Non-Durable Household Goods,2014-09-01,99.022
EUA,5.6.1,Non-Durable Household Goods,2014-10-01,99.555
EUA,5.6.1,Non-Durable Household Goods,2014-11-01,99.352
EUA,5.6.1,Non-Durable Household Goods,2014-12-01,99.228
EUA,5.6.1,Non-Durable Household Goods,2015-01-01,98.785
EUA,5.6.1,Non-Durable Household Goods,2015-02-01,99.295
EUA,5.6.1,Non-Durable Household Goods,2015-03-01,99.76
EUA,5.6.1,Non-Durable Household Goods,2015-04-01,99.811
EUA,5.6.1,Non-Durable Household Goods,2015-05-01,99.711
EUA,5.6.1,Non-Durable Household Goods,2015-06-01,99.26
EUA,5.6.1,Non-Durable Household Goods,2015-07-01,99.25
EUA,5.6.1,Non-Durable Household Goods,2015-08-01,98.976
EUA,5.6.1,Non-Durable Household Goods,2015-09-01,99.049
EUA,5.6.1,Non-Durable Household Goods,2015-10-01,98.948
EUA,5.6.1,Non-Durable Household Goods,2015-11-01,99.188
EUA,5.6.1,Non-Durable Household Goods,2015-12-01,99.317
EUA,5.6.1,Non-Durable Household Goods,2016-01-01,99.146
EUA,5.6.1,Non-Durable Household Goods,2016-02-01,99.529
EUA,5.6.1,Non-Durable Household Goods,2016-03-01,99.682
EUA,5.6.1,Non-Durable Household Goods,2016-04-01,99.184
EUA,5.6.1,Non-Durable Household Goods,2016-05-01,99.122
EUA,5.6.1,Non-Durable Household Goods,2016-06-01,99.23
EUA,5.6.1,Non-Durable Household Goods,2016-07-01,99.082
EUA,5.6.1,Non-Durable Household Goods,2016-08-01,98.91
EUA,5.6.1,Non-Durable Household Goods,2016-09-01,99.056
EUA,5.6.1,Non-Durable Household Goods,2016-10-01,98.893
EUA,5.6.1,Non-Durable Household Goods,2016-11-01,98.59
EUA,5.6.1,Non-Durable Household Goods,2016-12-01,98.819
EUA,5.6.1,Non-Durable Household Goods,2017-01-01,98.634
EUA,5.6.1,Non-Durable Household Goods,2017-02-01,98.639
EUA,5.6.1,Non-Durable Household Goods,2017-03-01,98.652
EUA,5.6.1,Non-Durable Household Goods,2017-04-01,99.168
EUA,5.6.1,Non-Durable Household Goods,2017-05-01,98.909
EUA,5.6.1,Non-Durable Household Goods,2017-06-01,98.811
EUA,5.6.1,Non-Durable Household Goods,2017-07-01,98.446
EUA,5.6.1,Non-Durable Household Goods,2017-08-01,98.147
EUA,5.6.1,Non-Durable Household Goods,2017-09-01,97.991
EUA,5.6.1,Non-Durable Household Goods,2017-10-01,98.226
EUA,5.6.1,Non-Durable Household Goods,2017-11-01,97.085
EUA,5.6.1,Non-Durable Household Goods,2017-12-01,97.801
EUA,5.6.1,Non-Durable Household Goods,2018-01-01,98.117
EUA,5.6.1,Non-Durable Household Goods,2018-02-01,98.034
EUA,5.6.1,Non-Durable Household Goods,2018-03-01,98.305
EUA,5.6.1,Non-Durable Household Goods,2018-04-01,98.916
EUA,5.6.1,Non-Durable Household Goods,2018-05-01,98.535
EUA,5.6.1,Non-Durable Household Goods,2018-06-01,98.816
EUA,5.6.1,Non-Durable Household Goods,2018-07-01,99.345
EUA,5.6.1,Non-Durable Household Goods,2018-08-01,99.42
EUA,5.6.1,Non-Durable Household Goods,2018-09-01,99.247
EUA,5.6.1,Non-Durable Household Goods,2018-10-01,99.436
EUA,5.6.1,Non-Durable Household Goods,2018-11-01,99.993
EUA,5.6.1,Non-Durable Household Goods,2018-12-01,100.617
EUA,5.6.1,Non-Durable Household Goods,2019-01-01,100.618
EUA,5.6.1,Non-Durable Household Goods,2019-02-01,100.587
EUA,5.6.1,Non-Durable Household Goods,2019-03-01,101.386
EUA,5.6.1,Non-Durable Household Goods,2019-04-01,101.262
EUA,5.6.1,Non-Durable Household Goods,2019-05-01,101.249
EUA,5.6.1,Non-Durable Household Goods,2019-06-01,101.413
EUA,5.6.1,Non-Durable Household Goods,2019-07-01,101.259
EUA,5.6.1,Non-Durable Household Goods,2019-08-01,100.705
EUA,5.6.1,Non-Durable Household Goods,2019-09-01,100.801
EUA,5.6.1,Non-Durable Household Goods,2019-10-01,100.923
EUA,5.6.1,Non-Durable Household Goods,2019-11-01,101.272
EUA,5.6.1,Non-Durable Household Goods,2019-12-01,101.376
EUA,5.6.1,Non-Durable Household Goods,2020-01-01,101.216
EUA,5.6.1,Non-Durable Household Goods,2020-02-01,101.074
EUA,5.6.1,Non-Durable Household Goods,2020-03-01,101.48
EUA,5.6.1,Non-Durable Household Goods,2020-04-01,103.895
EUA,5.6.1,Non-Durable Household Goods,2020-05-01,104.619
EUA,5.6.1,Non-Durable Household Goods,2020-06-01,104.816
EUA,5.6.1,Non-Durable Household Goods,2020-07-01,106.791
EUA,5.6.1,Non-Durable Household Goods,2020-08-01,106.312
EUA,5.6.1,Non-Durable Household Goods,2020-09-01,105.022
EUA,5.6.1,Non-Durable Household Goods,2020-10-01,105.444
EUA,5.6.1,Non-Durable Household Goods,2020-11-01,106.819
EUA,5.6.1,Non-Durable Household Goods,2020-12-01,106.633
EUA,5.6.1,Non-Durable Household Goods,2021-01-01,106.841
EUA,5.6.1,Non-Durable Household Goods,2021-02-01,105.822
EUA,5.6.1,Non-Durable Household Goods,2021-03-01,104.964
EUA,5.6.1,Non-Durable Household Goods,2021-04-01,105.61
EUA,5.6.1,Non-Durable Household Goods,2021-05-01,106.047
EUA,5.6.1,Non-Durable Household Goods,2021-06-01,105.837
EUA,5.6.1,Non-Durable Household Goods,2021-07-01,106.794
EUA,5.6.1,Non-Durable Household Goods,2021-08-01,106.557
EUA,5.6.1,Non-Durable Household Goods,2021-09-01,106.96
EUA,5.6.1,Non-Durable Household Goods,2021-10-01,107.946
EUA,5.6.1,Non-Durable Household Goods,2021-11-01,108.2
EUA,5.6.1,Non-Durable Household Goods,2021-12-01,109.286
EUA,5.6.1,Non-Durable Household Goods,2022-01-01,110.961
EUA,5.6.1,Non-Durable Household Goods,2022-02-01,112.46
EUA,5.6.1,Non-Durable Household Goods,2022-03-01,113.323
EUA,5.6.1,Non-Durable Household Goods,2022-04-01,114.62
EUA,5.6.1,Non-Durable Household Goods,2022-05-01,115.622
EUA,5.6.1,Non-Durable Household Goods,2022-06-01,116.993
EUA,5.6.1,Non-Durable Household Goods,2022-07-01,118.552
EUA,5.6.1,Non-Durable Household Goods,2022-08-01,119.127
EUA,5.6.1,Non-Durable Household Goods,2022-09-01,119.739
EUA,5.6.1,Non-Durable Household Goods,2022-10-01,120.55
EUA,5.6.1,Non-Durable Household Goods,2022-11-01,121.46
EUA,5.6.1,Non-Durable Household Goods,2022-12-01,122.055
EUA,5.6.1,Non-Durable Household Goods,2023-01-01,123.388
EUA,5.6.1,Non-Durable Household Goods,2023-02-01,124.357
EUA,5.6.1,Non-Durable Household Goods,2023-03-01,125.094
EUA,5.6.1,Non-Durable Household Goods,2023-04-01,125.981
EUA,5.6.1,Non-Durable Household Goods,2023-05-01,125.833
EUA,5.6.1,Non-Durable Household Goods,2023-06-01,125.995
EUA,5.6.1,Non-Durable Household Goods,2023-07-01,125.848
EUA,5.6.1,Non-Durable Household Goods,2023-08-01,125.574
EUA,5.6.1,Non-Durable Household Goods,2023-09-01,125.979
EUA,5.6.1,Non-Durable Household Goods,2023-10-01,126.05
EUA,5.6.1,Non-Durable Household Goods,2023-11-01,125.374
EUA,5.6.1,Non-Durable Household Goods,2023-12-01,125.271
EUA,5.6.1,Non-Durable Household Goods,2024-01-01,125.618
EUA,5.6.1,Non-Durable Household Goods,2024-02-01,125.54
EUA,5.6.1,Non-Durable Household Goods,2024-03-01,124.743
EUA,5.6.1,Non-Durable Household Goods,2024-04-01,124.836
EUA,5.6.1,Non-Durable Household Goods,2024-05-01,125.081
EUA,5.6.1,Non-Durable Household Goods,2024-06-01,125.393
EUA,5.6.1,Non-Durable Household Goods,2024-07-01,125.569
EUA,5.6.1,Non-Durable Household Goods,2024-08-01,125.903
EUA,5.6.1,Non-Durable Household Goods,2024-09-01,125.479
EUA,5.6.1,Non-Durable Household Goods,2024-10-01,125.383
EUA,5.6.1,Non-Durable Household Goods,2024-11-01,125.735
EUA,5.6.1,Non-Durable Household Goods,2024-12-01,126.054
EUA,5.6.2,Domestic Services and Household Services,2013-12-01,100.0
EUA,5.6.2,Domestic Services and Household Services,2014-01-01,99.964
EUA,5.6.2,Domestic Services and Household Services,2014-02-01,99.538
EUA,5.6.2,Domestic Services and Household Services,2014-03-01,99.649
EUA,5.6.2,Domestic Services and Household Services,2014-04-01,100.638
EUA,5.6.2,Domestic Services and Household Services,2014-05-01,100.745
EUA,5.6.2,Domestic Services and Household Services,2014-06-01,101.318
EUA,5.6.2,Domestic Services and Household Services,2014-07-01,101.495
EUA,5.6.2,Domestic Services and Household Services,2014-08-01,101.708
EUA,5.6.2,Domestic Services and Household Services,2014-09-01,101.655
EUA,5.6.2,Domestic Services and Household Services,2014-10-01,102.598
EUA,5.6.2,Domestic Services and Household Services,2014-11-01,102.682
EUA,5.6.2,Domestic Services and Household Services,2014-12-01,102.726
EUA,5.6.2,Domestic Services and Household Services,2015-01-01,102.789
EUA,5.6.2,Domestic Services and Household Services,2015-02-01,102.896
EUA,5.6.2,Domestic Services and Household Services,2015-03-01,103.1
EUA,5.6.2,Domestic Services and Household Services,2015-04-01,103.961
EUA,5.6.2,Domestic Services and Household Services,2015-05-01,103.984
EUA,5.6.2,Domestic Services and Household Services,2015-06-01,104.132
EUA,5.6.2,Domestic Services and Household Services,2015-07-01,104.123
EUA,5.6.2,Domestic Services and Household Services,2015-08-01,104.339
EUA,5.6.2,Domestic Services and Household Services,2015-09-01,104.346
EUA,5.6.2,Domestic Services and Household Services,2015-10-01,104.346
EUA,5.6.2,Domestic Services and Household Services,2015-11-01,104.508
EUA,5.6.2,Domestic Services and Household Services,2015-12-01,104.695
EUA,5.6.2,Domestic Services and Household Services,2016-01-01,104.841
EUA,5.6.2,Domestic Services and Household Services,2016-02-01,104.756
EUA,5.6.2,Domestic Services and Household Services,2016-03-01,104.943
EUA,5.6.2,Domestic Services and Household Services,2016-04-01,104.971
EUA,5.6.2,Domestic Services and Household Services,2016-05-01,104.933
EUA,5.6.2,Domestic Services and Household Services,2016-06-01,105.319
EUA,5.6.2,Domestic Services and Household Services,2016-07-01,105.581
EUA,5.6.2,Domestic Services and Household Services,2016-08-01,105.622
EUA,5.6.2,Domestic Services and Household Services,2016-09-01,105.792
EUA,5.6.2,Domestic Services and Household Services,2016-10-01,106.182
EUA,5.6.2,Domestic Services and Household Services,2016-11-01,106.193
EUA,5.6.2,Domestic Services and Household Services,2016-12-01,106.73
EUA,5.6.2,Domestic Services and Household Services,2017-01-01,107.185
EUA,5.6.2,Domestic Services and Household Services,2017-02-01,107.635
EUA,5.6.2,Domestic Services and Household Services,2017-03-01,107.668
EUA,5.6.2,Domestic Services and Household Services,2017-04-01,107.649
EUA,5.6.2,Domestic Services and Household Services,2017-05-01,107.733
EUA,5.6.2,Domestic Services and Household Services,2017-06-01,108.053
EUA,5.6.2,Domestic Services and Household Services,2017-07-01,108.625
EUA,5.6.2,Domestic Services and Household Services,2017-08-01,108.706
EUA,5.6.2,Domestic Services and Household Services,2017-09-01,108.714
EUA,5.6.2,Domestic Services and Household Services,2017-10-01,108.764
EUA,5.6.2,Domestic Services and Household Services,2017-11-01,108.951
EUA,5.6.2,Domestic Services and Household Services,2017-12-01,109.048
EUA,5.6.2,Domestic Services and Household Services,2018-01-01,111.129
EUA,5.6.2,Domestic Services and Household Services,2018-02-01,112.114
EUA,5.6.2,Domestic Services and Household Services,2018-03-01,112.488
EUA,5.6.2,Domestic Services and Household Services,2018-04-01,112.851
EUA,5.6.2,Domestic Services and Household Services,2018-05-01,113.474
EUA,5.6.2,Domestic Services and Household Services,2018-06-01,113.742
EUA,5.6.2,Domestic Services and Household Services,2018-07-01,113.908
EUA,5.6.2,Domestic Services and Household Services,2018-08-01,114.372
EUA,5.6.2,Domestic Services and Household Services,2018-09-01,114.312
EUA,5.6.2,Domestic Services and Household Services,2018-10-01,114.371
EUA,5.6.2,Domestic Services and Household Services,2018-11-01,114.789
EUA,5.6.2,Domestic Services and Household Services,2018-12-01,117.075
EUA,5.6.2,Domestic Services and Household Services,2019-01-01,117.273
EUA,5.6.2,Domestic Services and Household Services,2019-02-01,117.17
EUA,5.6.2,Domestic Services and Household Services,2019-03-01,116.906
EUA,5.6.2,Domestic Services and Household Services,2019-04-01,116.492
EUA,5.6.2,Domestic Services and Household Services,2019-05-01,115.452
EUA,5.6.2,Domestic Services and Household Services,2019-06-01,118.743
EUA,5.6.2,Domestic Services and Household Services,2019-07-01,119.534
EUA,5.6.2,Domestic Services and Household Services,2019-08-01,119.339
EUA,5.6.2,Domestic Services and Household Services,2019-09-01,119.612
EUA,5.6.2,Domestic Services and Household Services,2019-10-01,120.46
EUA,5.6.2,Domestic Services and Household Services,2019-11-01,121.08
EUA,5.6.2,Domestic Services and Household Services,2019-12-01,121.148
EUA,5.6.2,Domestic Services and Household Services,2020-01-01,121.083
EUA,5.6.2,Domestic Services and Household Services,2020-02-01,122.073
EUA,5.6.2,Domestic Services and Household Services,2020-03-01,122.236
EUA,5.6.2,Domestic Services and Household Services,2020-04-01,122.188
EUA,5.6.2,Domestic Services and Household Services,2020-05-01,122.751
EUA,5.6.2,Domestic Services and Household Services,2020-06-01,122.713
EUA,5.6.2,Domestic Services and Household Services,2020-07-01,122.871
EUA,5.6.2,Domestic Services and Household Services,2020-08-01,123.192
EUA,5.6.2,Domestic Services and Household Services,2020-09-01,123.399
EUA,5.6.2,Domestic Services and Household Services,2020-10-01,124.012
EUA,5.6.2,Domestic Services and Household Services,2020-11-01,123.467
EUA,5.6.2,Domestic Services and Household Services,2020-12-01,126.408
EUA,5.6.2,Domestic Services and Household Services,2021-01-01,127.219
EUA,5.6.2,Domestic Services and Household Services,2021-02-01,127.393
EUA,5.6.2,Domestic Services and Household Services,2021-03-01,127.734
EUA,5.6.2,Domestic Services and Household Services,2021-04-01,127.878
EUA,5.6.2,Domestic Services and Household Services,2021-05-01,131.912
EUA,5.6.2,Domestic Services and Household Services,2021-06-01,130.08
EUA,5.6.2,Domestic Services and Household Services,2021-07-01,130.502
EUA,5.6.2,Domestic Services and Household Services,2021-08-01,131.57
EUA,5.6.2,Domestic Services and Household Services,2021-09-01,131.34
EUA,5.6.2,Domestic Services and Household Services,2021-10-01,132.095
EUA,5.6.2,Domestic Services and Household Services,2021-11-01,133.232
EUA,5.6.2,Domestic Services and Household Services,2021-12-01,134.848
EUA,5.6.2,Domestic Services and Household Services,2022-01-01,135.396
EUA,5.6.2,Domestic Services and Household Services,2022-02-01,135.775
EUA,5.6.2,Domestic Services and Household Services,2022-03-01,136.021
EUA,5.6.2,Domestic Services and Household Services,2022-04-01,135.592
EUA,5.6.2,Domestic Services and Household Services,2022-05-01,138.644
EUA,5.6.2,Domestic Services and Household Services,2022-06-01,139.286
EUA,5.6.2,Domestic Services and Household Services,2022-07-01,140.464
EUA,5.6.2,Domestic Services and Household Services,2022-08-01,140.702
EUA,5.6.2,Domestic Services and Household Services,2022-09-01,140.532
EUA,5.6.2,Domestic Services and Household Services,2022-10-01,141.252
EUA,5.6.2,Domestic Services and Household Services,2022-11-01,139.291
EUA,5.6.2,Domestic Services and Household Services,2022-12-01,140.378
EUA,5.6.2,Domestic Services and Household Services,2023-01-01,140.649
EUA,5.6.2,Domestic Services and Household Services,2023-02-01,143.135
EUA,5.6.2,Domestic Services and Household Services,2023-03-01,142.414
EUA,5.6.2,Domestic Services and Household Services,2023-04-01,147.529
EUA,5.6.2,Domestic Services and Household Services,2023-05-01,144.746
EUA,5.6.2,Domestic Services and Household Services,2023-06-01,145.79
EUA,5.6.2,Domestic Services and Household Services,2023-07-01,146.811
EUA,5.6.2,Domestic Services and Household Services,2023-08-01,145.812
EUA,5.6.2,Domestic Services and Household Services,2023-09-01,149.039
EUA,5.6.2,Domestic Services and Household Services,2023-10-01,150.128
EUA,5.6.2,Domestic Services and Household Services,2023-11-01,150.839
EUA,5.6.2,Domestic Services and Household Services,2023-12-01,151.147
EUA,5.6.2,Domestic Services and Household Services,2024-01-01,152.77
EUA,5.6.2,Domestic Services and Household Services,2024-02-01,153.563
EUA,5.6.2,Domestic Services and Household Services,2024-03-01,154.645
EUA,5.6.2,Domestic Services and Household Services,2024-04-01,151.188
EUA,5.6.2,Domestic Services and Household Services,2024-05-01,151.375
EUA,5.6.2,Domestic Services and Household Services,2024-06-01,156.943
EUA,5.6.2,Domestic Services and Household Services,2024-07-01,159.138
EUA,5.6.2,Domestic Services and Household Services,2024-08-01,157.937
EUA,5.6.2,Domestic Services and Household Services,2024-09-01,159.852
EUA,5.6.2,Domestic Services and Household Services,2024-10-01,158.573
EUA,5.6.2,Domestic Services and Household Services,2024-11-01,158.469
EUA,5.6.2,Domestic Services and Household Services,2024-12-01,160.846
EUA,6,Health,2013-12-01,100.0
EUA,6,Health,2014-01-01,100.649
EUA,6,Health,2014-02-01,101.422
EUA,6,Health,2014-03-01,101.594
EUA,6,Health,2014-04-01,101.796
EUA,6,Health,2014-05-01,102.031
EUA,6,Health,2014-06-01,102.183
EUA,6,Health,2014-07-01,102.354
EUA,6,Health,2014-08-01,102.354
EUA,6,Health,2014-09-01,102.576
EUA,6,Health,2014-10-01,102.698
EUA,6,Health,2014-11-01,103.057
EUA,6,Health,2014-12-01,103.376
EUA,6,Health,2015-01-01,103.682
EUA,6,Health,2015-02-01,104.159
EUA,6,Health,2015-03-01,104.461
EUA,6,Health,2015-04-01,105.075
EUA,6,Health,2015-05-01,105.198
EUA,6,Health,2015-06-01,104.984
EUA,6,Health,2015-07-01,105.11
EUA,6,Health,2015-08-01,105.065
EUA,6,Health,2015-09-01,105.193
EUA,6,Health,2015-10-01,105.784
EUA,6,Health,2015-11-01,106.041
EUA,6,Health,2015-12-01,105.913
EUA,6,Health,2016-01-01,106.588
EUA,6,Health,2016-02-01,107.503
EUA,6,Health,2016-03-01,107.532
EUA,6,Health,2016-04-01,107.845
EUA,6,Health,2016-05-01,108.1
EUA,6,Health,2016-06-01,108.272
EUA,6,Health,2016-07-01,108.727
EUA,6,Health,2016-08-01,109.698
EUA,6,Health,2016-09-01,109.913
EUA,6,Health,2016-10-01,109.945
EUA,6,Health,2016-11-01,109.993
EUA,6,Health,2016-12-01,110.04
EUA,6,Health,2017-01-01,110.613
EUA,6,Health,2017-02-01,111.292
EUA,6,Health,2017-03-01,111.33
EUA,6,Health,2017-04-01,111.1
EUA,6,Health,2017-05-01,111.109
EUA,6,Health,2017-06-01,111.332
EUA,6,Health,2017-07-01,111.769
EUA,6,Health,2017-08-01,111.965
EUA,6,Health,2017-09-01,111.886
EUA,6,Health,2017-10-01,112.058
EUA,6,Health,2017-11-01,112.121
EUA,6,Health,2017-12-01,112.304
EUA,6,Health,2018-01-01,113.088
EUA,6,Health,2018-02-01,113.549
EUA,6,Health,2018-03-01,113.847
EUA,6,Health,2018-04-01,113.88
EUA,6,Health,2018-05-01,114.101
EUA,6,Health,2018-06-01,114.395
EUA,6,Health,2018-07-01,114.195
EUA,6,Health,2018-08-01,113.954
EUA,6,Health,2018-09-01,113.902
EUA,6,Health,2018-10-01,113.872
EUA,6,Health,2018-11-01,114.081
EUA,6,Health,2018-12-01,114.013
EUA,6,Health,2019-01-01,114.485
EUA,6,Health,2019-02-01,114.534
EUA,6,Health,2019-03-01,114.602
EUA,6,Health,2019-04-01,114.622
EUA,6,Health,2019-05-01,114.785
EUA,6,Health,2019-06-01,114.722
EUA,6,Health,2019-07-01,114.984
EUA,6,Health,2019-08-01,115.499
EUA,6,Health,2019-09-01,115.384
EUA,6,Health,2019-10-01,116.21
EUA,6,Health,2019-11-01,116.311
EUA,6,Health,2019-12-01,116.609
EUA,6,Health,2020-01-01,116.95
EUA,6,Health,2020-02-01,117.153
EUA,6,Health,2020-03-01,117.345
EUA,6,Health,2020-04-01,117.529
EUA,6,Health,2020-05-01,117.894
EUA,6,Health,2020-06-01,118.106
EUA,6,Health,2020-07-01,118.411
EUA,6,Health,2020-08-01,118.381
EUA,6,Health,2020-09-01,118.465
EUA,6,Health,2020-10-01,118.194
EUA,6,Health,2020-11-01,118.147
EUA,6,Health,2020-12-01,118.07
EUA,6,Health,2021-01-01,118.987
EUA,6,Health,2021-02-01,119.607
EUA,6,Health,2021-03-01,119.88
EUA,6,Health,2021-04-01,119.981
EUA,6,Health,2021-05-01,119.991
EUA,6,Health,2021-06-01,119.915
EUA,6,Health,2021-07-01,120.359
EUA,6,Health,2021-08-01,120.746
EUA,6,Health,2021-09-01,120.791
EUA,6,Health,2021-10-01,121.166
EUA,6,Health,2021-11-01,121.212
EUA,6,Health,2021-12-01,121.241
EUA,6,Health,2022-01-01,122.154
EUA,6,Health,2022-02-01,122.359
EUA,6,Health,2022-03-01,122.731
EUA,6,Health,2022-04-01,122.889
EUA,6,Health,2022-05-01,123.128
EUA,6,Health,2022-06-01,123.626
EUA,6,Health,2022-07-01,123.998
EUA,6,Health,2022-08-01,124.642
EUA,6,Health,2022-09-01,125.058
EUA,6,Health,2022-10-01,125.094
EUA,6,Health,2022-11-01,124.899
EUA,6,Health,2022-12-01,125.437
EUA,6,Health,2023-01-01,125.603
EUA,6,Health,2023-02-01,125.576
EUA,6,Health,2023-03-01,125.598
EUA,6,Health,2023-04-01,125.908
EUA,6,Health,2023-05-01,126.491
EUA,6,Health,2023-06-01,126.965
EUA,6,Health,2023-07-01,127.146
EUA,6,Health,2023-08-01,127.828
EUA,6,Health,2023-09-01,128.516
EUA,6,Health,2023-10-01,128.604
EUA,6,Health,2023-11-01,129.008
EUA,6,Health,2023-12-01,129.466
EUA,6,Health,2024-01-01,130.451
EUA,6,Health,2024-02-01,130.316
EUA,6,Health,2024-03-01,130.741
EUA,6,Health,2024-04-01,131.153
EUA,6,Health,2024-05-01,131.56
EUA,6,Health,2024-06-01,131.852
EUA,6,Health,2024-07-01,131.513
EUA,6,Health,2024-08-01,131.627
EUA,6,Health,2024-09-01,132.167
EUA,6,Health,2024-10-01,132.546
EUA,6,Health,2024-11-01,132.844
EUA,6,Health,2024-12-01,132.949
EUA,6.1.1,Pharmaceutical Products,2013-12-01,100.0
EUA,6.1.1,Pharmaceutical Products,2014-01-01,100.905
EUA,6.1.1,Pharmaceutical Products,2014-02-01,101.962
EUA,6.1.1,Pharmaceutical Products,2014-03-01,101.803
EUA,6.1.1,Pharmaceutical Products,2014-04-01,102.089
EUA,6.1.1,Pharmaceutical Products,2014-05-01,102.359
EUA,6.1.1,Pharmaceutical Products,2014-06-01,102.94
EUA,6.1.1,Pharmaceutical Products,2014-07-01,103.378
EUA,6.1.1,Pharmaceutical Products,2014-08-01,103.409
EUA,6.1.1,Pharmaceutical Products,2014-09-01,103.912
EUA,6.1.1,Pharmaceutical Products,2014-10-01,103.88
EUA,6.1.1,Pharmaceutical Products,2014-11-01,104.285
EUA,6.1.1,Pharmaceutical Products,2014-12-01,104.96
EUA,6.1.1,Pharmaceutical Products,2015-01-01,105.102
EUA,6.1.1,Pharmaceutical Products,2015-02-01,106.172
EUA,6.1.1,Pharmaceutical Products,2015-03-01,106.343
EUA,6.1.1,Pharmaceutical Products,2015-04-01,106.429
EUA,6.1.1,Pharmaceutical Products,2015-05-01,106.506
EUA,6.1.1,Pharmaceutical Products,2015-06-01,106.486
EUA,6.1.1,Pharmaceutical Products,2015-07-01,106.727
EUA,6.1.1,Pharmaceutical Products,2015-08-01,107.076
EUA,6.1.1,Pharmaceutical Products,2015-09-01,106.9
EUA,6.1.1,Pharmaceutical Products,2015-10-01,106.94
EUA,6.1.1,Pharmaceutical Products,2015-11-01,107.077
EUA,6.1.1,Pharmaceutical Products,2015-12-01,106.7
EUA,6.1.1,Pharmaceutical Products,2016-01-01,107.43
EUA,6.1.1,Pharmaceutical Products,2016-02-01,108.658
EUA,6.1.1,Pharmaceutical Products,2016-03-01,108.992
EUA,6.1.1,Pharmaceutical Products,2016-04-01,109.456
EUA,6.1.1,Pharmaceutical Products,2016-05-01,108.817
EUA,6.1.1,Pharmaceutical Products,2016-06-01,109.626
EUA,6.1.1,Pharmaceutical Products,2016-07-01,110.326
EUA,6.1.1,Pharmaceutical Products,2016-08-01,111.99
EUA,6.1.1,Pharmaceutical Products,2016-09-01,112.65
EUA,6.1.1,Pharmaceutical Products,2016-10-01,112.543
EUA,6.1.1,Pharmaceutical Products,2016-11-01,111.832
EUA,6.1.1,Pharmaceutical Products,2016-12-01,111.833
EUA,6.1.1,Pharmaceutical Products,2017-01-01,112.641
EUA,6.1.1,Pharmaceutical Products,2017-02-01,113.21
EUA,6.1.1,Pharmaceutical Products,2017-03-01,113.325
EUA,6.1.1,Pharmaceutical Products,2017-04-01,112.329
EUA,6.1.1,Pharmaceutical Products,2017-05-01,112.454
EUA,6.1.1,Pharmaceutical Products,2017-06-01,113.259
EUA,6.1.1,Pharmaceutical Products,2017-07-01,114.561
EUA,6.1.1,Pharmaceutical Products,2017-08-01,114.807
EUA,6.1.1,Pharmaceutical Products,2017-09-01,113.784
EUA,6.1.1,Pharmaceutical Products,2017-10-01,113.533
EUA,6.1.1,Pharmaceutical Products,2017-11-01,113.918
EUA,6.1.1,Pharmaceutical Products,2017-12-01,114.477
EUA,6.1.1,Pharmaceutical Products,2018-01-01,114.696
EUA,6.1.1,Pharmaceutical Products,2018-02-01,115.025
EUA,6.1.1,Pharmaceutical Products,2018-03-01,115.051
EUA,6.1.1,Pharmaceutical Products,2018-04-01,114.651
EUA,6.1.1,Pharmaceutical Products,2018-05-01,115.571
EUA,6.1.1,Pharmaceutical Products,2018-06-01,116.002
EUA,6.1.1,Pharmaceutical Products,2018-07-01,115.022
EUA,6.1.1,Pharmaceutical Products,2018-08-01,115.121
EUA,6.1.1,Pharmaceutical Products,2018-09-01,114.573
EUA,6.1.1,Pharmaceutical Products,2018-10-01,114.28
EUA,6.1.1,Pharmaceutical Products,2018-11-01,114.572
EUA,6.1.1,Pharmaceutical Products,2018-12-01,113.817
EUA,6.1.1,Pharmaceutical Products,2019-01-01,114.282
EUA,6.1.1,Pharmaceutical Products,2019-02-01,113.737
EUA,6.1.1,Pharmaceutical Products,2019-03-01,114.302
EUA,6.1.1,Pharmaceutical Products,2019-04-01,114.748
EUA,6.1.1,Pharmaceutical Products,2019-05-01,114.624
EUA,6.1.1,Pharmaceutical Products,2019-06-01,114.101
EUA,6.1.1,Pharmaceutical Products,2019-07-01,114.435
EUA,6.1.1,Pharmaceutical Products,2019-08-01,115.133
EUA,6.1.1,Pharmaceutical Products,2019-09-01,114.219
EUA,6.1.1,Pharmaceutical Products,2019-10-01,115.42
EUA,6.1.1,Pharmaceutical Products,2019-11-01,115.233
EUA,6.1.1,Pharmaceutical Products,2019-12-01,116.677
EUA,6.1.1,Pharmaceutical Products,2020-01-01,116.343
EUA,6.1.1,Pharmaceutical Products,2020-02-01,115.845
EUA,6.1.1,Pharmaceutical Products,2020-03-01,115.793
EUA,6.1.1,Pharmaceutical Products,2020-04-01,115.643
EUA,6.1.1,Pharmaceutical Products,2020-05-01,115.688
EUA,6.1.1,Pharmaceutical Products,2020-06-01,115.678
EUA,6.1.1,Pharmaceutical Products,2020-07-01,115.697
EUA,6.1.1,Pharmaceutical Products,2020-08-01,116.086
EUA,6.1.1,Pharmaceutical Products,2020-09-01,115.444
EUA,6.1.1,Pharmaceutical Products,2020-10-01,114.68
EUA,6.1.1,Pharmaceutical Products,2020-11-01,114.464
EUA,6.1.1,Pharmaceutical Products,2020-12-01,114.195
EUA,6.1.1,Pharmaceutical Products,2021-01-01,113.906
EUA,6.1.1,Pharmaceutical Products,2021-02-01,113.054
EUA,6.1.1,Pharmaceutical Products,2021-03-01,113.14
EUA,6.1.1,Pharmaceutical Products,2021-04-01,113.853
EUA,6.1.1,Pharmaceutical Products,2021-05-01,113.762
EUA,6.1.1,Pharmaceutical Products,2021-06-01,113.321
EUA,6.1.1,Pharmaceutical Products,2021-07-01,113.512
EUA,6.1.1,Pharmaceutical Products,2021-08-01,113.264
EUA,6.1.1,Pharmaceutical Products,2021-09-01,113.579
EUA,6.1.1,Pharmaceutical Products,2021-10-01,114.247
EUA,6.1.1,Pharmaceutical Products,2021-11-01,114.421
EUA,6.1.1,Pharmaceutical Products,2021-12-01,114.435
EUA,6.1.1,Pharmaceutical Products,2022-01-01,115.417
EUA,6.1.1,Pharmaceutical Products,2022-02-01,115.884
EUA,6.1.1,Pharmaceutical Products,2022-03-01,116.154
EUA,6.1.1,Pharmaceutical Products,2022-04-01,116.199
EUA,6.1.1,Pharmaceutical Products,2022-05-01,116.347
EUA,6.1.1,Pharmaceutical Products,2022-06-01,116.786
EUA,6.1.1,Pharmaceutical Products,2022-07-01,117.46
EUA,6.1.1,Pharmaceutical Products,2022-08-01,117.739
EUA,6.1.1,Pharmaceutical Products,2022-09-01,117.543
EUA,6.1.1,Pharmaceutical Products,2022-10-01,117.578
EUA,6.1.1,Pharmaceutical Products,2022-11-01,117.673
EUA,6.1.1,Pharmaceutical Products,2022-12-01,117.618
EUA,6.1.1,Pharmaceutical Products,2023-01-01,116.595
EUA,6.1.1,Pharmaceutical Products,2023-02-01,117.045
EUA,6.1.1,Pharmaceutical Products,2023-03-01,118.843
EUA,6.1.1,Pharmaceutical Products,2023-04-01,119.804
EUA,6.1.1,Pharmaceutical Products,2023-05-01,121.653
EUA,6.1.1,Pharmaceutical Products,2023-06-01,122.358
EUA,6.1.1,Pharmaceutical Products,2023-07-01,124.713
EUA,6.1.1,Pharmaceutical Products,2023-08-01,126.132
EUA,6.1.1,Pharmaceutical Products,2023-09-01,126.612
EUA,6.1.1,Pharmaceutical Products,2023-10-01,126.763
EUA,6.1.1,Pharmaceutical Products,2023-11-01,127.318
EUA,6.1.1,Pharmaceutical Products,2023-12-01,127.391
EUA,6.1.1,Pharmaceutical Products,2024-01-01,127.358
EUA,6.1.1,Pharmaceutical Products,2024-02-01,127.923
EUA,6.1.1,Pharmaceutical Products,2024-03-01,127.606
EUA,6.1.1,Pharmaceutical Products,2024-04-01,128.983
EUA,6.1.1,Pharmaceutical Products,2024-05-01,128.787
EUA,6.1.1,Pharmaceutical Products,2024-06-01,129.207
EUA,6.1.1,Pharmaceutical Products,2024-07-01,129.584
EUA,6.1.1,Pharmaceutical Products,2024-08-01,129.205
EUA,6.1.1,Pharmaceutical Products,2024-09-01,127.525
EUA,6.1.1,Pharmaceutical Products,2024-10-01,126.092
EUA,6.1.1,Pharmaceutical Products,2024-11-01,126.79
EUA,6.1.1,Pharmaceutical Products,2024-12-01,126.969
EUA,6.1.2,Other Medical Products,2013-12-01,100.0
EUA,6.1.2,Other Medical Products,2014-01-01,100.48
EUA,6.1.2,Other Medical Products,2014-02-01,100.051
EUA,6.1.2,Other Medical Products,2014-03-01,100.097
EUA,6.1.2,Other Medical Products,2014-04-01,100.541
EUA,6.1.2,Other Medical Products,2014-05-01,100.822
EUA,6.1.2,Other Medical Products,2014-06-01,100.394
EUA,6.1.2,Other Medical Products,2014-07-01,100.86
EUA,6.1.2,Other Medical Products,2014-08-01,100.623
EUA,6.1.2,Other Medical Products,2014-09-01,100.494
EUA,6.1.2,Other Medical Products,2014-10-01,101.024
EUA,6.1.2,Other Medical Products,2014-11-01,101.108
EUA,6.1.2,Other Medical Products,2014-12-01,101.003
EUA,6.1.2,Other Medical Products,2015-01-01,99.406
EUA,6.1.2,Other Medical Products,2015-02-01,99.925
EUA,6.1.2,Other Medical Products,2015-03-01,99.681
EUA,6.1.2,Other Medical Products,2015-04-01,100.171
EUA,6.1.2,Other Medical Products,2015-05-01,100.606
EUA,6.1.2,Other Medical Products,2015-06-01,100.262
EUA,6.1.2,Other Medical Products,2015-07-01,99.916
EUA,6.1.2,Other Medical Products,2015-08-01,99.814
EUA,6.1.2,Other Medical Products,2015-09-01,99.542
EUA,6.1.2,Other Medical Products,2015-10-01,99.709
EUA,6.1.2,Other Medical Products,2015-11-01,99.42
EUA,6.1.2,Other Medical Products,2015-12-01,99.069
EUA,6.1.2,Other Medical Products,2016-01-01,99.288
EUA,6.1.2,Other Medical Products,2016-02-01,99.877
EUA,6.1.2,Other Medical Products,2016-03-01,98.965
EUA,6.1.2,Other Medical Products,2016-04-01,98.715
EUA,6.1.2,Other Medical Products,2016-05-01,99.409
EUA,6.1.2,Other Medical Products,2016-06-01,99.67
EUA,6.1.2,Other Medical Products,2016-07-01,99.97
EUA,6.1.2,Other Medical Products,2016-08-01,99.705
EUA,6.1.2,Other Medical Products,2016-09-01,99.045
EUA,6.1.2,Other Medical Products,2016-10-01,98.984
EUA,6.1.2,Other Medical Products,2016-11-01,99.182
EUA,6.1.2,Other Medical Products,2016-12-01,99.367
EUA,6.1.2,Other Medical Products,2017-01-01,99.277
EUA,6.1.2,Other Medical Products,2017-02-01,100.102
EUA,6.1.2,Other Medical Products,2017-03-01,100.059
EUA,6.1.2,Other Medical Products,2017-04-01,99.957
EUA,6.1.2,Other Medical Products,2017-05-01,99.993
EUA,6.1.2,Other Medical Products,2017-06-01,99.689
EUA,6.1.2,Other Medical Products,2017-07-01,99.124
EUA,6.1.2,Other Medical Products,2017-08-01,99.262
EUA,6.1.2,Other Medical Products,2017-09-01,99.638
EUA,6.1.2,Other Medical Products,2017-10-01,99.438
EUA,6.1.2,Other Medical Products,2017-11-01,99.866
EUA,6.1.2,Other Medical Products,2017-12-01,99.441
EUA,6.1.2,Other Medical Products,2018-01-01,99.904
EUA,6.1.2,Other Medical Products,2018-02-01,100.487
EUA,6.1.2,Other Medical Products,2018-03-01,98.464
EUA,6.1.2,Other Medical Products,2018-04-01,98.136
EUA,6.1.2,Other Medical Products,2018-05-01,100.582
EUA,6.1.2,Other Medical Products,2018-06-01,100.608
EUA,6.1.2,Other Medical Products,2018-07-01,100.378
EUA,6.1.2,Other Medical Products,2018-08-01,99.558
EUA,6.1.2,Other Medical Products,2018-09-01,100.586
EUA,6.1.2,Other Medical Products,2018-10-01,101.122
EUA,6.1.2,Other Medical Products,2018-11-01,101.595
EUA,6.1.2,Other Medical Products,2018-12-01,101.261
EUA,6.1.2,Other Medical Products,2019-01-01,102.02
EUA,6.1.2,Other Medical Products,2019-02-01,101.365
EUA,6.1.2,Other Medical Products,2019-03-01,99.785
EUA,6.1.2,Other Medical Products,2019-04-01,101.799
EUA,6.1.2,Other Medical Products,2019-05-01,103.488
EUA,6.1.2,Other Medical Products,2019-06-01,104.097
EUA,6.1.2,Other Medical Products,2019-07-01,102.066
EUA,6.1.2,Other Medical Products,2019-08-01,102.039
EUA,6.1.2,Other Medical Products,2019-09-01,101.612
EUA,6.1.2,Other Medical Products,2019-10-01,102.509
EUA,6.1.2,Other Medical Products,2019-11-01,103.536
EUA,6.1.2,Other Medical Products,2019-12-01,102.515
EUA,6.1.2,Other Medical Products,2020-01-01,101.649
EUA,6.1.2,Other Medical Products,2020-02-01,101.373
EUA,6.1.2,Other Medical Products,2020-03-01,101.169
EUA,6.1.2,Other Medical Products,2020-04-01,100.497
EUA,6.1.2,Other Medical Products,2020-05-01,101.949
EUA,6.1.2,Other Medical Products,2020-06-01,101.871
EUA,6.1.2,Other Medical Products,2020-07-01,102.23
EUA,6.1.2,Other Medical Products,2020-08-01,101.011
EUA,6.1.2,Other Medical Products,2020-09-01,99.042
EUA,6.1.2,Other Medical Products,2020-10-01,97.666
EUA,6.1.2,Other Medical Products,2020-11-01,92.511
EUA,6.1.2,Other Medical Products,2020-12-01,92.297
EUA,6.1.2,Other Medical Products,2021-01-01,95.457
EUA,6.1.2,Other Medical Products,2021-02-01,95.845
EUA,6.1.2,Other Medical Products,2021-03-01,95.452
EUA,6.1.2,Other Medical Products,2021-04-01,94.957
EUA,6.1.2,Other Medical Products,2021-05-01,96.094
EUA,6.1.2,Other Medical Products,2021-06-01,95.546
EUA,6.1.2,Other Medical Products,2021-07-01,95.661
EUA,6.1.2,Other Medical Products,2021-08-01,96.502
EUA,6.1.2,Other Medical Products,2021-09-01,97.422
EUA,6.1.2,Other Medical Products,2021-10-01,97.69
EUA,6.1.2,Other Medical Products,2021-11-01,97.247
EUA,6.1.2,Other Medical Products,2021-12-01,97.756
EUA,6.1.2,Other Medical Products,2022-01-01,99.084
EUA,6.1.2,Other Medical Products,2022-02-01,98.613
EUA,6.1.2,Other Medical Products,2022-03-01,98.417
EUA,6.1.2,Other Medical Products,2022-04-01,98.701
EUA,6.1.2,Other Medical Products,2022-05-01,100.655
EUA,6.1.2,Other Medical Products,2022-06-01,101.235
EUA,6.1.2,Other Medical Products,2022-07-01,102.007
EUA,6.1.2,Other Medical Products,2022-08-01,102.361
EUA,6.1.2,Other Medical Products,2022-09-01,103.353
EUA,6.1.2,Other Medical Products,2022-10-01,102.73
EUA,6.1.2,Other Medical Products,2022-11-01,104.486
EUA,6.1.2,Other Medical Products,2022-12-01,106.824
EUA,6.1.2,Other Medical Products,2023-01-01,106.041
EUA,6.1.2,Other Medical Products,2023-02-01,106.332
EUA,6.1.2,Other Medical Products,2023-03-01,107.56
EUA,6.1.2,Other Medical Products,2023-04-01,108.537
EUA,6.1.2,Other Medical Products,2023-05-01,111.099
EUA,6.1.2,Other Medical Products,2023-06-01,111.141
EUA,6.1.2,Other Medical Products,2023-07-01,110.762
EUA,6.1.2,Other Medical Products,2023-08-01,110.698
EUA,6.1.2,Other Medical Products,2023-09-01,111.296
EUA,6.1.2,Other Medical Products,2023-10-01,109.469
EUA,6.1.2,Other Medical Products,2023-11-01,110.085
EUA,6.1.2,Other Medical Products,2023-12-01,111.44
EUA,6.1.2,Other Medical Products,2024-01-01,109.857
EUA,6.1.2,Other Medical Products,2024-02-01,110.096
EUA,6.1.2,Other Medical Products,2024-03-01,110.789
EUA,6.1.2,Other Medical Products,2024-04-01,110.381
EUA,6.1.2,Other Medical Products,2024-05-01,111.135
EUA,6.1.2,Other Medical Products,2024-06-01,112.267
EUA,6.1.2,Other Medical Products,2024-07-01,112.136
EUA,6.1.2,Other Medical Products,2024-08-01,111.565
EUA,6.1.2,Other Medical Products,2024-09-01,111.761
EUA,6.1.2,Other Medical Products,2024-10-01,111.834
EUA,6.1.2,Other Medical Products,2024-11-01,111.428
EUA,6.1.2,Other Medical Products,2024-12-01,110.359
EUA,6.1.3,Therapeutic Appliances and Equipment,2013-12-01,100.0
EUA,6.1.3,Therapeutic Appliances and Equipment,2014-01-01,100.373
EUA,6.1.3,Therapeutic Appliances and Equipment,2014-02-01,100.915
EUA,6.1.3,Therapeutic Appliances and Equipment,2014-03-01,101.042
EUA,6.1.3,Therapeutic Appliances and Equipment,2014-04-01,101.141
EUA,6.1.3,Therapeutic Appliances and Equipment,2014-05-01,102.078
EUA,6.1.3,Therapeutic Appliances and Equipment,2014-06-01,101.877
EUA,6.1.3,Therapeutic Appliances and Equipment,2014-07-01,101.578
EUA,6.1.3,Therapeutic Appliances and Equipment,2014-08-01,101.512
EUA,6.1.3,Therapeutic Appliances and Equipment,2014-09-01,101.581
EUA,6.1.3,Therapeutic Appliances and Equipment,2014-10-01,101.612
EUA,6.1.3,Therapeutic Appliances and Equipment,2014-11-01,102.138
EUA,6.1.3,Therapeutic Appliances and Equipment,2014-12-01,102.222
EUA,6.1.3,Therapeutic Appliances and Equipment,2015-01-01,101.227
EUA,6.1.3,Therapeutic Appliances and Equipment,2015-02-01,101.432
EUA,6.1.3,Therapeutic Appliances and Equipment,2015-03-01,101.153
EUA,6.1.3,Therapeutic Appliances and Equipment,2015-04-01,101.146
EUA,6.1.3,Therapeutic Appliances and Equipment,2015-05-01,101.687
EUA,6.1.3,Therapeutic Appliances and Equipment,2015-06-01,101.832
EUA,6.1.3,Therapeutic Appliances and Equipment,2015-07-01,101.293
EUA,6.1.3,Therapeutic Appliances and Equipment,2015-08-01,101.051
EUA,6.1.3,Therapeutic Appliances and Equipment,2015-09-01,101.337
EUA,6.1.3,Therapeutic Appliances and Equipment,2015-10-01,101.577
EUA,6.1.3,Therapeutic Appliances and Equipment,2015-11-01,101.087
EUA,6.1.3,Therapeutic Appliances and Equipment,2015-12-01,101.338
EUA,6.1.3,Therapeutic Appliances and Equipment,2016-01-01,102.203
EUA,6.1.3,Therapeutic Appliances and Equipment,2016-02-01,102.142
EUA,6.1.3,Therapeutic Appliances and Equipment,2016-03-01,102.369
EUA,6.1.3,Therapeutic Appliances and Equipment,2016-04-01,102.915
EUA,6.1.3,Therapeutic Appliances and Equipment,2016-05-01,103.341
EUA,6.1.3,Therapeutic Appliances and Equipment,2016-06-01,103.06
EUA,6.1.3,Therapeutic Appliances and Equipment,2016-07-01,102.859
EUA,6.1.3,Therapeutic Appliances and Equipment,2016-08-01,102.575
EUA,6.1.3,Therapeutic Appliances and Equipment,2016-09-01,102.482
EUA,6.1.3,Therapeutic Appliances and Equipment,2016-10-01,102.379
EUA,6.1.3,Therapeutic Appliances and Equipment,2016-11-01,102.508
EUA,6.1.3,Therapeutic Appliances and Equipment,2016-12-01,102.556
EUA,6.1.3,Therapeutic Appliances and Equipment,2017-01-01,102.978
EUA,6.1.3,Therapeutic Appliances and Equipment,2017-02-01,103.2
EUA,6.1.3,Therapeutic Appliances and Equipment,2017-03-01,102.594
EUA,6.1.3,Therapeutic Appliances and Equipment,2017-04-01,102.862
EUA,6.1.3,Therapeutic Appliances and Equipment,2017-05-01,103.404
EUA,6.1.3,Therapeutic Appliances and Equipment,2017-06-01,102.037
EUA,6.1.3,Therapeutic Appliances and Equipment,2017-07-01,101.614
EUA,6.1.3,Therapeutic Appliances and Equipment,2017-08-01,102.817
EUA,6.1.3,Therapeutic Appliances and Equipment,2017-09-01,102.812
EUA,6.1.3,Therapeutic Appliances and Equipment,2017-10-01,102.976
EUA,6.1.3,Therapeutic Appliances and Equipment,2017-11-01,103.444
EUA,6.1.3,Therapeutic Appliances and Equipment,2017-12-01,103.105
EUA,6.1.3,Therapeutic Appliances and Equipment,2018-01-01,103.934
EUA,6.1.3,Therapeutic Appliances and Equipment,2018-02-01,104.182
EUA,6.1.3,Therapeutic Appliances and Equipment,2018-03-01,103.58
EUA,6.1.3,Therapeutic Appliances and Equipment,2018-04-01,103.603
EUA,6.1.3,Therapeutic Appliances and Equipment,2018-05-01,103.566
EUA,6.1.3,Therapeutic Appliances and Equipment,2018-06-01,103.769
EUA,6.1.3,Therapeutic Appliances and Equipment,2018-07-01,103.919
EUA,6.1.3,Therapeutic Appliances and Equipment,2018-08-01,103.895
EUA,6.1.3,Therapeutic Appliances and Equipment,2018-09-01,104.086
EUA,6.1.3,Therapeutic Appliances and Equipment,2018-10-01,104.206
EUA,6.1.3,Therapeutic Appliances and Equipment,2018-11-01,104.384
EUA,6.1.3,Therapeutic Appliances and Equipment,2018-12-01,104.606
EUA,6.1.3,Therapeutic Appliances and Equipment,2019-01-01,104.685
EUA,6.1.3,Therapeutic Appliances and Equipment,2019-02-01,104.785
EUA,6.1.3,Therapeutic Appliances and Equipment,2019-03-01,104.472
EUA,6.1.3,Therapeutic Appliances and Equipment,2019-04-01,104.717
EUA,6.1.3,Therapeutic Appliances and Equipment,2019-05-01,105.42
EUA,6.1.3,Therapeutic Appliances and Equipment,2019-06-01,105.563
EUA,6.1.3,Therapeutic Appliances and Equipment,2019-07-01,105.326
EUA,6.1.3,Therapeutic Appliances and Equipment,2019-08-01,105.377
EUA,6.1.3,Therapeutic Appliances and Equipment,2019-09-01,104.741
EUA,6.1.3,Therapeutic Appliances and Equipment,2019-10-01,105.271
EUA,6.1.3,Therapeutic Appliances and Equipment,2019-11-01,105.663
EUA,6.1.3,Therapeutic Appliances and Equipment,2019-12-01,105.536
EUA,6.1.3,Therapeutic Appliances and Equipment,2020-01-01,105.325
EUA,6.1.3,Therapeutic Appliances and Equipment,2020-02-01,105.248
EUA,6.1.3,Therapeutic Appliances and Equipment,2020-03-01,105.248
EUA,6.1.3,Therapeutic Appliances and Equipment,2020-04-01,105.173
EUA,6.1.3,Therapeutic Appliances and Equipment,2020-05-01,105.854
EUA,6.1.3,Therapeutic Appliances and Equipment,2020-06-01,106.095
EUA,6.1.3,Therapeutic Appliances and Equipment,2020-07-01,105.928
EUA,6.1.3,Therapeutic Appliances and Equipment,2020-08-01,105.625
EUA,6.1.3,Therapeutic Appliances and Equipment,2020-09-01,106.082
EUA,6.1.3,Therapeutic Appliances and Equipment,2020-10-01,105.763
EUA,6.1.3,Therapeutic Appliances and Equipment,2020-11-01,104.54
EUA,6.1.3,Therapeutic Appliances and Equipment,2020-12-01,104.409
EUA,6.1.3,Therapeutic Appliances and Equipment,2021-01-01,104.602
EUA,6.1.3,Therapeutic Appliances and Equipment,2021-02-01,105.138
EUA,6.1.3,Therapeutic Appliances and Equipment,2021-03-01,104.98
EUA,6.1.3,Therapeutic Appliances and Equipment,2021-04-01,104.903
EUA,6.1.3,Therapeutic Appliances and Equipment,2021-05-01,105.761
EUA,6.1.3,Therapeutic Appliances and Equipment,2021-06-01,104.652
EUA,6.1.3,Therapeutic Appliances and Equipment,2021-07-01,104.889
EUA,6.1.3,Therapeutic Appliances and Equipment,2021-08-01,105.812
EUA,6.1.3,Therapeutic Appliances and Equipment,2021-09-01,105.923
EUA,6.1.3,Therapeutic Appliances and Equipment,2021-10-01,106.111
EUA,6.1.3,Therapeutic Appliances and Equipment,2021-11-01,106.22
EUA,6.1.3,Therapeutic Appliances and Equipment,2021-12-01,106.805
EUA,6.1.3,Therapeutic Appliances and Equipment,2022-01-01,107.215
EUA,6.1.3,Therapeutic Appliances and Equipment,2022-02-01,107.231
EUA,6.1.3,Therapeutic Appliances and Equipment,2022-03-01,107.157
EUA,6.1.3,Therapeutic Appliances and Equipment,2022-04-01,107.384
EUA,6.1.3,Therapeutic Appliances and Equipment,2022-05-01,107.84
EUA,6.1.3,Therapeutic Appliances and Equipment,2022-06-01,108.571
EUA,6.1.3,Therapeutic Appliances and Equipment,2022-07-01,108.054
EUA,6.1.3,Therapeutic Appliances and Equipment,2022-08-01,108.127
EUA,6.1.3,Therapeutic Appliances and Equipment,2022-09-01,111.162
EUA,6.1.3,Therapeutic Appliances and Equipment,2022-10-01,111.109
EUA,6.1.3,Therapeutic Appliances and Equipment,2022-11-01,109.219
EUA,6.1.3,Therapeutic Appliances and Equipment,2022-12-01,110.046
EUA,6.1.3,Therapeutic Appliances and Equipment,2023-01-01,109.596
EUA,6.1.3,Therapeutic Appliances and Equipment,2023-02-01,109.908
EUA,6.1.3,Therapeutic Appliances and Equipment,2023-03-01,110.278
EUA,6.1.3,Therapeutic Appliances and Equipment,2023-04-01,110.448
EUA,6.1.3,Therapeutic Appliances and Equipment,2023-05-01,111.484
EUA,6.1.3,Therapeutic Appliances and Equipment,2023-06-01,112.083
EUA,6.1.3,Therapeutic Appliances and Equipment,2023-07-01,111.994
EUA,6.1.3,Therapeutic Appliances and Equipment,2023-08-01,112.805
EUA,6.1.3,Therapeutic Appliances and Equipment,2023-09-01,113.307
EUA,6.1.3,Therapeutic Appliances and Equipment,2023-10-01,113.06
EUA,6.1.3,Therapeutic Appliances and Equipment,2023-11-01,113.029
EUA,6.1.3,Therapeutic Appliances and Equipment,2023-12-01,113.138
EUA,6.1.3,Therapeutic Appliances and Equipment,2024-01-01,112.816
EUA,6.1.3,Therapeutic Appliances and Equipment,2024-02-01,113.497
EUA,6.1.3,Therapeutic Appliances and Equipment,2024-03-01,113.658
EUA,6.1.3,Therapeutic Appliances and Equipment,2024-04-01,114.424
EUA,6.1.3,Therapeutic Appliances and Equipment,2024-05-01,114.479
EUA,6.1.3,Therapeutic Appliances and Equipment,2024-06-01,115.399
EUA,6.1.3,Therapeutic Appliances and Equipment,2024-07-01,116.069
EUA,6.1.3,Therapeutic Appliances and Equipment,2024-08-01,115.446
EUA,6.1.3,Therapeutic Appliances and Equipment,2024-09-01,115.403
EUA,6.1.3,Therapeutic Appliances and Equipment,2024-10-01,116.65
EUA,6.1.3,Therapeutic Appliances and Equipment,2024-11-01,116.825
EUA,6.1.3,Therapeutic Appliances and Equipment,2024-12-01,116.775
EUA,6.2.1,Medical Services,2013-12-01,100.0
EUA,6.2.1,Medical Services,2014-01-01,100.123
EUA,6.2.1,Medical Services,2014-02-01,100.206
EUA,6.2.1,Medical Services,2014-03-01,100.341
EUA,6.2.1,Medical Services,2014-04-01,100.549
EUA,6.2.1,Medical Services,2014-05-01,100.887
EUA,6.2.1,Medical Services,2014-06-01,100.823
EUA,6.2.1,Medical Services,2014-07-01,100.715
EUA,6.2.1,Medical Services,2014-08-01,101.01
EUA,6.2.1,Medical Services,2014-09-01,100.982
EUA,6.2.1,Medical Services,2014-10-01,101.025
EUA,6.2.1,Medical Services,2014-11-01,101.4
EUA,6.2.1,Medical Services,2014-12-01,101.558
EUA,6.2.1,Medical Services,2015-01-01,101.747
EUA,6.2.1,Medical Services,2015-02-01,101.435
EUA,6.2.1,Medical Services,2015-03-01,101.965
EUA,6.2.1,Medical Services,2015-04-01,102.353
EUA,6.2.1,Medical Services,2015-05-01,102.396
EUA,6.2.1,Medical Services,2015-06-01,102.722
EUA,6.2.1,Medical Services,2015-07-01,102.936
EUA,6.2.1,Medical Services,2015-08-01,102.694
EUA,6.2.1,Medical Services,2015-09-01,102.9
EUA,6.2.1,Medical Services,2015-10-01,102.784
EUA,6.2.1,Medical Services,2015-11-01,103.687
EUA,6.2.1,Medical Services,2015-12-01,103.636
EUA,6.2.1,Medical Services,2016-01-01,103.856
EUA,6.2.1,Medical Services,2016-02-01,104.166
EUA,6.2.1,Medical Services,2016-03-01,104.305
EUA,6.2.1,Medical Services,2016-04-01,104.438
EUA,6.2.1,Medical Services,2016-05-01,105.322
EUA,6.2.1,Medical Services,2016-06-01,105.597
EUA,6.2.1,Medical Services,2016-07-01,106.235
EUA,6.2.1,Medical Services,2016-08-01,106.705
EUA,6.2.1,Medical Services,2016-09-01,106.707
EUA,6.2.1,Medical Services,2016-10-01,106.533
EUA,6.2.1,Medical Services,2016-11-01,107.219
EUA,6.2.1,Medical Services,2016-12-01,107.324
EUA,6.2.1,Medical Services,2017-01-01,107.5
EUA,6.2.1,Medical Services,2017-02-01,107.653
EUA,6.2.1,Medical Services,2017-03-01,107.336
EUA,6.2.1,Medical Services,2017-04-01,106.381
EUA,6.2.1,Medical Services,2017-05-01,106.257
EUA,6.2.1,Medical Services,2017-06-01,105.842
EUA,6.2.1,Medical Services,2017-07-01,105.89
EUA,6.2.1,Medical Services,2017-08-01,106.186
EUA,6.2.1,Medical Services,2017-09-01,106.27
EUA,6.2.1,Medical Services,2017-10-01,106.277
EUA,6.2.1,Medical Services,2017-11-01,105.839
EUA,6.2.1,Medical Services,2017-12-01,105.984
EUA,6.2.1,Medical Services,2018-01-01,106.28
EUA,6.2.1,Medical Services,2018-02-01,106.544
EUA,6.2.1,Medical Services,2018-03-01,106.717
EUA,6.2.1,Medical Services,2018-04-01,106.822
EUA,6.2.1,Medical Services,2018-05-01,106.862
EUA,6.2.1,Medical Services,2018-06-01,106.807
EUA,6.2.1,Medical Services,2018-07-01,106.675
EUA,6.2.1,Medical Services,2018-08-01,106.585
EUA,6.2.1,Medical Services,2018-09-01,106.756
EUA,6.2.1,Medical Services,2018-10-01,106.668
EUA,6.2.1,Medical Services,2018-11-01,106.575
EUA,6.2.1,Medical Services,2018-12-01,106.591
EUA,6.2.1,Medical Services,2019-01-01,107.058
EUA,6.2.1,Medical Services,2019-02-01,107.35
EUA,6.2.1,Medical Services,2019-03-01,106.925
EUA,6.2.1,Medical Services,2019-04-01,107.153
EUA,6.2.1,Medical Services,2019-05-01,107.275
EUA,6.2.1,Medical Services,2019-06-01,107.365
EUA,6.2.1,Medical Services,2019-07-01,107.446
EUA,6.2.1,Medical Services,2019-08-01,107.446
EUA,6.2.1,Medical Services,2019-09-01,107.846
EUA,6.2.1,Medical Services,2019-10-01,107.921
EUA,6.2.1,Medical Services,2019-11-01,107.961
EUA,6.2.1,Medical Services,2019-12-01,107.993
EUA,6.2.1,Medical Services,2020-01-01,107.93
EUA,6.2.1,Medical Services,2020-02-01,108.283
EUA,6.2.1,Medical Services,2020-03-01,108.369
EUA,6.2.1,Medical Services,2020-04-01,108.486
EUA,6.2.1,Medical Services,2020-05-01,109.118
EUA,6.2.1,Medical Services,2020-06-01,109.489
EUA,6.2.1,Medical Services,2020-07-01,110.012
EUA,6.2.1,Medical Services,2020-08-01,110.012
EUA,6.2.1,Medical Services,2020-09-01,109.989
EUA,6.2.1,Medical Services,2020-10-01,109.901
EUA,6.2.1,Medical Services,2020-11-01,109.883
EUA,6.2.1,Medical Services,2020-12-01,109.794
EUA,6.2.1,Medical Services,2021-01-01,111.387
EUA,6.2.1,Medical Services,2021-02-01,113.234
EUA,6.2.1,Medical Services,2021-03-01,113.51
EUA,6.2.1,Medical Services,2021-04-01,113.254
EUA,6.2.1,Medical Services,2021-05-01,113.287
EUA,6.2.1,Medical Services,2021-06-01,113.479
EUA,6.2.1,Medical Services,2021-07-01,113.88
EUA,6.2.1,Medical Services,2021-08-01,113.95
EUA,6.2.1,Medical Services,2021-09-01,113.709
EUA,6.2.1,Medical Services,2021-10-01,113.744
EUA,6.2.1,Medical Services,2021-11-01,114.085
EUA,6.2.1,Medical Services,2021-12-01,114.155
EUA,6.2.1,Medical Services,2022-01-01,114.453
EUA,6.2.1,Medical Services,2022-02-01,114.514
EUA,6.2.1,Medical Services,2022-03-01,114.94
EUA,6.2.1,Medical Services,2022-04-01,115.092
EUA,6.2.1,Medical Services,2022-05-01,115.078
EUA,6.2.1,Medical Services,2022-06-01,115.294
EUA,6.2.1,Medical Services,2022-07-01,115.47
EUA,6.2.1,Medical Services,2022-08-01,115.742
EUA,6.2.1,Medical Services,2022-09-01,116.341
EUA,6.2.1,Medical Services,2022-10-01,116.383
EUA,6.2.1,Medical Services,2022-11-01,116.272
EUA,6.2.1,Medical Services,2022-12-01,116.286
EUA,6.2.1,Medical Services,2023-01-01,116.197
EUA,6.2.1,Medical Services,2023-02-01,115.824
EUA,6.2.1,Medical Services,2023-03-01,115.731
EUA,6.2.1,Medical Services,2023-04-01,115.74
EUA,6.2.1,Medical Services,2023-05-01,115.57
EUA,6.2.1,Medical Services,2023-06-01,116.093
EUA,6.2.1,Medical Services,2023-07-01,116.368
EUA,6.2.1,Medical Services,2023-08-01,116.366
EUA,6.2.1,Medical Services,2023-09-01,116.417
EUA,6.2.1,Medical Services,2023-10-01,115.52
EUA,6.2.1,Medical Services,2023-11-01,116.012
EUA,6.2.1,Medical Services,2023-12-01,116.216
EUA,6.2.1,Medical Services,2024-01-01,116.9
EUA,6.2.1,Medical Services,2024-02-01,116.721
EUA,6.2.1,Medical Services,2024-03-01,116.939
EUA,6.2.1,Medical Services,2024-04-01,116.905
EUA,6.2.1,Medical Services,2024-05-01,116.914
EUA,6.2.1,Medical Services,2024-06-01,117.133
EUA,6.2.1,Medical Services,2024-07-01,117.265
EUA,6.2.1,Medical Services,2024-08-01,117.246
EUA,6.2.1,Medical Services,2024-09-01,118.408
EUA,6.2.1,Medical Services,2024-10-01,118.776
EUA,6.2.1,Medical Services,2024-11-01,119.055
EUA,6.2.1,Medical Services,2024-12-01,119.174
EUA,6.2.2,Dental Services,2013-12-01,100.0
EUA,6.2.2,Dental Services,2014-01-01,100.457
EUA,6.2.2,Dental Services,2014-02-01,100.856
EUA,6.2.2,Dental Services,2014-03-01,101.039
EUA,6.2.2,Dental Services,2014-04-01,101.23
EUA,6.2.2,Dental Services,2014-05-01,101.393
EUA,6.2.2,Dental Services,2014-06-01,101.472
EUA,6.2.2,Dental Services,2014-07-01,101.546
EUA,6.2.2,Dental Services,2014-08-01,101.618
EUA,6.2.2,Dental Services,2014-09-01,101.708
EUA,6.2.2,Dental Services,2014-10-01,101.75
EUA,6.2.2,Dental Services,2014-11-01,101.804
EUA,6.2.2,Dental Services,2014-12-01,101.82
EUA,6.2.2,Dental Services,2015-01-01,102.617
EUA,6.2.2,Dental Services,2015-02-01,103.257
EUA,6.2.2,Dental Services,2015-03-01,103.336
EUA,6.2.2,Dental Services,2015-04-01,103.763
EUA,6.2.2,Dental Services,2015-05-01,103.872
EUA,6.2.2,Dental Services,2015-06-01,104.022
EUA,6.2.2,Dental Services,2015-07-01,104.287
EUA,6.2.2,Dental Services,2015-08-01,104.329
EUA,6.2.2,Dental Services,2015-09-01,104.359
EUA,6.2.2,Dental Services,2015-10-01,104.306
EUA,6.2.2,Dental Services,2015-11-01,104.661
EUA,6.2.2,Dental Services,2015-12-01,104.714
EUA,6.2.2,Dental Services,2016-01-01,105.375
EUA,6.2.2,Dental Services,2016-02-01,106.527
EUA,6.2.2,Dental Services,2016-03-01,106.259
EUA,6.2.2,Dental Services,2016-04-01,107.076
EUA,6.2.2,Dental Services,2016-05-01,107.141
EUA,6.2.2,Dental Services,2016-06-01,106.84
EUA,6.2.2,Dental Services,2016-07-01,106.856
EUA,6.2.2,Dental Services,2016-08-01,107.237
EUA,6.2.2,Dental Services,2016-09-01,107.38
EUA,6.2.2,Dental Services,2016-10-01,107.37
EUA,6.2.2,Dental Services,2016-11-01,107.441
EUA,6.2.2,Dental Services,2016-12-01,107.498
EUA,6.2.2,Dental Services,2017-01-01,107.626
EUA,6.2.2,Dental Services,2017-02-01,107.961
EUA,6.2.2,Dental Services,2017-03-01,108.446
EUA,6.2.2,Dental Services,2017-04-01,108.306
EUA,6.2.2,Dental Services,2017-05-01,108.636
EUA,6.2.2,Dental Services,2017-06-01,108.678
EUA,6.2.2,Dental Services,2017-07-01,108.828
EUA,6.2.2,Dental Services,2017-08-01,108.906
EUA,6.2.2,Dental Services,2017-09-01,109.039
EUA,6.2.2,Dental Services,2017-10-01,109.038
EUA,6.2.2,Dental Services,2017-11-01,109.166
EUA,6.2.2,Dental Services,2017-12-01,109.152
EUA,6.2.2,Dental Services,2018-01-01,109.292
EUA,6.2.2,Dental Services,2018-02-01,111.159
EUA,6.2.2,Dental Services,2018-03-01,112.449
EUA,6.2.2,Dental Services,2018-04-01,112.699
EUA,6.2.2,Dental Services,2018-05-01,112.189
EUA,6.2.2,Dental Services,2018-06-01,112.343
EUA,6.2.2,Dental Services,2018-07-01,112.164
EUA,6.2.2,Dental Services,2018-08-01,111.154
EUA,6.2.2,Dental Services,2018-09-01,111.355
EUA,6.2.2,Dental Services,2018-10-01,111.532
EUA,6.2.2,Dental Services,2018-11-01,111.553
EUA,6.2.2,Dental Services,2018-12-01,111.628
EUA,6.2.2,Dental Services,2019-01-01,112.378
EUA,6.2.2,Dental Services,2019-02-01,112.954
EUA,6.2.2,Dental Services,2019-03-01,113.242
EUA,6.2.2,Dental Services,2019-04-01,113.211
EUA,6.2.2,Dental Services,2019-05-01,113.482
EUA,6.2.2,Dental Services,2019-06-01,114.526
EUA,6.2.2,Dental Services,2019-07-01,114.71
EUA,6.2.2,Dental Services,2019-08-01,114.754
EUA,6.2.2,Dental Services,2019-09-01,114.783
EUA,6.2.2,Dental Services,2019-10-01,114.817
EUA,6.2.2,Dental Services,2019-11-01,114.984
EUA,6.2.2,Dental Services,2019-12-01,115.018
EUA,6.2.2,Dental Services,2020-01-01,115.177
EUA,6.2.2,Dental Services,2020-02-01,115.568
EUA,6.2.2,Dental Services,2020-03-01,116.399
EUA,6.2.2,Dental Services,2020-04-01,116.776
EUA,6.2.2,Dental Services,2020-05-01,117.95
EUA,6.2.2,Dental Services,2020-06-01,118.134
EUA,6.2.2,Dental Services,2020-07-01,118.733
EUA,6.2.2,Dental Services,2020-08-01,118.036
EUA,6.2.2,Dental Services,2020-09-01,118.183
EUA,6.2.2,Dental Services,2020-10-01,118.335
EUA,6.2.2,Dental Services,2020-11-01,118.332
EUA,6.2.2,Dental Services,2020-12-01,118.393
EUA,6.2.2,Dental Services,2021-01-01,118.752
EUA,6.2.2,Dental Services,2021-02-01,119.601
EUA,6.2.2,Dental Services,2021-03-01,119.42
EUA,6.2.2,Dental Services,2021-04-01,119.615
EUA,6.2.2,Dental Services,2021-05-01,119.576
EUA,6.2.2,Dental Services,2021-06-01,119.576
EUA,6.2.2,Dental Services,2021-07-01,120.173
EUA,6.2.2,Dental Services,2021-08-01,121.061
EUA,6.2.2,Dental Services,2021-09-01,120.906
EUA,6.2.2,Dental Services,2021-10-01,120.885
EUA,6.2.2,Dental Services,2021-11-01,120.937
EUA,6.2.2,Dental Services,2021-12-01,121.025
EUA,6.2.2,Dental Services,2022-01-01,121.534
EUA,6.2.2,Dental Services,2022-02-01,122.079
EUA,6.2.2,Dental Services,2022-03-01,122.316
EUA,6.2.2,Dental Services,2022-04-01,122.037
EUA,6.2.2,Dental Services,2022-05-01,122.77
EUA,6.2.2,Dental Services,2022-06-01,125.167
EUA,6.2.2,Dental Services,2022-07-01,125.102
EUA,6.2.2,Dental Services,2022-08-01,126.741
EUA,6.2.2,Dental Services,2022-09-01,127.357
EUA,6.2.2,Dental Services,2022-10-01,127.47
EUA,6.2.2,Dental Services,2022-11-01,128.722
EUA,6.2.2,Dental Services,2022-12-01,128.795
EUA,6.2.2,Dental Services,2023-01-01,129.573
EUA,6.2.2,Dental Services,2023-02-01,130.154
EUA,6.2.2,Dental Services,2023-03-01,130.587
EUA,6.2.2,Dental Services,2023-04-01,130.681
EUA,6.2.2,Dental Services,2023-05-01,130.857
EUA,6.2.2,Dental Services,2023-06-01,130.903
EUA,6.2.2,Dental Services,2023-07-01,131.449
EUA,6.2.2,Dental Services,2023-08-01,133.455
EUA,6.2.2,Dental Services,2023-09-01,133.346
EUA,6.2.2,Dental Services,2023-10-01,133.732
EUA,6.2.2,Dental Services,2023-11-01,134.449
EUA,6.2.2,Dental Services,2023-12-01,135.296
EUA,6.2.2,Dental Services,2024-01-01,135.788
EUA,6.2.2,Dental Services,2024-02-01,136.592
EUA,6.2.2,Dental Services,2024-03-01,135.933
EUA,6.2.2,Dental Services,2024-04-01,136.09
EUA,6.2.2,Dental Services,2024-05-01,137.517
EUA,6.2.2,Dental Services,2024-06-01,137.848
EUA,6.2.2,Dental Services,2024-07-01,137.997
EUA,6.2.2,Dental Services,2024-08-01,138.103
EUA,6.2.2,Dental Services,2024-09-01,138.597
EUA,6.2.2,Dental Services,2024-10-01,138.871
EUA,6.2.2,Dental Services,2024-11-01,139.745
EUA,6.2.2,Dental Services,2024-12-01,139.366
EUA,6.2.3,Paramedical Services,2013-12-01,100.0
EUA,6.2.3,Paramedical Services,2014-01-01,100.229
EUA,6.2.3,Paramedical Services,2014-02-01,100.514
EUA,6.2.3,Paramedical Services,2014-03-01,100.552
EUA,6.2.3,Paramedical Services,2014-04-01,100.413
EUA,6.2.3,Paramedical Services,2014-05-01,100.903
EUA,6.2.3,Paramedical Services,2014-06-01,101.233
EUA,6.2.3,Paramedical Services,2014-07-01,101.215
EUA,6.2.3,Paramedical Services,2014-08-01,100.994
EUA,6.2.3,Paramedical Services,2014-09-01,100.95
EUA,6.2.3,Paramedical Services,2014-10-01,101.291
EUA,6.2.3,Paramedical Services,2014-11-01,101.992
EUA,6.2.3,Paramedical Services,2014-12-01,102.005
EUA,6.2.3,Paramedical Services,2015-01-01,101.34
EUA,6.2.3,Paramedical Services,2015-02-01,101.508
EUA,6.2.3,Paramedical Services,2015-03-01,101.421
EUA,6.2.3,Paramedical Services,2015-04-01,101.395
EUA,6.2.3,Paramedical Services,2015-05-01,101.566
EUA,6.2.3,Paramedical Services,2015-06-01,101.675
EUA,6.2.3,Paramedical Services,2015-07-01,101.592
EUA,6.2.3,Paramedical Services,2015-08-01,101.656
EUA,6.2.3,Paramedical Services,2015-09-01,101.806
EUA,6.2.3,Paramedical Services,2015-10-01,101.868
EUA,6.2.3,Paramedical Services,2015-11-01,101.58
EUA,6.2.3,Paramedical Services,2015-12-01,101.654
EUA,6.2.3,Paramedical Services,2016-01-01,102.194
EUA,6.2.3,Paramedical Services,2016-02-01,102.145
EUA,6.2.3,Paramedical Services,2016-03-01,102.24
EUA,6.2.3,Paramedical Services,2016-04-01,102.559
EUA,6.2.3,Paramedical Services,2016-05-01,103.301
EUA,6.2.3,Paramedical Services,2016-06-01,102.936
EUA,6.2.3,Paramedical Services,2016-07-01,103.386
EUA,6.2.3,Paramedical Services,2016-08-01,103.143
EUA,6.2.3,Paramedical Services,2016-09-01,103.149
EUA,6.2.3,Paramedical Services,2016-10-01,103.128
EUA,6.2.3,Paramedical Services,2016-11-01,103.482
EUA,6.2.3,Paramedical Services,2016-12-01,103.528
EUA,6.2.3,Paramedical Services,2017-01-01,104.178
EUA,6.2.3,Paramedical Services,2017-02-01,104.414
EUA,6.2.3,Paramedical Services,2017-03-01,104.314
EUA,6.2.3,Paramedical Services,2017-04-01,104.451
EUA,6.2.3,Paramedical Services,2017-05-01,104.678
EUA,6.2.3,Paramedical Services,2017-06-01,104.035
EUA,6.2.3,Paramedical Services,2017-07-01,103.908
EUA,6.2.3,Paramedical Services,2017-08-01,104.453
EUA,6.2.3,Paramedical Services,2017-09-01,104.705
EUA,6.2.3,Paramedical Services,2017-10-01,104.926
EUA,6.2.3,Paramedical Services,2017-11-01,105.241
EUA,6.2.3,Paramedical Services,2017-12-01,105.09
EUA,6.2.3,Paramedical Services,2018-01-01,105.095
EUA,6.2.3,Paramedical Services,2018-02-01,104.606
EUA,6.2.3,Paramedical Services,2018-03-01,105.012
EUA,6.2.3,Paramedical Services,2018-04-01,105.191
EUA,6.2.3,Paramedical Services,2018-05-01,105.133
EUA,6.2.3,Paramedical Services,2018-06-01,105.28
EUA,6.2.3,Paramedical Services,2018-07-01,105.362
EUA,6.2.3,Paramedical Services,2018-08-01,105.294
EUA,6.2.3,Paramedical Services,2018-09-01,105.22
EUA,6.2.3,Paramedical Services,2018-10-01,105.31
EUA,6.2.3,Paramedical Services,2018-11-01,105.615
EUA,6.2.3,Paramedical Services,2018-12-01,105.727
EUA,6.2.3,Paramedical Services,2019-01-01,105.471
EUA,6.2.3,Paramedical Services,2019-02-01,105.805
EUA,6.2.3,Paramedical Services,2019-03-01,105.95
EUA,6.2.3,Paramedical Services,2019-04-01,105.801
EUA,6.2.3,Paramedical Services,2019-05-01,106.153
EUA,6.2.3,Paramedical Services,2019-06-01,106.226
EUA,6.2.3,Paramedical Services,2019-07-01,106.215
EUA,6.2.3,Paramedical Services,2019-08-01,106.486
EUA,6.2.3,Paramedical Services,2019-09-01,106.56
EUA,6.2.3,Paramedical Services,2019-10-01,106.463
EUA,6.2.3,Paramedical Services,2019-11-01,106.581
EUA,6.2.3,Paramedical Services,2019-12-01,106.653
EUA,6.2.3,Paramedical Services,2020-01-01,106.763
EUA,6.2.3,Paramedical Services,2020-02-01,106.784
EUA,6.2.3,Paramedical Services,2020-03-01,106.796
EUA,6.2.3,Paramedical Services,2020-04-01,106.908
EUA,6.2.3,Paramedical Services,2020-05-01,107.204
EUA,6.2.3,Paramedical Services,2020-06-01,107.536
EUA,6.2.3,Paramedical Services,2020-07-01,107.585
EUA,6.2.3,Paramedical Services,2020-08-01,107.517
EUA,6.2.3,Paramedical Services,2020-09-01,108.119
EUA,6.2.3,Paramedical Services,2020-10-01,108.07
EUA,6.2.3,Paramedical Services,2020-11-01,107.797
EUA,6.2.3,Paramedical Services,2020-12-01,107.761
EUA,6.2.3,Paramedical Services,2021-01-01,108.807
EUA,6.2.3,Paramedical Services,2021-02-01,108.865
EUA,6.2.3,Paramedical Services,2021-03-01,108.947
EUA,6.2.3,Paramedical Services,2021-04-01,108.985
EUA,6.2.3,Paramedical Services,2021-05-01,109.391
EUA,6.2.3,Paramedical Services,2021-06-01,108.991
EUA,6.2.3,Paramedical Services,2021-07-01,109.173
EUA,6.2.3,Paramedical Services,2021-08-01,109.512
EUA,6.2.3,Paramedical Services,2021-09-01,109.73
EUA,6.2.3,Paramedical Services,2021-10-01,109.777
EUA,6.2.3,Paramedical Services,2021-11-01,109.849
EUA,6.2.3,Paramedical Services,2021-12-01,110.54
EUA,6.2.3,Paramedical Services,2022-01-01,111.935
EUA,6.2.3,Paramedical Services,2022-02-01,112.468
EUA,6.2.3,Paramedical Services,2022-03-01,112.286
EUA,6.2.3,Paramedical Services,2022-04-01,112.299
EUA,6.2.3,Paramedical Services,2022-05-01,112.762
EUA,6.2.3,Paramedical Services,2022-06-01,113.244
EUA,6.2.3,Paramedical Services,2022-07-01,112.726
EUA,6.2.3,Paramedical Services,2022-08-01,112.806
EUA,6.2.3,Paramedical Services,2022-09-01,114.554
EUA,6.2.3,Paramedical Services,2022-10-01,114.596
EUA,6.2.3,Paramedical Services,2022-11-01,113.125
EUA,6.2.3,Paramedical Services,2022-12-01,112.967
EUA,6.2.3,Paramedical Services,2023-01-01,112.777
EUA,6.2.3,Paramedical Services,2023-02-01,113.124
EUA,6.2.3,Paramedical Services,2023-03-01,113.462
EUA,6.2.3,Paramedical Services,2023-04-01,113.584
EUA,6.2.3,Paramedical Services,2023-05-01,114.522
EUA,6.2.3,Paramedical Services,2023-06-01,114.577
EUA,6.2.3,Paramedical Services,2023-07-01,114.936
EUA,6.2.3,Paramedical Services,2023-08-01,115.021
EUA,6.2.3,Paramedical Services,2023-09-01,115.296
EUA,6.2.3,Paramedical Services,2023-10-01,115.327
EUA,6.2.3,Paramedical Services,2023-11-01,115.237
EUA,6.2.3,Paramedical Services,2023-12-01,115.137
EUA,6.2.3,Paramedical Services,2024-01-01,115.457
EUA,6.2.3,Paramedical Services,2024-02-01,115.747
EUA,6.2.3,Paramedical Services,2024-03-01,116.066
EUA,6.2.3,Paramedical Services,2024-04-01,116.309
EUA,6.2.3,Paramedical Services,2024-05-01,116.257
EUA,6.2.3,Paramedical Services,2024-06-01,116.95
EUA,6.2.3,Paramedical Services,2024-07-01,117.485
EUA,6.2.3,Paramedical Services,2024-08-01,117.141
EUA,6.2.3,Paramedical Services,2024-09-01,117.833
EUA,6.2.3,Paramedical Services,2024-10-01,118.328
EUA,6.2.3,Paramedical Services,2024-11-01,118.537
EUA,6.2.3,Paramedical Services,2024-12-01,118.722
EUA,6.3.0,Hospital Services,2013-12-01,100.0
EUA,6.3.0,Hospital Services,2014-01-01,101.107
EUA,6.3.0,Hospital Services,2014-02-01,102.564
EUA,6.3.0,Hospital Services,2014-03-01,103.072
EUA,6.3.0,Hospital Services,2014-04-01,103.256
EUA,6.3.0,Hospital Services,2014-05-01,103.29
EUA,6.3.0,Hospital Services,2014-06-01,103.332
EUA,6.3.0,Hospital Services,2014-07-01,103.648
EUA,6.3.0,Hospital Services,2014-08-01,103.349
EUA,6.3.0,Hospital Services,2014-09-01,103.684
EUA,6.3.0,Hospital Services,2014-10-01,104.013
EUA,6.3.0,Hospital Services,2014-11-01,104.374
EUA,6.3.0,Hospital Services,2014-12-01,104.738
EUA,6.3.0,Hospital Services,2015-01-01,105.392
EUA,6.3.0,Hospital Services,2015-02-01,106.141
EUA,6.3.0,Hospital Services,2015-03-01,106.532
EUA,6.3.0,Hospital Services,2015-04-01,108.031
EUA,6.3.0,Hospital Services,2015-05-01,108.227
EUA,6.3.0,Hospital Services,2015-06-01,107.112
EUA,6.3.0,Hospital Services,2015-07-01,107.098
EUA,6.3.0,Hospital Services,2015-08-01,106.884
EUA,6.3.0,Hospital Services,2015-09-01,107.219
EUA,6.3.0,Hospital Services,2015-10-01,109.322
EUA,6.3.0,Hospital Services,2015-11-01,109.167
EUA,6.3.0,Hospital Services,2015-12-01,109.047
EUA,6.3.0,Hospital Services,2016-01-01,110.096
EUA,6.3.0,Hospital Services,2016-02-01,111.432
EUA,6.3.0,Hospital Services,2016-03-01,111.224
EUA,6.3.0,Hospital Services,2016-04-01,111.402
EUA,6.3.0,Hospital Services,2016-05-01,111.764
EUA,6.3.0,Hospital Services,2016-06-01,111.618
EUA,6.3.0,Hospital Services,2016-07-01,111.93
EUA,6.3.0,Hospital Services,2016-08-01,113.277
EUA,6.3.0,Hospital Services,2016-09-01,113.431
EUA,6.3.0,Hospital Services,2016-10-01,113.783
EUA,6.3.0,Hospital Services,2016-11-01,113.787
EUA,6.3.0,Hospital Services,2016-12-01,113.811
EUA,6.3.0,Hospital Services,2017-01-01,114.719
EUA,6.3.0,Hospital Services,2017-02-01,116.146
EUA,6.3.0,Hospital Services,2017-03-01,116.363
EUA,6.3.0,Hospital Services,2017-04-01,117.233
EUA,6.3.0,Hospital Services,2017-05-01,117.099
EUA,6.3.0,Hospital Services,2017-06-01,117.741
EUA,6.3.0,Hospital Services,2017-07-01,118.115
EUA,6.3.0,Hospital Services,2017-08-01,118.102
EUA,6.3.0,Hospital Services,2017-09-01,118.472
EUA,6.3.0,Hospital Services,2017-10-01,119.167
EUA,6.3.0,Hospital Services,2017-11-01,119.341
EUA,6.3.0,Hospital Services,2017-12-01,119.426
EUA,6.3.0,Hospital Services,2018-01-01,121.409
EUA,6.3.0,Hospital Services,2018-02-01,121.831
EUA,6.3.0,Hospital Services,2018-03-01,122.209
EUA,6.3.0,Hospital Services,2018-04-01,122.398
EUA,6.3.0,Hospital Services,2018-05-01,122.56
EUA,6.3.0,Hospital Services,2018-06-01,123.173
EUA,6.3.0,Hospital Services,2018-07-01,123.394
EUA,6.3.0,Hospital Services,2018-08-01,122.987
EUA,6.3.0,Hospital Services,2018-09-01,122.959
EUA,6.3.0,Hospital Services,2018-10-01,123.069
EUA,6.3.0,Hospital Services,2018-11-01,123.56
EUA,6.3.0,Hospital Services,2018-12-01,123.814
EUA,6.3.0,Hospital Services,2019-01-01,124.326
EUA,6.3.0,Hospital Services,2019-02-01,124.36
EUA,6.3.0,Hospital Services,2019-03-01,124.52
EUA,6.3.0,Hospital Services,2019-04-01,124.023
EUA,6.3.0,Hospital Services,2019-05-01,124.305
EUA,6.3.0,Hospital Services,2019-06-01,124.009
EUA,6.3.0,Hospital Services,2019-07-01,124.533
EUA,6.3.0,Hospital Services,2019-08-01,125.651
EUA,6.3.0,Hospital Services,2019-09-01,125.587
EUA,6.3.0,Hospital Services,2019-10-01,127.28
EUA,6.3.0,Hospital Services,2019-11-01,127.585
EUA,6.3.0,Hospital Services,2019-12-01,127.488
EUA,6.3.0,Hospital Services,2020-01-01,129.04
EUA,6.3.0,Hospital Services,2020-02-01,129.589
EUA,6.3.0,Hospital Services,2020-03-01,129.853
EUA,6.3.0,Hospital Services,2020-04-01,130.342
EUA,6.3.0,Hospital Services,2020-05-01,130.201
EUA,6.3.0,Hospital Services,2020-06-01,130.387
EUA,6.3.0,Hospital Services,2020-07-01,130.605
EUA,6.3.0,Hospital Services,2020-08-01,130.591
EUA,6.3.0,Hospital Services,2020-09-01,131.251
EUA,6.3.0,Hospital Services,2020-10-01,130.946
EUA,6.3.0,Hospital Services,2020-11-01,131.27
EUA,6.3.0,Hospital Services,2020-12-01,131.293
EUA,6.3.0,Hospital Services,2021-01-01,132.582
EUA,6.3.0,Hospital Services,2021-02-01,132.88
EUA,6.3.0,Hospital Services,2021-03-01,133.598
EUA,6.3.0,Hospital Services,2021-04-01,133.645
EUA,6.3.0,Hospital Services,2021-05-01,133.536
EUA,6.3.0,Hospital Services,2021-06-01,133.574
EUA,6.3.0,Hospital Services,2021-07-01,134.26
EUA,6.3.0,Hospital Services,2021-08-01,135.21
EUA,6.3.0,Hospital Services,2021-09-01,135.417
EUA,6.3.0,Hospital Services,2021-10-01,136.227
EUA,6.3.0,Hospital Services,2021-11-01,135.818
EUA,6.3.0,Hospital Services,2021-12-01,135.59
EUA,6.3.0,Hospital Services,2022-01-01,137.361
EUA,6.3.0,Hospital Services,2022-02-01,137.398
EUA,6.3.0,Hospital Services,2022-03-01,137.975
EUA,6.3.0,Hospital Services,2022-04-01,138.417
EUA,6.3.0,Hospital Services,2022-05-01,138.702
EUA,6.3.0,Hospital Services,2022-06-01,138.719
EUA,6.3.0,Hospital Services,2022-07-01,139.494
EUA,6.3.0,Hospital Services,2022-08-01,140.574
EUA,6.3.0,Hospital Services,2022-09-01,140.621
EUA,6.3.0,Hospital Services,2022-10-01,140.649
EUA,6.3.0,Hospital Services,2022-11-01,139.787
EUA,6.3.0,Hospital Services,2022-12-01,141.614
EUA,6.3.0,Hospital Services,2023-01-01,142.321
EUA,6.3.0,Hospital Services,2023-02-01,142.296
EUA,6.3.0,Hospital Services,2023-03-01,141.713
EUA,6.3.0,Hospital Services,2023-04-01,142.429
EUA,6.3.0,Hospital Services,2023-05-01,143.837
EUA,6.3.0,Hospital Services,2023-06-01,144.438
EUA,6.3.0,Hospital Services,2023-07-01,143.798
EUA,6.3.0,Hospital Services,2023-08-01,144.765
EUA,6.3.0,Hospital Services,2023-09-01,146.929
EUA,6.3.0,Hospital Services,2023-10-01,148.489
EUA,6.3.0,Hospital Services,2023-11-01,148.662
EUA,6.3.0,Hospital Services,2023-12-01,149.47
EUA,6.3.0,Hospital Services,2024-01-01,151.794
EUA,6.3.0,Hospital Services,2024-02-01,150.925
EUA,6.3.0,Hospital Services,2024-03-01,152.411
EUA,6.3.0,Hospital Services,2024-04-01,153.394
EUA,6.3.0,Hospital Services,2024-05-01,154.185
EUA,6.3.0,Hospital Services,2024-06-01,154.364
EUA,6.3.0,Hospital Services,2024-07-01,152.619
EUA,6.3.0,Hospital Services,2024-08-01,153.261
EUA,6.3.0,Hospital Services,2024-09-01,153.493
EUA,6.3.0,Hospital Services,2024-10-01,154.309
EUA,6.3.0,Hospital Services,2024-11-01,154.31
EUA,6.3.0,Hospital Services,2024-12-01,154.667
EUA,7,Transport,2013-12-01,100.0
EUA,7,Transport,2014-01-01,100.26
EUA,7,Transport,2014-02-01,100.905
EUA,7,Transport,2014-03-01,102.994
EUA,7,Transport,2014-04-01,104.847
EUA,7,Transport,2014-05-01,105.566
EUA,7,Transport,2014-06-01,105.635
EUA,7,Transport,2014-07-01,104.68
EUA,7,Transport,2014-08-01,102.672
EUA,7,Transport,2014-09-01,101.622
EUA,7,Transport,2014-10-01,99.32
EUA,7,Transport,2014-11-01,96.03
EUA,7,Transport,2014-12-01,92.026
EUA,7,Transport,2015-01-01,87.037
EUA,7,Transport,2015-02-01,88.619
EUA,7,Transport,2015-03-01,91.566
EUA,7,Transport,2015-04-01,92.019
EUA,7,Transport,2015-05-01,95.407
EUA,7,Transport,2015-06-01,96.297
EUA,7,Transport,2015-07-01,95.732
EUA,7,Transport,2015-08-01,93.585
EUA,7,Transport,2015-09-01,90.333
EUA,7,Transport,2015-10-01,89.266
EUA,7,Transport,2015-11-01,88.219
EUA,7,Transport,2015-12-01,86.562
EUA,7,Transport,2016-01-01,85.771
EUA,7,Transport,2016-02-01,84.197
EUA,7,Transport,2016-03-01,86.272
EUA,7,Transport,2016-04-01,88.398
EUA,7,Transport,2016-05-01,89.995
EUA,7,Transport,2016-06-01,90.899
EUA,7,Transport,2016-07-01,89.153
EUA,7,Transport,2016-08-01,88.015
EUA,7,Transport,2016-09-01,88.085
EUA,7,Transport,2016-10-01,88.35
EUA,7,Transport,2016-11-01,87.699
EUA,7,Transport,2016-12-01,88.028
EUA,7,Transport,2017-01-01,89.533
EUA,7,Transport,2017-02-01,89.341
EUA,7,Transport,2017-03-01,89.705
EUA,7,Transport,2017-04-01,91.002
EUA,7,Transport,2017-05-01,90.754
EUA,7,Transport,2017-06-01,90.071
EUA,7,Transport,2017-07-01,89.073
EUA,7,Transport,2017-08-01,89.571
EUA,7,Transport,2017-09-01,91.763
EUA,7,Transport,2017-10-01,90.386
EUA,7,Transport,2017-11-01,91.02
EUA,7,Transport,2017-12-01,90.332
EUA,7,Transport,2018-01-01,91.345
EUA,7,Transport,2018-02-01,92.166
EUA,7,Transport,2018-03-01,92.41
EUA,7,Transport,2018-04-01,93.956
EUA,7,Transport,2018-05-01,95.686
EUA,7,Transport,2018-06-01,95.962
EUA,7,Transport,2018-07-01,95.635
EUA,7,Transport,2018-08-01,95.334
EUA,7,Transport,2018-09-01,94.701
EUA,7,Transport,2018-10-01,95.107
EUA,7,Transport,2018-11-01,93.222
EUA,7,Transport,2018-12-01,90.456
EUA,7,Transport,2019-01-01,89.413
EUA,7,Transport,2019-02-01,90.225
EUA,7,Transport,2019-03-01,92.694
EUA,7,Transport,2019-04-01,95.552
EUA,7,Transport,2019-05-01,96.266
EUA,7,Transport,2019-06-01,95.042
EUA,7,Transport,2019-07-01,95.222
EUA,7,Transport,2019-08-01,94.004
EUA,7,Transport,2019-09-01,93.093
EUA,7,Transport,2019-10-01,93.585
EUA,7,Transport,2019-11-01,93.196
EUA,7,Transport,2019-12-01,92.495
EUA,7,Transport,2020-01-01,92.444
EUA,7,Transport,2020-02-01,92.113
EUA,7,Transport,2020-03-01,90.039
EUA,7,Transport,2020-04-01,85.9
EUA,7,Transport,2020-05-01,85.702
EUA,7,Transport,2020-06-01,87.216
EUA,7,Transport,2020-07-01,88.823
EUA,7,Transport,2020-08-01,89.582
EUA,7,Transport,2020-09-01,90.173
EUA,7,Transport,2020-10-01,90.497
EUA,7,Transport,2020-11-01,90.205
EUA,7,Transport,2020-12-01,90.45
EUA,7,Transport,2021-01-01,91.469
EUA,7,Transport,2021-02-01,93.015
EUA,7,Transport,2021-03-01,96.182
EUA,7,Transport,2021-04-01,99.426
EUA,7,Transport,2021-05-01,102.948
EUA,7,Transport,2021-06-01,106.816
EUA,7,Transport,2021-07-01,107.796
EUA,7,Transport,2021-08-01,107.317
EUA,7,Transport,2021-09-01,106.453
EUA,7,Transport,2021-10-01,108.819
EUA,7,Transport,2021-11-01,110.996
EUA,7,Transport,2021-12-01,111.511
EUA,7,Transport,2022-01-01,112.35
EUA,7,Transport,2022-02-01,114.518
EUA,7,Transport,2022-03-01,120.339
EUA,7,Transport,2022-04-01,121.507
EUA,7,Transport,2022-05-01,125.338
EUA,7,Transport,2022-06-01,130.491
EUA,7,Transport,2022-07-01,127.316
EUA,7,Transport,2022-08-01,122.598
EUA,7,Transport,2022-09-01,120.077
EUA,7,Transport,2022-10-01,120.712
EUA,7,Transport,2022-11-01,118.767
EUA,7,Transport,2022-12-01,114.061
EUA,7,Transport,2023-01-01,114.812
EUA,7,Transport,2023-02-01,115.478
EUA,7,Transport,2023-03-01,116.443
EUA,7,Transport,2023-04-01,119.152
EUA,7,Transport,2023-05-01,119.579
EUA,7,Transport,2023-06-01,119.984
EUA,7,Transport,2023-07-01,119.828
EUA,7,Transport,2023-08-01,121.222
EUA,7,Transport,2023-09-01,119.965
EUA,7,Transport,2023-10-01,118.058
EUA,7,Transport,2023-11-01,116.191
EUA,7,Transport,2023-12-01,113.831
EUA,7,Transport,2024-01-01,112.87
EUA,7,Transport,2024-02-01,114.029
EUA,7,Transport,2024-03-01,114.691
EUA,7,Transport,2024-04-01,115.107
EUA,7,Transport,2024-05-01,115.344
EUA,7,Transport,2024-06-01,114.549
EUA,7,Transport,2024-07-01,113.523
EUA,7,Transport,2024-08-01,113.165
EUA,7,Transport,2024-09-01,113.709
EUA,7,Transport,2024-10-01,114.402
EUA,7,Transport,2024-11-01,114.693
EUA,7,Transport,2024-12-01,114.276
EUA,7.1.1,Motor Cars,2013-12-01,100.0
EUA,7.1.1,Motor Cars,2014-01-01,99.879
EUA,7.1.1,Motor Cars,2014-02-01,100.18
EUA,7.1.1,Motor Cars,2014-03-01,100.43
EUA,7.1.1,Motor Cars,2014-04-01,100.948
EUA,7.1.1,Motor Cars,2014-05-01,101.147
EUA,7.1.1,Motor Cars,2014-06-01,100.967
EUA,7.1.1,Motor Cars,2014-07-01,101.167
EUA,7.1.1,Motor Cars,2014-08-01,101.16
EUA,7.1.1,Motor Cars,2014-09-01,100.7
EUA,7.1.1,Motor Cars,2014-10-01,100.187
EUA,7.1.1,Motor Cars,2014-11-01,99.452
EUA,7.1.1,Motor Cars,2014-12-01,98.993
EUA,7.1.1,Motor Cars,2015-01-01,98.901
EUA,7.1.1,Motor Cars,2015-02-01,99.687
EUA,7.1.1,Motor Cars,2015-03-01,100.585
EUA,7.1.1,Motor Cars,2015-04-01,101.313
EUA,7.1.1,Motor Cars,2015-05-01,101.536
EUA,7.1.1,Motor Cars,2015-06-01,101.572
EUA,7.1.1,Motor Cars,2015-07-01,101.284
EUA,7.1.1,Motor Cars,2015-08-01,101.029
EUA,7.1.1,Motor Cars,2015-09-01,100.446
EUA,7.1.1,Motor Cars,2015-10-01,99.832
EUA,7.1.1,Motor Cars,2015-11-01,99.405
EUA,7.1.1,Motor Cars,2015-12-01,99.243
EUA,7.1.1,Motor Cars,2016-01-01,99.568
EUA,7.1.1,Motor Cars,2016-02-01,100.259
EUA,7.1.1,Motor Cars,2016-03-01,100.785
EUA,7.1.1,Motor Cars,2016-04-01,100.973
EUA,7.1.1,Motor Cars,2016-05-01,100.799
EUA,7.1.1,Motor Cars,2016-06-01,100.394
EUA,7.1.1,Motor Cars,2016-07-01,100.126
EUA,7.1.1,Motor Cars,2016-08-01,99.8
EUA,7.1.1,Motor Cars,2016-09-01,99.108
EUA,7.1.1,Motor Cars,2016-10-01,98.631
EUA,7.1.1,Motor Cars,2016-11-01,98.15
EUA,7.1.1,Motor Cars,2016-12-01,98.188
EUA,7.1.1,Motor Cars,2017-01-01,98.836
EUA,7.1.1,Motor Cars,2017-02-01,99.026
EUA,7.1.1,Motor Cars,2017-03-01,99.203
EUA,7.1.1,Motor Cars,2017-04-01,99.49
EUA,7.1.1,Motor Cars,2017-05-01,99.363
EUA,7.1.1,Motor Cars,2017-06-01,98.813
EUA,7.1.1,Motor Cars,2017-07-01,98.226
EUA,7.1.1,Motor Cars,2017-08-01,97.977
EUA,7.1.1,Motor Cars,2017-09-01,97.128
EUA,7.1.1,Motor Cars,2017-10-01,96.733
EUA,7.1.1,Motor Cars,2017-11-01,96.737
EUA,7.1.1,Motor Cars,2017-12-01,97.511
EUA,7.1.1,Motor Cars,2018-01-01,97.825
EUA,7.1.1,Motor Cars,2018-02-01,98.086
EUA,7.1.1,Motor Cars,2018-03-01,98.643
EUA,7.1.1,Motor Cars,2018-04-01,98.23
EUA,7.1.1,Motor Cars,2018-05-01,98.104
EUA,7.1.1,Motor Cars,2018-06-01,98.353
EUA,7.1.1,Motor Cars,2018-07-01,98.783
EUA,7.1.1,Motor Cars,2018-08-01,98.742
EUA,7.1.1,Motor Cars,2018-09-01,96.908
EUA,7.1.1,Motor Cars,2018-10-01,97.223
EUA,7.1.1,Motor Cars,2018-11-01,97.753
EUA,7.1.1,Motor Cars,2018-12-01,97.892
EUA,7.1.1,Motor Cars,2019-01-01,98.475
EUA,7.1.1,Motor Cars,2019-02-01,98.682
EUA,7.1.1,Motor Cars,2019-03-01,99.248
EUA,7.1.1,Motor Cars,2019-04-01,99.254
EUA,7.1.1,Motor Cars,2019-05-01,98.744
EUA,7.1.1,Motor Cars,2019-06-01,99.183
EUA,7.1.1,Motor Cars,2019-07-01,99.565
EUA,7.1.1,Motor Cars,2019-08-01,99.682
EUA,7.1.1,Motor Cars,2019-09-01,97.943
EUA,7.1.1,Motor Cars,2019-10-01,97.823
EUA,7.1.1,Motor Cars,2019-11-01,97.546
EUA,7.1.1,Motor Cars,2019-12-01,97.668
EUA,7.1.1,Motor Cars,2020-01-01,97.774
EUA,7.1.1,Motor Cars,2020-02-01,98.392
EUA,7.1.1,Motor Cars,2020-03-01,99.053
EUA,7.1.1,Motor Cars,2020-04-01,98.639
EUA,7.1.1,Motor Cars,2020-05-01,98.429
EUA,7.1.1,Motor Cars,2020-06-01,97.961
EUA,7.1.1,Motor Cars,2020-07-01,99.555
EUA,7.1.1,Motor Cars,2020-08-01,101.781
EUA,7.1.1,Motor Cars,2020-09-01,102.659
EUA,7.1.1,Motor Cars,2020-10-01,103.326
EUA,7.1.1,Motor Cars,2020-11-01,102.776
EUA,7.1.1,Motor Cars,2020-12-01,102.773
EUA,7.1.1,Motor Cars,2021-01-01,102.532
EUA,7.1.1,Motor Cars,2021-02-01,102.749
EUA,7.1.1,Motor Cars,2021-03-01,103.723
EUA,7.1.1,Motor Cars,2021-04-01,108.203
EUA,7.1.1,Motor Cars,2021-05-01,112.232
EUA,7.1.1,Motor Cars,2021-06-01,118.871
EUA,7.1.1,Motor Cars,2021-07-01,120.26
EUA,7.1.1,Motor Cars,2021-08-01,120.005
EUA,7.1.1,Motor Cars,2021-09-01,118.529
EUA,7.1.1,Motor Cars,2021-10-01,120.879
EUA,7.1.1,Motor Cars,2021-11-01,123.107
EUA,7.1.1,Motor Cars,2021-12-01,125.961
EUA,7.1.1,Motor Cars,2022-01-01,127.296
EUA,7.1.1,Motor Cars,2022-02-01,128.015
EUA,7.1.1,Motor Cars,2022-03-01,126.8
EUA,7.1.1,Motor Cars,2022-04-01,126.992
EUA,7.1.1,Motor Cars,2022-05-01,128.028
EUA,7.1.1,Motor Cars,2022-06-01,129.932
EUA,7.1.1,Motor Cars,2022-07-01,130.54
EUA,7.1.1,Motor Cars,2022-08-01,130.638
EUA,7.1.1,Motor Cars,2022-09-01,128.001
EUA,7.1.1,Motor Cars,2022-10-01,126.801
EUA,7.1.1,Motor Cars,2022-11-01,125.063
EUA,7.1.1,Motor Cars,2022-12-01,123.607
EUA,7.1.1,Motor Cars,2023-01-01,123.062
EUA,7.1.1,Motor Cars,2023-02-01,122.522
EUA,7.1.1,Motor Cars,2023-03-01,123.233
EUA,7.1.1,Motor Cars,2023-04-01,125.863
EUA,7.1.1,Motor Cars,2023-05-01,127.813
EUA,7.1.1,Motor Cars,2023-06-01,128.609
EUA,7.1.1,Motor Cars,2023-07-01,128.545
EUA,7.1.1,Motor Cars,2023-08-01,127.722
EUA,7.1.1,Motor Cars,2023-09-01,124.531
EUA,7.1.1,Motor Cars,2023-10-01,123.656
EUA,7.1.1,Motor Cars,2023-11-01,123.74
EUA,7.1.1,Motor Cars,2023-12-01,123.603
EUA,7.1.1,Motor Cars,2024-01-01,122.116
EUA,7.1.1,Motor Cars,2024-02-01,122.254
EUA,7.1.1,Motor Cars,2024-03-01,122.306
EUA,7.1.1,Motor Cars,2024-04-01,122.13
EUA,7.1.1,Motor Cars,2024-05-01,122.196
EUA,7.1.1,Motor Cars,2024-06-01,122.363
EUA,7.1.1,Motor Cars,2024-07-01,121.817
EUA,7.1.1,Motor Cars,2024-08-01,121.355
EUA,7.1.1,Motor Cars,2024-09-01,121.282
EUA,7.1.1,Motor Cars,2024-10-01,121.317
EUA,7.1.1,Motor Cars,2024-11-01,121.74
EUA,7.1.1,Motor Cars,2024-12-01,121.86
EUA,7.1.2,Motor Cycles,2013-12-01,100.0
EUA,7.1.2,Motor Cycles,2014-01-01,100.094
EUA,7.1.2,Motor Cycles,2014-02-01,100.46
EUA,7.1.2,Motor Cycles,2014-03-01,100.556
EUA,7.1.2,Motor Cycles,2014-04-01,100.842
EUA,7.1.2,Motor Cycles,2014-05-01,100.509
EUA,7.1.2,Motor Cycles,2014-06-01,100.183
EUA,7.1.2,Motor Cycles,2014-07-01,100.245
EUA,7.1.2,Motor Cycles,2014-08-01,100.08
EUA,7.1.2,Motor Cycles,2014-09-01,100.028
EUA,7.1.2,Motor Cycles,2014-10-01,100.291
EUA,7.1.2,Motor Cycles,2014-11-01,100.39
EUA,7.1.2,Motor Cycles,2014-12-01,100.325
EUA,7.1.2,Motor Cycles,2015-01-01,100.408
EUA,7.1.2,Motor Cycles,2015-02-01,101.003
EUA,7.1.2,Motor Cycles,2015-03-01,101.304
EUA,7.1.2,Motor Cycles,2015-04-01,101.779
EUA,7.1.2,Motor Cycles,2015-05-01,101.712
EUA,7.1.2,Motor Cycles,2015-06-01,101.692
EUA,7.1.2,Motor Cycles,2015-07-01,101.505
EUA,7.1.2,Motor Cycles,2015-08-01,101.239
EUA,7.1.2,Motor Cycles,2015-09-01,100.912
EUA,7.1.2,Motor Cycles,2015-10-01,100.53
EUA,7.1.2,Motor Cycles,2015-11-01,100.522
EUA,7.1.2,Motor Cycles,2015-12-01,100.394
EUA,7.1.2,Motor Cycles,2016-01-01,100.698
EUA,7.1.2,Motor Cycles,2016-02-01,101.036
EUA,7.1.2,Motor Cycles,2016-03-01,101.114
EUA,7.1.2,Motor Cycles,2016-04-01,101.56
EUA,7.1.2,Motor Cycles,2016-05-01,101.432
EUA,7.1.2,Motor Cycles,2016-06-01,100.952
EUA,7.1.2,Motor Cycles,2016-07-01,100.991
EUA,7.1.2,Motor Cycles,2016-08-01,100.688
EUA,7.1.2,Motor Cycles,2016-09-01,100.387
EUA,7.1.2,Motor Cycles,2016-10-01,100.563
EUA,7.1.2,Motor Cycles,2016-11-01,100.315
EUA,7.1.2,Motor Cycles,2016-12-01,100.515
EUA,7.1.2,Motor Cycles,2017-01-01,101.136
EUA,7.1.2,Motor Cycles,2017-02-01,101.18
EUA,7.1.2,Motor Cycles,2017-03-01,100.906
EUA,7.1.2,Motor Cycles,2017-04-01,100.987
EUA,7.1.2,Motor Cycles,2017-05-01,100.838
EUA,7.1.2,Motor Cycles,2017-06-01,100.512
EUA,7.1.2,Motor Cycles,2017-07-01,99.983
EUA,7.1.2,Motor Cycles,2017-08-01,99.309
EUA,7.1.2,Motor Cycles,2017-09-01,98.976
EUA,7.1.2,Motor Cycles,2017-10-01,98.832
EUA,7.1.2,Motor Cycles,2017-11-01,99.031
EUA,7.1.2,Motor Cycles,2017-12-01,99.834
EUA,7.1.2,Motor Cycles,2018-01-01,100.166
EUA,7.1.2,Motor Cycles,2018-02-01,100.692
EUA,7.1.2,Motor Cycles,2018-03-01,101.509
EUA,7.1.2,Motor Cycles,2018-04-01,101.255
EUA,7.1.2,Motor Cycles,2018-05-01,100.65
EUA,7.1.2,Motor Cycles,2018-06-01,101.115
EUA,7.1.2,Motor Cycles,2018-07-01,102.164
EUA,7.1.2,Motor Cycles,2018-08-01,101.472
EUA,7.1.2,Motor Cycles,2018-09-01,100.252
EUA,7.1.2,Motor Cycles,2018-10-01,99.721
EUA,7.1.2,Motor Cycles,2018-11-01,100.156
EUA,7.1.2,Motor Cycles,2018-12-01,102.553
EUA,7.1.2,Motor Cycles,2019-01-01,102.764
EUA,7.1.2,Motor Cycles,2019-02-01,102.118
EUA,7.1.2,Motor Cycles,2019-03-01,103.013
EUA,7.1.2,Motor Cycles,2019-04-01,102.748
EUA,7.1.2,Motor Cycles,2019-05-01,101.62
EUA,7.1.2,Motor Cycles,2019-06-01,102.206
EUA,7.1.2,Motor Cycles,2019-07-01,102.244
EUA,7.1.2,Motor Cycles,2019-08-01,102.323
EUA,7.1.2,Motor Cycles,2019-09-01,102.55
EUA,7.1.2,Motor Cycles,2019-10-01,102.68
EUA,7.1.2,Motor Cycles,2019-11-01,102.989
EUA,7.1.2,Motor Cycles,2019-12-01,102.894
EUA,7.1.2,Motor Cycles,2020-01-01,102.959
EUA,7.1.2,Motor Cycles,2020-02-01,102.969
EUA,7.1.2,Motor Cycles,2020-03-01,102.646
EUA,7.1.2,Motor Cycles,2020-04-01,102.056
EUA,7.1.2,Motor Cycles,2020-05-01,101.807
EUA,7.1.2,Motor Cycles,2020-06-01,102.586
EUA,7.1.2,Motor Cycles,2020-07-01,104.598
EUA,7.1.2,Motor Cycles,2020-08-01,105.781
EUA,7.1.2,Motor Cycles,2020-09-01,105.817
EUA,7.1.2,Motor Cycles,2020-10-01,107.175
EUA,7.1.2,Motor Cycles,2020-11-01,107.275
EUA,7.1.2,Motor Cycles,2020-12-01,106.896
EUA,7.1.2,Motor Cycles,2021-01-01,106.124
EUA,7.1.2,Motor Cycles,2021-02-01,106.861
EUA,7.1.2,Motor Cycles,2021-03-01,107.036
EUA,7.1.2,Motor Cycles,2021-04-01,110.616
EUA,7.1.2,Motor Cycles,2021-05-01,114.314
EUA,7.1.2,Motor Cycles,2021-06-01,118.976
EUA,7.1.2,Motor Cycles,2021-07-01,119.626
EUA,7.1.2,Motor Cycles,2021-08-01,120.248
EUA,7.1.2,Motor Cycles,2021-09-01,118.951
EUA,7.1.2,Motor Cycles,2021-10-01,121.012
EUA,7.1.2,Motor Cycles,2021-11-01,122.719
EUA,7.1.2,Motor Cycles,2021-12-01,123.328
EUA,7.1.2,Motor Cycles,2022-01-01,124.252
EUA,7.1.2,Motor Cycles,2022-02-01,124.56
EUA,7.1.2,Motor Cycles,2022-03-01,124.465
EUA,7.1.2,Motor Cycles,2022-04-01,125.618
EUA,7.1.2,Motor Cycles,2022-05-01,126.72
EUA,7.1.2,Motor Cycles,2022-06-01,127.551
EUA,7.1.2,Motor Cycles,2022-07-01,128.334
EUA,7.1.2,Motor Cycles,2022-08-01,129.051
EUA,7.1.2,Motor Cycles,2022-09-01,129.183
EUA,7.1.2,Motor Cycles,2022-10-01,129.891
EUA,7.1.2,Motor Cycles,2022-11-01,129.978
EUA,7.1.2,Motor Cycles,2022-12-01,129.912
EUA,7.1.2,Motor Cycles,2023-01-01,130.502
EUA,7.1.2,Motor Cycles,2023-02-01,130.859
EUA,7.1.2,Motor Cycles,2023-03-01,131.267
EUA,7.1.2,Motor Cycles,2023-04-01,131.745
EUA,7.1.2,Motor Cycles,2023-05-01,132.064
EUA,7.1.2,Motor Cycles,2023-06-01,132.278
EUA,7.1.2,Motor Cycles,2023-07-01,132.363
EUA,7.1.2,Motor Cycles,2023-08-01,132.322
EUA,7.1.2,Motor Cycles,2023-09-01,132.151
EUA,7.1.2,Motor Cycles,2023-10-01,131.906
EUA,7.1.2,Motor Cycles,2023-11-01,131.391
EUA,7.1.2,Motor Cycles,2023-12-01,131.015
EUA,7.1.2,Motor Cycles,2024-01-01,131.646
EUA,7.1.2,Motor Cycles,2024-02-01,131.35
EUA,7.1.2,Motor Cycles,2024-03-01,130.517
EUA,7.1.2,Motor Cycles,2024-04-01,131.332
EUA,7.1.2,Motor Cycles,2024-05-01,131.393
EUA,7.1.2,Motor Cycles,2024-06-01,130.636
EUA,7.1.2,Motor Cycles,2024-07-01,129.674
EUA,7.1.2,Motor Cycles,2024-08-01,129.667
EUA,7.1.2,Motor Cycles,2024-09-01,129.346
EUA,7.1.2,Motor Cycles,2024-10-01,128.925
EUA,7.1.2,Motor Cycles,2024-11-01,129.064
EUA,7.1.2,Motor Cycles,2024-12-01,128.706
EUA,7.1.3,Bicycles,2013-12-01,100.0
EUA,7.1.3,Bicycles,2014-01-01,100.311
EUA,7.1.3,Bicycles,2014-02-01,100.982
EUA,7.1.3,Bicycles,2014-03-01,101.141
EUA,7.1.3,Bicycles,2014-04-01,101.997
EUA,7.1.3,Bicycles,2014-05-01,99.758
EUA,7.1.3,Bicycles,2014-06-01,100.0
EUA,7.1.3,Bicycles,2014-07-01,99.977
EUA,7.1.3,Bicycles,2014-08-01,100.026
EUA,7.1.3,Bicycles,2014-09-01,100.153
EUA,7.1.3,Bicycles,2014-10-01,99.915
EUA,7.1.3,Bicycles,2014-11-01,99.356
EUA,7.1.3,Bicycles,2014-12-01,98.926
EUA,7.1.3,Bicycles,2015-01-01,99.478
EUA,7.1.3,Bicycles,2015-02-01,99.981
EUA,7.1.3,Bicycles,2015-03-01,99.522
EUA,7.1.3,Bicycles,2015-04-01,101.336
EUA,7.1.3,Bicycles,2015-05-01,101.065
EUA,7.1.3,Bicycles,2015-06-01,100.683
EUA,7.1.3,Bicycles,2015-07-01,101.531
EUA,7.1.3,Bicycles,2015-08-01,101.535
EUA,7.1.3,Bicycles,2015-09-01,100.843
EUA,7.1.3,Bicycles,2015-10-01,99.269
EUA,7.1.3,Bicycles,2015-11-01,98.891
EUA,7.1.3,Bicycles,2015-12-01,97.96
EUA,7.1.3,Bicycles,2016-01-01,98.129
EUA,7.1.3,Bicycles,2016-02-01,97.696
EUA,7.1.3,Bicycles,2016-03-01,97.408
EUA,7.1.3,Bicycles,2016-04-01,99.656
EUA,7.1.3,Bicycles,2016-05-01,99.631
EUA,7.1.3,Bicycles,2016-06-01,98.421
EUA,7.1.3,Bicycles,2016-07-01,98.612
EUA,7.1.3,Bicycles,2016-08-01,98.411
EUA,7.1.3,Bicycles,2016-09-01,98.515
EUA,7.1.3,Bicycles,2016-10-01,99.205
EUA,7.1.3,Bicycles,2016-11-01,98.546
EUA,7.1.3,Bicycles,2016-12-01,98.991
EUA,7.1.3,Bicycles,2017-01-01,98.777
EUA,7.1.3,Bicycles,2017-02-01,98.288
EUA,7.1.3,Bicycles,2017-03-01,97.497
EUA,7.1.3,Bicycles,2017-04-01,97.564
EUA,7.1.3,Bicycles,2017-05-01,97.545
EUA,7.1.3,Bicycles,2017-06-01,97.621
EUA,7.1.3,Bicycles,2017-07-01,97.602
EUA,7.1.3,Bicycles,2017-08-01,96.07
EUA,7.1.3,Bicycles,2017-09-01,96.585
EUA,7.1.3,Bicycles,2017-10-01,96.866
EUA,7.1.3,Bicycles,2017-11-01,96.685
EUA,7.1.3,Bicycles,2017-12-01,97.548
EUA,7.1.3,Bicycles,2018-01-01,97.8
EUA,7.1.3,Bicycles,2018-02-01,98.809
EUA,7.1.3,Bicycles,2018-03-01,100.347
EUA,7.1.3,Bicycles,2018-04-01,100.498
EUA,7.1.3,Bicycles,2018-05-01,98.702
EUA,7.1.3,Bicycles,2018-06-01,99.394
EUA,7.1.3,Bicycles,2018-07-01,101.561
EUA,7.1.3,Bicycles,2018-08-01,99.747
EUA,7.1.3,Bicycles,2018-09-01,98.579
EUA,7.1.3,Bicycles,2018-10-01,96.882
EUA,7.1.3,Bicycles,2018-11-01,97.365
EUA,7.1.3,Bicycles,2018-12-01,103.874
EUA,7.1.3,Bicycles,2019-01-01,103.504
EUA,7.1.3,Bicycles,2019-02-01,101.754
EUA,7.1.3,Bicycles,2019-03-01,103.373
EUA,7.1.3,Bicycles,2019-04-01,102.615
EUA,7.1.3,Bicycles,2019-05-01,100.266
EUA,7.1.3,Bicycles,2019-06-01,101.309
EUA,7.1.3,Bicycles,2019-07-01,100.878
EUA,7.1.3,Bicycles,2019-08-01,101.257
EUA,7.1.3,Bicycles,2019-09-01,104.263
EUA,7.1.3,Bicycles,2019-10-01,104.758
EUA,7.1.3,Bicycles,2019-11-01,106.045
EUA,7.1.3,Bicycles,2019-12-01,105.675
EUA,7.1.3,Bicycles,2020-01-01,106.308
EUA,7.1.3,Bicycles,2020-02-01,105.14
EUA,7.1.3,Bicycles,2020-03-01,102.901
EUA,7.1.3,Bicycles,2020-04-01,102.067
EUA,7.1.3,Bicycles,2020-05-01,102.192
EUA,7.1.3,Bicycles,2020-06-01,104.569
EUA,7.1.3,Bicycles,2020-07-01,107.117
EUA,7.1.3,Bicycles,2020-08-01,107.009
EUA,7.1.3,Bicycles,2020-09-01,105.623
EUA,7.1.3,Bicycles,2020-10-01,107.419
EUA,7.1.3,Bicycles,2020-11-01,107.925
EUA,7.1.3,Bicycles,2020-12-01,107.032
EUA,7.1.3,Bicycles,2021-01-01,107.371
EUA,7.1.3,Bicycles,2021-02-01,109.536
EUA,7.1.3,Bicycles,2021-03-01,107.976
EUA,7.1.3,Bicycles,2021-04-01,109.373
EUA,7.1.3,Bicycles,2021-05-01,112.5
EUA,7.1.3,Bicycles,2021-06-01,113.006
EUA,7.1.3,Bicycles,2021-07-01,112.257
EUA,7.1.3,Bicycles,2021-08-01,115.407
EUA,7.1.3,Bicycles,2021-09-01,115.026
EUA,7.1.3,Bicycles,2021-10-01,117.212
EUA,7.1.3,Bicycles,2021-11-01,118.102
EUA,7.1.3,Bicycles,2021-12-01,115.348
EUA,7.1.3,Bicycles,2022-01-01,118.668
EUA,7.1.3,Bicycles,2022-02-01,118.418
EUA,7.1.3,Bicycles,2022-03-01,117.314
EUA,7.1.3,Bicycles,2022-04-01,118.076
EUA,7.1.3,Bicycles,2022-05-01,117.799
EUA,7.1.3,Bicycles,2022-06-01,117.071
EUA,7.1.3,Bicycles,2022-07-01,117.591
EUA,7.1.3,Bicycles,2022-08-01,118.72
EUA,7.1.3,Bicycles,2022-09-01,115.683
EUA,7.1.3,Bicycles,2022-10-01,118.64
EUA,7.1.3,Bicycles,2022-11-01,119.426
EUA,7.1.3,Bicycles,2022-12-01,118.651
EUA,7.1.3,Bicycles,2023-01-01,119.981
EUA,7.1.3,Bicycles,2023-02-01,120.64
EUA,7.1.3,Bicycles,2023-03-01,119.731
EUA,7.1.3,Bicycles,2023-04-01,118.887
EUA,7.1.3,Bicycles,2023-05-01,117.289
EUA,7.1.3,Bicycles,2023-06-01,116.978
EUA,7.1.3,Bicycles,2023-07-01,117.404
EUA,7.1.3,Bicycles,2023-08-01,117.88
EUA,7.1.3,Bicycles,2023-09-01,117.615
EUA,7.1.3,Bicycles,2023-10-01,118.256
EUA,7.1.3,Bicycles,2023-11-01,117.151
EUA,7.1.3,Bicycles,2023-12-01,115.595
EUA,7.1.3,Bicycles,2024-01-01,118.805
EUA,7.1.3,Bicycles,2024-02-01,117.607
EUA,7.1.3,Bicycles,2024-03-01,115.687
EUA,7.1.3,Bicycles,2024-04-01,117.324
EUA,7.1.3,Bicycles,2024-05-01,117.287
EUA,7.1.3,Bicycles,2024-06-01,116.097
EUA,7.1.3,Bicycles,2024-07-01,114.698
EUA,7.1.3,Bicycles,2024-08-01,115.116
EUA,7.1.3,Bicycles,2024-09-01,114.65
EUA,7.1.3,Bicycles,2024-10-01,113.941
EUA,7.1.3,Bicycles,2024-11-01,113.87
EUA,7.1.3,Bicycles,2024-12-01,113.317
EUA,7.2.1,Spare Parts and Accessories for Personal Transport Equipment,2013-12-01,100.0
EUA,7.2.1,Spare Parts and Accessories for Personal Transport Equipment,2014-01-01,99.831
EUA,7.2.1,Spare Parts and Accessories for Personal Transport Equipment,2014-02-01,99.653
EUA,7.2.1,Spare Parts and Accessories for Personal Transport Equipment,2014-03-01,99.609
EUA,7.2.1,Spare Parts and Accessories for Personal Transport Equipment,2014-04-01,99.754
EUA,7.2.1,Spare Parts and Accessories for Personal Transport Equipment,2014-05-01,99.489
EUA,7.2.1,Spare Parts and Accessories for Personal Transport Equipment,2014-06-01,99.095
EUA,7.2.1,Spare Parts and Accessories for Personal Transport Equipment,2014-07-01,99.225
EUA,7.2.1,Spare Parts and Accessories for Personal Transport Equipment,2014-08-01,99.275
EUA,7.2.1,Spare Parts and Accessories for Personal Transport Equipment,2014-09-01,98.982
EUA,7.2.1,Spare Parts and Accessories for Personal Transport Equipment,2014-10-01,98.89
EUA,7.2.1,Spare Parts and Accessories for Personal Transport Equipment,2014-11-01,98.649
EUA,7.2.1,Spare Parts and Accessories for Personal Transport Equipment,2014-12-01,99.06
EUA,7.2.1,Spare Parts and Accessories for Personal Transport Equipment,2015-01-01,99.253
EUA,7.2.1,Spare Parts and Accessories for Personal Transport Equipment,2015-02-01,99.38
EUA,7.2.1,Spare Parts and Accessories for Personal Transport Equipment,2015-03-01,98.914
EUA,7.2.1,Spare Parts and Accessories for Personal Transport Equipment,2015-04-01,98.796
EUA,7.2.1,Spare Parts and Accessories for Personal Transport Equipment,2015-05-01,99.005
EUA,7.2.1,Spare Parts and Accessories for Personal Transport Equipment,2015-06-01,98.495
EUA,7.2.1,Spare Parts and Accessories for Personal Transport Equipment,2015-07-01,98.5
EUA,7.2.1,Spare Parts and Accessories for Personal Transport Equipment,2015-08-01,98.451
EUA,7.2.1,Spare Parts and Accessories for Personal Transport Equipment,2015-09-01,98.876
EUA,7.2.1,Spare Parts and Accessories for Personal Transport Equipment,2015-10-01,98.021
EUA,7.2.1,Spare Parts and Accessories for Personal Transport Equipment,2015-11-01,98.496
EUA,7.2.1,Spare Parts and Accessories for Personal Transport Equipment,2015-12-01,98.67
EUA,7.2.1,Spare Parts and Accessories for Personal Transport Equipment,2016-01-01,99.058
EUA,7.2.1,Spare Parts and Accessories for Personal Transport Equipment,2016-02-01,98.926
EUA,7.2.1,Spare Parts and Accessories for Personal Transport Equipment,2016-03-01,98.602
EUA,7.2.1,Spare Parts and Accessories for Personal Transport Equipment,2016-04-01,98.977
EUA,7.2.1,Spare Parts and Accessories for Personal Transport Equipment,2016-05-01,98.341
EUA,7.2.1,Spare Parts and Accessories for Personal Transport Equipment,2016-06-01,98.303
EUA,7.2.1,Spare Parts and Accessories for Personal Transport Equipment,2016-07-01,97.703
EUA,7.2.1,Spare Parts and Accessories for Personal Transport Equipment,2016-08-01,98.228
EUA,7.2.1,Spare Parts and Accessories for Personal Transport Equipment,2016-09-01,97.639
EUA,7.2.1,Spare Parts and Accessories for Personal Transport Equipment,2016-10-01,97.89
EUA,7.2.1,Spare Parts and Accessories for Personal Transport Equipment,2016-11-01,97.006
EUA,7.2.1,Spare Parts and Accessories for Personal Transport Equipment,2016-12-01,97.544
EUA,7.2.1,Spare Parts and Accessories for Personal Transport Equipment,2017-01-01,97.742
EUA,7.2.1,Spare Parts and Accessories for Personal Transport Equipment,2017-02-01,97.92
EUA,7.2.1,Spare Parts and Accessories for Personal Transport Equipment,2017-03-01,98.258
EUA,7.2.1,Spare Parts and Accessories for Personal Transport Equipment,2017-04-01,98.35
EUA,7.2.1,Spare Parts and Accessories for Personal Transport Equipment,2017-05-01,97.869
EUA,7.2.1,Spare Parts and Accessories for Personal Transport Equipment,2017-06-01,97.952
EUA,7.2.1,Spare Parts and Accessories for Personal Transport Equipment,2017-07-01,97.947
EUA,7.2.1,Spare Parts and Accessories for Personal Transport Equipment,2017-08-01,97.768
EUA,7.2.1,Spare Parts and Accessories for Personal Transport Equipment,2017-09-01,97.657
EUA,7.2.1,Spare Parts and Accessories for Personal Transport Equipment,2017-10-01,96.958
EUA,7.2.1,Spare Parts and Accessories for Personal Transport Equipment,2017-11-01,96.372
EUA,7.2.1,Spare Parts and Accessories for Personal Transport Equipment,2017-12-01,96.831
EUA,7.2.1,Spare Parts and Accessories for Personal Transport Equipment,2018-01-01,97.252
EUA,7.2.1,Spare Parts and Accessories for Personal Transport Equipment,2018-02-01,97.519
EUA,7.2.1,Spare Parts and Accessories for Personal Transport Equipment,2018-03-01,97.835
EUA,7.2.1,Spare Parts and Accessories for Personal Transport Equipment,2018-04-01,97.49
EUA,7.2.1,Spare Parts and Accessories for Personal Transport Equipment,2018-05-01,97.938
EUA,7.2.1,Spare Parts and Accessories for Personal Transport Equipment,2018-06-01,97.909
EUA,7.2.1,Spare Parts and Accessories for Personal Transport Equipment,2018-07-01,97.934
EUA,7.2.1,Spare Parts and Accessories for Personal Transport Equipment,2018-08-01,97.889
EUA,7.2.1,Spare Parts and Accessories for Personal Transport Equipment,2018-09-01,97.708
EUA,7.2.1,Spare Parts and Accessories for Personal Transport Equipment,2018-10-01,97.818
EUA,7.2.1,Spare Parts and Accessories for Personal Transport Equipment,2018-11-01,98.118
EUA,7.2.1,Spare Parts and Accessories for Personal Transport Equipment,2018-12-01,99.049
EUA,7.2.1,Spare Parts and Accessories for Personal Transport Equipment,2019-01-01,99.331
EUA,7.2.1,Spare Parts and Accessories for Personal Transport Equipment,2019-02-01,99.208
EUA,7.2.1,Spare Parts and Accessories for Personal Transport Equipment,2019-03-01,99.521
EUA,7.2.1,Spare Parts and Accessories for Personal Transport Equipment,2019-04-01,99.263
EUA,7.2.1,Spare Parts and Accessories for Personal Transport Equipment,2019-05-01,99.652
EUA,7.2.1,Spare Parts and Accessories for Personal Transport Equipment,2019-06-01,99.803
EUA,7.2.1,Spare Parts and Accessories for Personal Transport Equipment,2019-07-01,99.32
EUA,7.2.1,Spare Parts and Accessories for Personal Transport Equipment,2019-08-01,99.651
EUA,7.2.1,Spare Parts and Accessories for Personal Transport Equipment,2019-09-01,100.473
EUA,7.2.1,Spare Parts and Accessories for Personal Transport Equipment,2019-10-01,100.184
EUA,7.2.1,Spare Parts and Accessories for Personal Transport Equipment,2019-11-01,100.72
EUA,7.2.1,Spare Parts and Accessories for Personal Transport Equipment,2019-12-01,100.735
EUA,7.2.1,Spare Parts and Accessories for Personal Transport Equipment,2020-01-01,101.009
EUA,7.2.1,Spare Parts and Accessories for Personal Transport Equipment,2020-02-01,101.023
EUA,7.2.1,Spare Parts and Accessories for Personal Transport Equipment,2020-03-01,100.67
EUA,7.2.1,Spare Parts and Accessories for Personal Transport Equipment,2020-04-01,100.088
EUA,7.2.1,Spare Parts and Accessories for Personal Transport Equipment,2020-05-01,100.825
EUA,7.2.1,Spare Parts and Accessories for Personal Transport Equipment,2020-06-01,100.308
EUA,7.2.1,Spare Parts and Accessories for Personal Transport Equipment,2020-07-01,100.918
EUA,7.2.1,Spare Parts and Accessories for Personal Transport Equipment,2020-08-01,101.022
EUA,7.2.1,Spare Parts and Accessories for Personal Transport Equipment,2020-09-01,100.843
EUA,7.2.1,Spare Parts and Accessories for Personal Transport Equipment,2020-10-01,100.847
EUA,7.2.1,Spare Parts and Accessories for Personal Transport Equipment,2020-11-01,100.656
EUA,7.2.1,Spare Parts and Accessories for Personal Transport Equipment,2020-12-01,101.18
EUA,7.2.1,Spare Parts and Accessories for Personal Transport Equipment,2021-01-01,101.823
EUA,7.2.1,Spare Parts and Accessories for Personal Transport Equipment,2021-02-01,102.11
EUA,7.2.1,Spare Parts and Accessories for Personal Transport Equipment,2021-03-01,101.667
EUA,7.2.1,Spare Parts and Accessories for Personal Transport Equipment,2021-04-01,102.75
EUA,7.2.1,Spare Parts and Accessories for Personal Transport Equipment,2021-05-01,103.879
EUA,7.2.1,Spare Parts and Accessories for Personal Transport Equipment,2021-06-01,104.649
EUA,7.2.1,Spare Parts and Accessories for Personal Transport Equipment,2021-07-01,105.525
EUA,7.2.1,Spare Parts and Accessories for Personal Transport Equipment,2021-08-01,107.517
EUA,7.2.1,Spare Parts and Accessories for Personal Transport Equipment,2021-09-01,108.311
EUA,7.2.1,Spare Parts and Accessories for Personal Transport Equipment,2021-10-01,109.852
EUA,7.2.1,Spare Parts and Accessories for Personal Transport Equipment,2021-11-01,111.094
EUA,7.2.1,Spare Parts and Accessories for Personal Transport Equipment,2021-12-01,112.551
EUA,7.2.1,Spare Parts and Accessories for Personal Transport Equipment,2022-01-01,114.804
EUA,7.2.1,Spare Parts and Accessories for Personal Transport Equipment,2022-02-01,116.435
EUA,7.2.1,Spare Parts and Accessories for Personal Transport Equipment,2022-03-01,116.185
EUA,7.2.1,Spare Parts and Accessories for Personal Transport Equipment,2022-04-01,117.412
EUA,7.2.1,Spare Parts and Accessories for Personal Transport Equipment,2022-05-01,118.925
EUA,7.2.1,Spare Parts and Accessories for Personal Transport Equipment,2022-06-01,119.431
EUA,7.2.1,Spare Parts and Accessories for Personal Transport Equipment,2022-07-01,119.787
EUA,7.2.1,Spare Parts and Accessories for Personal Transport Equipment,2022-08-01,121.084
EUA,7.2.1,Spare Parts and Accessories for Personal Transport Equipment,2022-09-01,121.579
EUA,7.2.1,Spare Parts and Accessories for Personal Transport Equipment,2022-10-01,122.005
EUA,7.2.1,Spare Parts and Accessories for Personal Transport Equipment,2022-11-01,122.575
EUA,7.2.1,Spare Parts and Accessories for Personal Transport Equipment,2022-12-01,122.728
EUA,7.2.1,Spare Parts and Accessories for Personal Transport Equipment,2023-01-01,123.074
EUA,7.2.1,Spare Parts and Accessories for Personal Transport Equipment,2023-02-01,122.654
EUA,7.2.1,Spare Parts and Accessories for Personal Transport Equipment,2023-03-01,122.641
EUA,7.2.1,Spare Parts and Accessories for Personal Transport Equipment,2023-04-01,123.129
EUA,7.2.1,Spare Parts and Accessories for Personal Transport Equipment,2023-05-01,123.193
EUA,7.2.1,Spare Parts and Accessories for Personal Transport Equipment,2023-06-01,123.131
EUA,7.2.1,Spare Parts and Accessories for Personal Transport Equipment,2023-07-01,122.919
EUA,7.2.1,Spare Parts and Accessories for Personal Transport Equipment,2023-08-01,123.141
EUA,7.2.1,Spare Parts and Accessories for Personal Transport Equipment,2023-09-01,121.269
EUA,7.2.1,Spare Parts and Accessories for Personal Transport Equipment,2023-10-01,121.03
EUA,7.2.1,Spare Parts and Accessories for Personal Transport Equipment,2023-11-01,120.625
EUA,7.2.1,Spare Parts and Accessories for Personal Transport Equipment,2023-12-01,121.092
EUA,7.2.1,Spare Parts and Accessories for Personal Transport Equipment,2024-01-01,122.255
EUA,7.2.1,Spare Parts and Accessories for Personal Transport Equipment,2024-02-01,121.83
EUA,7.2.1,Spare Parts and Accessories for Personal Transport Equipment,2024-03-01,121.375
EUA,7.2.1,Spare Parts and Accessories for Personal Transport Equipment,2024-04-01,121.391
EUA,7.2.1,Spare Parts and Accessories for Personal Transport Equipment,2024-05-01,121.995
EUA,7.2.1,Spare Parts and Accessories for Personal Transport Equipment,2024-06-01,121.734
EUA,7.2.1,Spare Parts and Accessories for Personal Transport Equipment,2024-07-01,121.935
EUA,7.2.1,Spare Parts and Accessories for Personal Transport Equipment,2024-08-01,121.899
EUA,7.2.1,Spare Parts and Accessories for Personal Transport Equipment,2024-09-01,122.818
EUA,7.2.1,Spare Parts and Accessories for Personal Transport Equipment,2024-10-01,122.651
EUA,7.2.1,Spare Parts and Accessories for Personal Transport Equipment,2024-11-01,122.051
EUA,7.2.1,Spare Parts and Accessories for Personal Transport Equipment,2024-12-01,122.154
EUA,7.2.2,Fuels and Lubricants for Personal Transport Equipment,2013-12-01,100.0
EUA,7.2.2,Fuels and Lubricants for Personal Transport Equipment,2014-01-01,101.335
EUA,7.2.2,Fuels and Lubricants for Personal Transport Equipment,2014-02-01,102.469
EUA,7.2.2,Fuels and Lubricants for Personal Transport Equipment,2014-03-01,107.548
EUA,7.2.2,Fuels and Lubricants for Personal Transport Equipment,2014-04-01,111.293
EUA,7.2.2,Fuels and Lubricants for Personal Transport Equipment,2014-05-01,112.009
EUA,7.2.2,Fuels and Lubricants for Personal Transport Equipment,2014-06-01,112.311
EUA,7.2.2,Fuels and Lubricants for Personal Transport Equipment,2014-07-01,110.637
EUA,7.2.2,Fuels and Lubricants for Personal Transport Equipment,2014-08-01,106.173
EUA,7.2.2,Fuels and Lubricants for Personal Transport Equipment,2014-09-01,103.943
EUA,7.2.2,Fuels and Lubricants for Personal Transport Equipment,2014-10-01,97.511
EUA,7.2.2,Fuels and Lubricants for Personal Transport Equipment,2014-11-01,88.996
EUA,7.2.2,Fuels and Lubricants for Personal Transport Equipment,2014-12-01,79.316
EUA,7.2.2,Fuels and Lubricants for Personal Transport Equipment,2015-01-01,65.908
EUA,7.2.2,Fuels and Lubricants for Personal Transport Equipment,2015-02-01,69.231
EUA,7.2.2,Fuels and Lubricants for Personal Transport Equipment,2015-03-01,76.359
EUA,7.2.2,Fuels and Lubricants for Personal Transport Equipment,2015-04-01,76.325
EUA,7.2.2,Fuels and Lubricants for Personal Transport Equipment,2015-05-01,84.197
EUA,7.2.2,Fuels and Lubricants for Personal Transport Equipment,2015-06-01,86.292
EUA,7.2.2,Fuels and Lubricants for Personal Transport Equipment,2015-07-01,86.094
EUA,7.2.2,Fuels and Lubricants for Personal Transport Equipment,2015-08-01,81.46
EUA,7.2.2,Fuels and Lubricants for Personal Transport Equipment,2015-09-01,73.371
EUA,7.2.2,Fuels and Lubricants for Personal Transport Equipment,2015-10-01,70.525
EUA,7.2.2,Fuels and Lubricants for Personal Transport Equipment,2015-11-01,67.626
EUA,7.2.2,Fuels and Lubricants for Personal Transport Equipment,2015-12-01,63.707
EUA,7.2.2,Fuels and Lubricants for Personal Transport Equipment,2016-01-01,60.893
EUA,7.2.2,Fuels and Lubricants for Personal Transport Equipment,2016-02-01,54.959
EUA,7.2.2,Fuels and Lubricants for Personal Transport Equipment,2016-03-01,60.429
EUA,7.2.2,Fuels and Lubricants for Personal Transport Equipment,2016-04-01,65.793
EUA,7.2.2,Fuels and Lubricants for Personal Transport Equipment,2016-05-01,70.057
EUA,7.2.2,Fuels and Lubricants for Personal Transport Equipment,2016-06-01,73.103
EUA,7.2.2,Fuels and Lubricants for Personal Transport Equipment,2016-07-01,69.146
EUA,7.2.2,Fuels and Lubricants for Personal Transport Equipment,2016-08-01,67.11
EUA,7.2.2,Fuels and Lubricants for Personal Transport Equipment,2016-09-01,68.656
EUA,7.2.2,Fuels and Lubricants for Personal Transport Equipment,2016-10-01,69.894
EUA,7.2.2,Fuels and Lubricants for Personal Transport Equipment,2016-11-01,68.226
EUA,7.2.2,Fuels and Lubricants for Personal Transport Equipment,2016-12-01,69.419
EUA,7.2.2,Fuels and Lubricants for Personal Transport Equipment,2017-01-01,73.062
EUA,7.2.2,Fuels and Lubricants for Personal Transport Equipment,2017-02-01,71.539
EUA,7.2.2,Fuels and Lubricants for Personal Transport Equipment,2017-03-01,72.322
EUA,7.2.2,Fuels and Lubricants for Personal Transport Equipment,2017-04-01,75.158
EUA,7.2.2,Fuels and Lubricants for Personal Transport Equipment,2017-05-01,74.121
EUA,7.2.2,Fuels and Lubricants for Personal Transport Equipment,2017-06-01,72.883
EUA,7.2.2,Fuels and Lubricants for Personal Transport Equipment,2017-07-01,71.249
EUA,7.2.2,Fuels and Lubricants for Personal Transport Equipment,2017-08-01,73.975
EUA,7.2.2,Fuels and Lubricants for Personal Transport Equipment,2017-09-01,81.713
EUA,7.2.2,Fuels and Lubricants for Personal Transport Equipment,2017-10-01,77.377
EUA,7.2.2,Fuels and Lubricants for Personal Transport Equipment,2017-11-01,79.359
EUA,7.2.2,Fuels and Lubricants for Personal Transport Equipment,2017-12-01,76.795
EUA,7.2.2,Fuels and Lubricants for Personal Transport Equipment,2018-01-01,79.26
EUA,7.2.2,Fuels and Lubricants for Personal Transport Equipment,2018-02-01,80.528
EUA,7.2.2,Fuels and Lubricants for Personal Transport Equipment,2018-03-01,80.325
EUA,7.2.2,Fuels and Lubricants for Personal Transport Equipment,2018-04-01,85.209
EUA,7.2.2,Fuels and Lubricants for Personal Transport Equipment,2018-05-01,90.138
EUA,7.2.2,Fuels and Lubricants for Personal Transport Equipment,2018-06-01,90.45
EUA,7.2.2,Fuels and Lubricants for Personal Transport Equipment,2018-07-01,89.192
EUA,7.2.2,Fuels and Lubricants for Personal Transport Equipment,2018-08-01,88.888
EUA,7.2.2,Fuels and Lubricants for Personal Transport Equipment,2018-09-01,89.195
EUA,7.2.2,Fuels and Lubricants for Personal Transport Equipment,2018-10-01,89.784
EUA,7.2.2,Fuels and Lubricants for Personal Transport Equipment,2018-11-01,83.441
EUA,7.2.2,Fuels and Lubricants for Personal Transport Equipment,2018-12-01,75.379
EUA,7.2.2,Fuels and Lubricants for Personal Transport Equipment,2019-01-01,71.536
EUA,7.2.2,Fuels and Lubricants for Personal Transport Equipment,2019-02-01,73.424
EUA,7.2.2,Fuels and Lubricants for Personal Transport Equipment,2019-03-01,79.839
EUA,7.2.2,Fuels and Lubricants for Personal Transport Equipment,2019-04-01,87.843
EUA,7.2.2,Fuels and Lubricants for Personal Transport Equipment,2019-05-01,89.954
EUA,7.2.2,Fuels and Lubricants for Personal Transport Equipment,2019-06-01,85.62
EUA,7.2.2,Fuels and Lubricants for Personal Transport Equipment,2019-07-01,86.271
EUA,7.2.2,Fuels and Lubricants for Personal Transport Equipment,2019-08-01,82.683
EUA,7.2.2,Fuels and Lubricants for Personal Transport Equipment,2019-09-01,81.958
EUA,7.2.2,Fuels and Lubricants for Personal Transport Equipment,2019-10-01,83.248
EUA,7.2.2,Fuels and Lubricants for Personal Transport Equipment,2019-11-01,82.379
EUA,7.2.2,Fuels and Lubricants for Personal Transport Equipment,2019-12-01,81.105
EUA,7.2.2,Fuels and Lubricants for Personal Transport Equipment,2020-01-01,80.474
EUA,7.2.2,Fuels and Lubricants for Personal Transport Equipment,2020-02-01,77.451
EUA,7.2.2,Fuels and Lubricants for Personal Transport Equipment,2020-03-01,71.815
EUA,7.2.2,Fuels and Lubricants for Personal Transport Equipment,2020-04-01,60.262
EUA,7.2.2,Fuels and Lubricants for Personal Transport Equipment,2020-05-01,60.099
EUA,7.2.2,Fuels and Lubricants for Personal Transport Equipment,2020-06-01,65.89
EUA,7.2.2,Fuels and Lubricants for Personal Transport Equipment,2020-07-01,68.962
EUA,7.2.2,Fuels and Lubricants for Personal Transport Equipment,2020-08-01,68.966
EUA,7.2.2,Fuels and Lubricants for Personal Transport Equipment,2020-09-01,69.464
EUA,7.2.2,Fuels and Lubricants for Personal Transport Equipment,2020-10-01,68.368
EUA,7.2.2,Fuels and Lubricants for Personal Transport Equipment,2020-11-01,66.591
EUA,7.2.2,Fuels and Lubricants for Personal Transport Equipment,2020-12-01,68.844
EUA,7.2.2,Fuels and Lubricants for Personal Transport Equipment,2021-01-01,73.51
EUA,7.2.2,Fuels and Lubricants for Personal Transport Equipment,2021-02-01,78.487
EUA,7.2.2,Fuels and Lubricants for Personal Transport Equipment,2021-03-01,87.567
EUA,7.2.2,Fuels and Lubricants for Personal Transport Equipment,2021-04-01,89.296
EUA,7.2.2,Fuels and Lubricants for Personal Transport Equipment,2021-05-01,92.957
EUA,7.2.2,Fuels and Lubricants for Personal Transport Equipment,2021-06-01,94.998
EUA,7.2.2,Fuels and Lubricants for Personal Transport Equipment,2021-07-01,97.336
EUA,7.2.2,Fuels and Lubricants for Personal Transport Equipment,2021-08-01,97.977
EUA,7.2.2,Fuels and Lubricants for Personal Transport Equipment,2021-09-01,98.301
EUA,7.2.2,Fuels and Lubricants for Personal Transport Equipment,2021-10-01,101.907
EUA,7.2.2,Fuels and Lubricants for Personal Transport Equipment,2021-11-01,104.764
EUA,7.2.2,Fuels and Lubricants for Personal Transport Equipment,2021-12-01,102.568
EUA,7.2.2,Fuels and Lubricants for Personal Transport Equipment,2022-01-01,102.667
EUA,7.2.2,Fuels and Lubricants for Personal Transport Equipment,2022-02-01,108.122
EUA,7.2.2,Fuels and Lubricants for Personal Transport Equipment,2022-03-01,129.283
EUA,7.2.2,Fuels and Lubricants for Personal Transport Equipment,2022-04-01,128.222
EUA,7.2.2,Fuels and Lubricants for Personal Transport Equipment,2022-05-01,138.19
EUA,7.2.2,Fuels and Lubricants for Personal Transport Equipment,2022-06-01,151.59
EUA,7.2.2,Fuels and Lubricants for Personal Transport Equipment,2022-07-01,140.189
EUA,7.2.2,Fuels and Lubricants for Personal Transport Equipment,2022-08-01,123.426
EUA,7.2.2,Fuels and Lubricants for Personal Transport Equipment,2022-09-01,116.679
EUA,7.2.2,Fuels and Lubricants for Personal Transport Equipment,2022-10-01,120.228
EUA,7.2.2,Fuels and Lubricants for Personal Transport Equipment,2022-11-01,116.085
EUA,7.2.2,Fuels and Lubricants for Personal Transport Equipment,2022-12-01,101.862
EUA,7.2.2,Fuels and Lubricants for Personal Transport Equipment,2023-01-01,105.038
EUA,7.2.2,Fuels and Lubricants for Personal Transport Equipment,2023-02-01,106.789
EUA,7.2.2,Fuels and Lubricants for Personal Transport Equipment,2023-03-01,107.816
EUA,7.2.2,Fuels and Lubricants for Personal Transport Equipment,2023-04-01,113.384
EUA,7.2.2,Fuels and Lubricants for Personal Transport Equipment,2023-05-01,111.831
EUA,7.2.2,Fuels and Lubricants for Personal Transport Equipment,2023-06-01,112.57
EUA,7.2.2,Fuels and Lubricants for Personal Transport Equipment,2023-07-01,113.188
EUA,7.2.2,Fuels and Lubricants for Personal Transport Equipment,2023-08-01,119.836
EUA,7.2.2,Fuels and Lubricants for Personal Transport Equipment,2023-09-01,120.507
EUA,7.2.2,Fuels and Lubricants for Personal Transport Equipment,2023-10-01,114.21
EUA,7.2.2,Fuels and Lubricants for Personal Transport Equipment,2023-11-01,106.024
EUA,7.2.2,Fuels and Lubricants for Personal Transport Equipment,2023-12-01,99.921
EUA,7.2.2,Fuels and Lubricants for Personal Transport Equipment,2024-01-01,100.406
EUA,7.2.2,Fuels and Lubricants for Personal Transport Equipment,2024-02-01,100.697
EUA,7.2.2,Fuels and Lubricants for Personal Transport Equipment,2024-03-01,100.825
EUA,7.2.2,Fuels and Lubricants for Personal Transport Equipment,2024-04-01,101.0
EUA,7.2.2,Fuels and Lubricants for Personal Transport Equipment,2024-05-01,100.552
EUA,7.2.2,Fuels and Lubricants for Personal Transport Equipment,2024-06-01,101.237
EUA,7.2.2,Fuels and Lubricants for Personal Transport Equipment,2024-07-01,101.381
EUA,7.2.2,Fuels and Lubricants for Personal Transport Equipment,2024-08-01,101.965
EUA,7.2.2,Fuels and Lubricants for Personal Transport Equipment,2024-09-01,102.362
EUA,7.2.2,Fuels and Lubricants for Personal Transport Equipment,2024-10-01,103.535
EUA,7.2.2,Fuels and Lubricants for Personal Transport Equipment,2024-11-01,102.075
EUA,7.2.2,Fuels and Lubricants for Personal Transport Equipment,2024-12-01,101.575
EUA,7.2.3,Maintenance and Repair of Personal Transport Equipment,2013-12-01,100.0
EUA,7.2.3,Maintenance and Repair of Personal Transport Equipment,2014-01-01,100.252
EUA,7.2.3,Maintenance and Repair of Personal Transport Equipment,2014-02-01,100.553
EUA,7.2.3,Maintenance and Repair of Personal Transport Equipment,2014-03-01,100.424
EUA,7.2.3,Maintenance and Repair of Personal Transport Equipment,2014-04-01,100.565
EUA,7.2.3,Maintenance and Repair of Personal Transport Equipment,2014-05-01,100.751
EUA,7.2.3,Maintenance and Repair of Personal Transport Equipment,2014-06-01,100.979
EUA,7.2.3,Maintenance and Repair of Personal Transport Equipment,2014-07-01,101.193
EUA,7.2.3,Maintenance and Repair of Personal Transport Equipment,2014-08-01,101.144
EUA,7.2.3,Maintenance and Repair of Personal Transport Equipment,2014-09-01,101.547
EUA,7.2.3,Maintenance and Repair of Personal Transport Equipment,2014-10-01,101.883
EUA,7.2.3,Maintenance and Repair of Personal Transport Equipment,2014-11-01,102.005
EUA,7.2.3,Maintenance and Repair of Personal Transport Equipment,2014-12-01,102.094
EUA,7.2.3,Maintenance and Repair of Personal Transport Equipment,2015-01-01,102.197
EUA,7.2.3,Maintenance and Repair of Personal Transport Equipment,2015-02-01,102.336
EUA,7.2.3,Maintenance and Repair of Personal Transport Equipment,2015-03-01,102.252
EUA,7.2.3,Maintenance and Repair of Personal Transport Equipment,2015-04-01,102.633
EUA,7.2.3,Maintenance and Repair of Personal Transport Equipment,2015-05-01,102.929
EUA,7.2.3,Maintenance and Repair of Personal Transport Equipment,2015-06-01,102.998
EUA,7.2.3,Maintenance and Repair of Personal Transport Equipment,2015-07-01,103.076
EUA,7.2.3,Maintenance and Repair of Personal Transport Equipment,2015-08-01,102.968
EUA,7.2.3,Maintenance and Repair of Personal Transport Equipment,2015-09-01,103.076
EUA,7.2.3,Maintenance and Repair of Personal Transport Equipment,2015-10-01,103.314
EUA,7.2.3,Maintenance and Repair of Personal Transport Equipment,2015-11-01,103.428
EUA,7.2.3,Maintenance and Repair of Personal Transport Equipment,2015-12-01,103.749
EUA,7.2.3,Maintenance and Repair of Personal Transport Equipment,2016-01-01,103.827
EUA,7.2.3,Maintenance and Repair of Personal Transport Equipment,2016-02-01,103.817
EUA,7.2.3,Maintenance and Repair of Personal Transport Equipment,2016-03-01,104.152
EUA,7.2.3,Maintenance and Repair of Personal Transport Equipment,2016-04-01,104.486
EUA,7.2.3,Maintenance and Repair of Personal Transport Equipment,2016-05-01,104.666
EUA,7.2.3,Maintenance and Repair of Personal Transport Equipment,2016-06-01,104.76
EUA,7.2.3,Maintenance and Repair of Personal Transport Equipment,2016-07-01,104.943
EUA,7.2.3,Maintenance and Repair of Personal Transport Equipment,2016-08-01,104.905
EUA,7.2.3,Maintenance and Repair of Personal Transport Equipment,2016-09-01,104.645
EUA,7.2.3,Maintenance and Repair of Personal Transport Equipment,2016-10-01,104.74
EUA,7.2.3,Maintenance and Repair of Personal Transport Equipment,2016-11-01,105.425
EUA,7.2.3,Maintenance and Repair of Personal Transport Equipment,2016-12-01,105.673
EUA,7.2.3,Maintenance and Repair of Personal Transport Equipment,2017-01-01,106.209
EUA,7.2.3,Maintenance and Repair of Personal Transport Equipment,2017-02-01,106.303
EUA,7.2.3,Maintenance and Repair of Personal Transport Equipment,2017-03-01,106.243
EUA,7.2.3,Maintenance and Repair of Personal Transport Equipment,2017-04-01,106.445
EUA,7.2.3,Maintenance and Repair of Personal Transport Equipment,2017-05-01,106.54
EUA,7.2.3,Maintenance and Repair of Personal Transport Equipment,2017-06-01,106.145
EUA,7.2.3,Maintenance and Repair of Personal Transport Equipment,2017-07-01,106.291
EUA,7.2.3,Maintenance and Repair of Personal Transport Equipment,2017-08-01,106.621
EUA,7.2.3,Maintenance and Repair of Personal Transport Equipment,2017-09-01,107.204
EUA,7.2.3,Maintenance and Repair of Personal Transport Equipment,2017-10-01,107.605
EUA,7.2.3,Maintenance and Repair of Personal Transport Equipment,2017-11-01,107.3
EUA,7.2.3,Maintenance and Repair of Personal Transport Equipment,2017-12-01,107.491
EUA,7.2.3,Maintenance and Repair of Personal Transport Equipment,2018-01-01,107.634
EUA,7.2.3,Maintenance and Repair of Personal Transport Equipment,2018-02-01,107.941
EUA,7.2.3,Maintenance and Repair of Personal Transport Equipment,2018-03-01,107.851
EUA,7.2.3,Maintenance and Repair of Personal Transport Equipment,2018-04-01,108.118
EUA,7.2.3,Maintenance and Repair of Personal Transport Equipment,2018-05-01,108.347
EUA,7.2.3,Maintenance and Repair of Personal Transport Equipment,2018-06-01,108.65
EUA,7.2.3,Maintenance and Repair of Personal Transport Equipment,2018-07-01,108.776
EUA,7.2.3,Maintenance and Repair of Personal Transport Equipment,2018-08-01,109.102
EUA,7.2.3,Maintenance and Repair of Personal Transport Equipment,2018-09-01,109.654
EUA,7.2.3,Maintenance and Repair of Personal Transport Equipment,2018-10-01,109.868
EUA,7.2.3,Maintenance and Repair of Personal Transport Equipment,2018-11-01,110.277
EUA,7.2.3,Maintenance and Repair of Personal Transport Equipment,2018-12-01,110.104
EUA,7.2.3,Maintenance and Repair of Personal Transport Equipment,2019-01-01,110.552
EUA,7.2.3,Maintenance and Repair of Personal Transport Equipment,2019-02-01,111.01
EUA,7.2.3,Maintenance and Repair of Personal Transport Equipment,2019-03-01,111.826
EUA,7.2.3,Maintenance and Repair of Personal Transport Equipment,2019-04-01,112.215
EUA,7.2.3,Maintenance and Repair of Personal Transport Equipment,2019-05-01,112.0
EUA,7.2.3,Maintenance and Repair of Personal Transport Equipment,2019-06-01,112.386
EUA,7.2.3,Maintenance and Repair of Personal Transport Equipment,2019-07-01,112.277
EUA,7.2.3,Maintenance and Repair of Personal Transport Equipment,2019-08-01,113.167
EUA,7.2.3,Maintenance and Repair of Personal Transport Equipment,2019-09-01,113.4
EUA,7.2.3,Maintenance and Repair of Personal Transport Equipment,2019-10-01,113.599
EUA,7.2.3,Maintenance and Repair of Personal Transport Equipment,2019-11-01,113.732
EUA,7.2.3,Maintenance and Repair of Personal Transport Equipment,2019-12-01,113.878
EUA,7.2.3,Maintenance and Repair of Personal Transport Equipment,2020-01-01,114.087
EUA,7.2.3,Maintenance and Repair of Personal Transport Equipment,2020-02-01,114.848
EUA,7.2.3,Maintenance and Repair of Personal Transport Equipment,2020-03-01,115.544
EUA,7.2.3,Maintenance and Repair of Personal Transport Equipment,2020-04-01,115.484
EUA,7.2.3,Maintenance and Repair of Personal Transport Equipment,2020-05-01,115.897
EUA,7.2.3,Maintenance and Repair of Personal Transport Equipment,2020-06-01,115.901
EUA,7.2.3,Maintenance and Repair of Personal Transport Equipment,2020-07-01,115.894
EUA,7.2.3,Maintenance and Repair of Personal Transport Equipment,2020-08-01,116.628
EUA,7.2.3,Maintenance and Repair of Personal Transport Equipment,2020-09-01,116.981
EUA,7.2.3,Maintenance and Repair of Personal Transport Equipment,2020-10-01,117.061
EUA,7.2.3,Maintenance and Repair of Personal Transport Equipment,2020-11-01,117.507
EUA,7.2.3,Maintenance and Repair of Personal Transport Equipment,2020-12-01,117.456
EUA,7.2.3,Maintenance and Repair of Personal Transport Equipment,2021-01-01,117.819
EUA,7.2.3,Maintenance and Repair of Personal Transport Equipment,2021-02-01,118.209
EUA,7.2.3,Maintenance and Repair of Personal Transport Equipment,2021-03-01,119.26
EUA,7.2.3,Maintenance and Repair of Personal Transport Equipment,2021-04-01,119.442
EUA,7.2.3,Maintenance and Repair of Personal Transport Equipment,2021-05-01,119.122
EUA,7.2.3,Maintenance and Repair of Personal Transport Equipment,2021-06-01,119.496
EUA,7.2.3,Maintenance and Repair of Personal Transport Equipment,2021-07-01,120.567
EUA,7.2.3,Maintenance and Repair of Personal Transport Equipment,2021-08-01,121.437
EUA,7.2.3,Maintenance and Repair of Personal Transport Equipment,2021-09-01,121.458
EUA,7.2.3,Maintenance and Repair of Personal Transport Equipment,2021-10-01,123.106
EUA,7.2.3,Maintenance and Repair of Personal Transport Equipment,2021-11-01,123.164
EUA,7.2.3,Maintenance and Repair of Personal Transport Equipment,2021-12-01,123.061
EUA,7.2.3,Maintenance and Repair of Personal Transport Equipment,2022-01-01,123.349
EUA,7.2.3,Maintenance and Repair of Personal Transport Equipment,2022-02-01,125.44
EUA,7.2.3,Maintenance and Repair of Personal Transport Equipment,2022-03-01,125.001
EUA,7.2.3,Maintenance and Repair of Personal Transport Equipment,2022-04-01,125.638
EUA,7.2.3,Maintenance and Repair of Personal Transport Equipment,2022-05-01,126.225
EUA,7.2.3,Maintenance and Repair of Personal Transport Equipment,2022-06-01,128.733
EUA,7.2.3,Maintenance and Repair of Personal Transport Equipment,2022-07-01,130.03
EUA,7.2.3,Maintenance and Repair of Personal Transport Equipment,2022-08-01,132.166
EUA,7.2.3,Maintenance and Repair of Personal Transport Equipment,2022-09-01,134.616
EUA,7.2.3,Maintenance and Repair of Personal Transport Equipment,2022-10-01,135.504
EUA,7.2.3,Maintenance and Repair of Personal Transport Equipment,2022-11-01,137.154
EUA,7.2.3,Maintenance and Repair of Personal Transport Equipment,2022-12-01,138.509
EUA,7.2.3,Maintenance and Repair of Personal Transport Equipment,2023-01-01,140.33
EUA,7.2.3,Maintenance and Repair of Personal Transport Equipment,2023-02-01,140.628
EUA,7.2.3,Maintenance and Repair of Personal Transport Equipment,2023-03-01,141.055
EUA,7.2.3,Maintenance and Repair of Personal Transport Equipment,2023-04-01,141.809
EUA,7.2.3,Maintenance and Repair of Personal Transport Equipment,2023-05-01,142.621
EUA,7.2.3,Maintenance and Repair of Personal Transport Equipment,2023-06-01,144.418
EUA,7.2.3,Maintenance and Repair of Personal Transport Equipment,2023-07-01,145.869
EUA,7.2.3,Maintenance and Repair of Personal Transport Equipment,2023-08-01,147.407
EUA,7.2.3,Maintenance and Repair of Personal Transport Equipment,2023-09-01,147.7
EUA,7.2.3,Maintenance and Repair of Personal Transport Equipment,2023-10-01,148.011
EUA,7.2.3,Maintenance and Repair of Personal Transport Equipment,2023-11-01,148.271
EUA,7.2.3,Maintenance and Repair of Personal Transport Equipment,2023-12-01,147.945
EUA,7.2.3,Maintenance and Repair of Personal Transport Equipment,2024-01-01,148.932
EUA,7.2.3,Maintenance and Repair of Personal Transport Equipment,2024-02-01,149.306
EUA,7.2.3,Maintenance and Repair of Personal Transport Equipment,2024-03-01,152.848
EUA,7.2.3,Maintenance and Repair of Personal Transport Equipment,2024-04-01,153.16
EUA,7.2.3,Maintenance and Repair of Personal Transport Equipment,2024-05-01,153.051
EUA,7.2.3,Maintenance and Repair of Personal Transport Equipment,2024-06-01,152.597
EUA,7.2.3,Maintenance and Repair of Personal Transport Equipment,2024-07-01,150.614
EUA,7.2.3,Maintenance and Repair of Personal Transport Equipment,2024-08-01,152.147
EUA,7.2.3,Maintenance and Repair of Personal Transport Equipment,2024-09-01,155.563
EUA,7.2.3,Maintenance and Repair of Personal Transport Equipment,2024-10-01,157.098
EUA,7.2.3,Maintenance and Repair of Personal Transport Equipment,2024-11-01,157.502
EUA,7.2.3,Maintenance and Repair of Personal Transport Equipment,2024-12-01,156.974
EUA,7.2.4,Other Services in Respect of Personal Transport Equipment,2013-12-01,100.0
EUA,7.2.4,Other Services in Respect of Personal Transport Equipment,2014-01-01,99.699
EUA,7.2.4,Other Services in Respect of Personal Transport Equipment,2014-02-01,99.9
EUA,7.2.4,Other Services in Respect of Personal Transport Equipment,2014-03-01,100.764
EUA,7.2.4,Other Services in Respect of Personal Transport Equipment,2014-04-01,100.442
EUA,7.2.4,Other Services in Respect of Personal Transport Equipment,2014-05-01,99.807
EUA,7.2.4,Other Services in Respect of Personal Transport Equipment,2014-06-01,99.235
EUA,7.2.4,Other Services in Respect of Personal Transport Equipment,2014-07-01,99.915
EUA,7.2.4,Other Services in Respect of Personal Transport Equipment,2014-08-01,99.657
EUA,7.2.4,Other Services in Respect of Personal Transport Equipment,2014-09-01,99.076
EUA,7.2.4,Other Services in Respect of Personal Transport Equipment,2014-10-01,100.048
EUA,7.2.4,Other Services in Respect of Personal Transport Equipment,2014-11-01,100.075
EUA,7.2.4,Other Services in Respect of Personal Transport Equipment,2014-12-01,100.508
EUA,7.2.4,Other Services in Respect of Personal Transport Equipment,2015-01-01,100.842
EUA,7.2.4,Other Services in Respect of Personal Transport Equipment,2015-02-01,100.045
EUA,7.2.4,Other Services in Respect of Personal Transport Equipment,2015-03-01,101.001
EUA,7.2.4,Other Services in Respect of Personal Transport Equipment,2015-04-01,100.904
EUA,7.2.4,Other Services in Respect of Personal Transport Equipment,2015-05-01,99.783
EUA,7.2.4,Other Services in Respect of Personal Transport Equipment,2015-06-01,99.445
EUA,7.2.4,Other Services in Respect of Personal Transport Equipment,2015-07-01,100.596
EUA,7.2.4,Other Services in Respect of Personal Transport Equipment,2015-08-01,100.161
EUA,7.2.4,Other Services in Respect of Personal Transport Equipment,2015-09-01,99.442
EUA,7.2.4,Other Services in Respect of Personal Transport Equipment,2015-10-01,99.388
EUA,7.2.4,Other Services in Respect of Personal Transport Equipment,2015-11-01,99.673
EUA,7.2.4,Other Services in Respect of Personal Transport Equipment,2015-12-01,100.186
EUA,7.2.4,Other Services in Respect of Personal Transport Equipment,2016-01-01,100.606
EUA,7.2.4,Other Services in Respect of Personal Transport Equipment,2016-02-01,100.804
EUA,7.2.4,Other Services in Respect of Personal Transport Equipment,2016-03-01,101.237
EUA,7.2.4,Other Services in Respect of Personal Transport Equipment,2016-04-01,101.789
EUA,7.2.4,Other Services in Respect of Personal Transport Equipment,2016-05-01,101.771
EUA,7.2.4,Other Services in Respect of Personal Transport Equipment,2016-06-01,102.122
EUA,7.2.4,Other Services in Respect of Personal Transport Equipment,2016-07-01,103.45
EUA,7.2.4,Other Services in Respect of Personal Transport Equipment,2016-08-01,101.94
EUA,7.2.4,Other Services in Respect of Personal Transport Equipment,2016-09-01,100.248
EUA,7.2.4,Other Services in Respect of Personal Transport Equipment,2016-10-01,100.14
EUA,7.2.4,Other Services in Respect of Personal Transport Equipment,2016-11-01,99.859
EUA,7.2.4,Other Services in Respect of Personal Transport Equipment,2016-12-01,100.097
EUA,7.2.4,Other Services in Respect of Personal Transport Equipment,2017-01-01,99.294
EUA,7.2.4,Other Services in Respect of Personal Transport Equipment,2017-02-01,100.529
EUA,7.2.4,Other Services in Respect of Personal Transport Equipment,2017-03-01,100.094
EUA,7.2.4,Other Services in Respect of Personal Transport Equipment,2017-04-01,100.544
EUA,7.2.4,Other Services in Respect of Personal Transport Equipment,2017-05-01,101.125
EUA,7.2.4,Other Services in Respect of Personal Transport Equipment,2017-06-01,102.158
EUA,7.2.4,Other Services in Respect of Personal Transport Equipment,2017-07-01,103.533
EUA,7.2.4,Other Services in Respect of Personal Transport Equipment,2017-08-01,102.708
EUA,7.2.4,Other Services in Respect of Personal Transport Equipment,2017-09-01,101.095
EUA,7.2.4,Other Services in Respect of Personal Transport Equipment,2017-10-01,101.226
EUA,7.2.4,Other Services in Respect of Personal Transport Equipment,2017-11-01,101.551
EUA,7.2.4,Other Services in Respect of Personal Transport Equipment,2017-12-01,101.981
EUA,7.2.4,Other Services in Respect of Personal Transport Equipment,2018-01-01,102.531
EUA,7.2.4,Other Services in Respect of Personal Transport Equipment,2018-02-01,103.737
EUA,7.2.4,Other Services in Respect of Personal Transport Equipment,2018-03-01,104.192
EUA,7.2.4,Other Services in Respect of Personal Transport Equipment,2018-04-01,103.742
EUA,7.2.4,Other Services in Respect of Personal Transport Equipment,2018-05-01,103.887
EUA,7.2.4,Other Services in Respect of Personal Transport Equipment,2018-06-01,105.474
EUA,7.2.4,Other Services in Respect of Personal Transport Equipment,2018-07-01,107.319
EUA,7.2.4,Other Services in Respect of Personal Transport Equipment,2018-08-01,106.983
EUA,7.2.4,Other Services in Respect of Personal Transport Equipment,2018-09-01,106.409
EUA,7.2.4,Other Services in Respect of Personal Transport Equipment,2018-10-01,105.505
EUA,7.2.4,Other Services in Respect of Personal Transport Equipment,2018-11-01,105.589
EUA,7.2.4,Other Services in Respect of Personal Transport Equipment,2018-12-01,106.446
EUA,7.2.4,Other Services in Respect of Personal Transport Equipment,2019-01-01,105.777
EUA,7.2.4,Other Services in Respect of Personal Transport Equipment,2019-02-01,104.031
EUA,7.2.4,Other Services in Respect of Personal Transport Equipment,2019-03-01,103.881
EUA,7.2.4,Other Services in Respect of Personal Transport Equipment,2019-04-01,103.974
EUA,7.2.4,Other Services in Respect of Personal Transport Equipment,2019-05-01,103.215
EUA,7.2.4,Other Services in Respect of Personal Transport Equipment,2019-06-01,103.691
EUA,7.2.4,Other Services in Respect of Personal Transport Equipment,2019-07-01,104.886
EUA,7.2.4,Other Services in Respect of Personal Transport Equipment,2019-08-01,104.28
EUA,7.2.4,Other Services in Respect of Personal Transport Equipment,2019-09-01,103.662
EUA,7.2.4,Other Services in Respect of Personal Transport Equipment,2019-10-01,104.061
EUA,7.2.4,Other Services in Respect of Personal Transport Equipment,2019-11-01,104.158
EUA,7.2.4,Other Services in Respect of Personal Transport Equipment,2019-12-01,103.804
EUA,7.2.4,Other Services in Respect of Personal Transport Equipment,2020-01-01,103.725
EUA,7.2.4,Other Services in Respect of Personal Transport Equipment,2020-02-01,103.993
EUA,7.2.4,Other Services in Respect of Personal Transport Equipment,2020-03-01,103.617
EUA,7.2.4,Other Services in Respect of Personal Transport Equipment,2020-04-01,104.097
EUA,7.2.4,Other Services in Respect of Personal Transport Equipment,2020-05-01,103.85
EUA,7.2.4,Other Services in Respect of Personal Transport Equipment,2020-06-01,103.118
EUA,7.2.4,Other Services in Respect of Personal Transport Equipment,2020-07-01,102.936
EUA,7.2.4,Other Services in Respect of Personal Transport Equipment,2020-08-01,102.075
EUA,7.2.4,Other Services in Respect of Personal Transport Equipment,2020-09-01,100.458
EUA,7.2.4,Other Services in Respect of Personal Transport Equipment,2020-10-01,100.886
EUA,7.2.4,Other Services in Respect of Personal Transport Equipment,2020-11-01,105.268
EUA,7.2.4,Other Services in Respect of Personal Transport Equipment,2020-12-01,103.987
EUA,7.2.4,Other Services in Respect of Personal Transport Equipment,2021-01-01,100.872
EUA,7.2.4,Other Services in Respect of Personal Transport Equipment,2021-02-01,100.417
EUA,7.2.4,Other Services in Respect of Personal Transport Equipment,2021-03-01,100.833
EUA,7.2.4,Other Services in Respect of Personal Transport Equipment,2021-04-01,102.933
EUA,7.2.4,Other Services in Respect of Personal Transport Equipment,2021-05-01,103.654
EUA,7.2.4,Other Services in Respect of Personal Transport Equipment,2021-06-01,105.87
EUA,7.2.4,Other Services in Respect of Personal Transport Equipment,2021-07-01,103.685
EUA,7.2.4,Other Services in Respect of Personal Transport Equipment,2021-08-01,103.425
EUA,7.2.4,Other Services in Respect of Personal Transport Equipment,2021-09-01,104.115
EUA,7.2.4,Other Services in Respect of Personal Transport Equipment,2021-10-01,104.629
EUA,7.2.4,Other Services in Respect of Personal Transport Equipment,2021-11-01,106.497
EUA,7.2.4,Other Services in Respect of Personal Transport Equipment,2021-12-01,106.391
EUA,7.2.4,Other Services in Respect of Personal Transport Equipment,2022-01-01,107.802
EUA,7.2.4,Other Services in Respect of Personal Transport Equipment,2022-02-01,107.739
EUA,7.2.4,Other Services in Respect of Personal Transport Equipment,2022-03-01,112.356
EUA,7.2.4,Other Services in Respect of Personal Transport Equipment,2022-04-01,117.569
EUA,7.2.4,Other Services in Respect of Personal Transport Equipment,2022-05-01,114.393
EUA,7.2.4,Other Services in Respect of Personal Transport Equipment,2022-06-01,121.618
EUA,7.2.4,Other Services in Respect of Personal Transport Equipment,2022-07-01,122.048
EUA,7.2.4,Other Services in Respect of Personal Transport Equipment,2022-08-01,122.364
EUA,7.2.4,Other Services in Respect of Personal Transport Equipment,2022-09-01,126.892
EUA,7.2.4,Other Services in Respect of Personal Transport Equipment,2022-10-01,126.364
EUA,7.2.4,Other Services in Respect of Personal Transport Equipment,2022-11-01,124.408
EUA,7.2.4,Other Services in Respect of Personal Transport Equipment,2022-12-01,125.322
EUA,7.2.4,Other Services in Respect of Personal Transport Equipment,2023-01-01,125.724
EUA,7.2.4,Other Services in Respect of Personal Transport Equipment,2023-02-01,127.524
EUA,7.2.4,Other Services in Respect of Personal Transport Equipment,2023-03-01,131.24
EUA,7.2.4,Other Services in Respect of Personal Transport Equipment,2023-04-01,130.503
EUA,7.2.4,Other Services in Respect of Personal Transport Equipment,2023-05-01,128.697
EUA,7.2.4,Other Services in Respect of Personal Transport Equipment,2023-06-01,129.878
EUA,7.2.4,Other Services in Respect of Personal Transport Equipment,2023-07-01,130.868
EUA,7.2.4,Other Services in Respect of Personal Transport Equipment,2023-08-01,131.296
EUA,7.2.4,Other Services in Respect of Personal Transport Equipment,2023-09-01,130.084
EUA,7.2.4,Other Services in Respect of Personal Transport Equipment,2023-10-01,129.356
EUA,7.2.4,Other Services in Respect of Personal Transport Equipment,2023-11-01,133.121
EUA,7.2.4,Other Services in Respect of Personal Transport Equipment,2023-12-01,127.257
EUA,7.2.4,Other Services in Respect of Personal Transport Equipment,2024-01-01,123.068
EUA,7.2.4,Other Services in Respect of Personal Transport Equipment,2024-02-01,128.075
EUA,7.2.4,Other Services in Respect of Personal Transport Equipment,2024-03-01,131.571
EUA,7.2.4,Other Services in Respect of Personal Transport Equipment,2024-04-01,131.494
EUA,7.2.4,Other Services in Respect of Personal Transport Equipment,2024-05-01,132.05
EUA,7.2.4,Other Services in Respect of Personal Transport Equipment,2024-06-01,128.6
EUA,7.2.4,Other Services in Respect of Personal Transport Equipment,2024-07-01,130.626
EUA,7.2.4,Other Services in Respect of Personal Transport Equipment,2024-08-01,130.434
EUA,7.2.4,Other Services in Respect of Personal Transport Equipment,2024-09-01,131.162
EUA,7.2.4,Other Services in Respect of Personal Transport Equipment,2024-10-01,130.247
EUA,7.2.4,Other Services in Respect of Personal Transport Equipment,2024-11-01,129.281
EUA,7.2.4,Other Services in Respect of Personal Transport Equipment,2024-12-01,126.902
EUA,7.3.1,Passenger Transport by Railway,2013-12-01,100.0
EUA,7.3.1,Passenger Transport by Railway,2014-01-01,99.317
EUA,7.3.1,Passenger Transport by Railway,2014-02-01,98.864
EUA,7.3.1,Passenger Transport by Railway,2014-03-01,99.594
EUA,7.3.1,Passenger Transport by Railway,2014-04-01,99.64
EUA,7.3.1,Passenger Transport by Railway,2014-05-01,99.176
EUA,7.3.1,Passenger Transport by Railway,2014-06-01,99.869
EUA,7.3.1,Passenger Transport by Railway,2014-07-01,100.236
EUA,7.3.1,Passenger Transport by Railway,2014-08-01,99.369
EUA,7.3.1,Passenger Transport by Railway,2014-09-01,99.223
EUA,7.3.1,Passenger Transport by Railway,2014-10-01,99.299
EUA,7.3.1,Passenger Transport by Railway,2014-11-01,99.902
EUA,7.3.1,Passenger Transport by Railway,2014-12-01,100.454
EUA,7.3.1,Passenger Transport by Railway,2015-01-01,99.626
EUA,7.3.1,Passenger Transport by Railway,2015-02-01,99.041
EUA,7.3.1,Passenger Transport by Railway,2015-03-01,99.26
EUA,7.3.1,Passenger Transport by Railway,2015-04-01,100.109
EUA,7.3.1,Passenger Transport by Railway,2015-05-01,100.106
EUA,7.3.1,Passenger Transport by Railway,2015-06-01,100.602
EUA,7.3.1,Passenger Transport by Railway,2015-07-01,101.759
EUA,7.3.1,Passenger Transport by Railway,2015-08-01,101.974
EUA,7.3.1,Passenger Transport by Railway,2015-09-01,101.687
EUA,7.3.1,Passenger Transport by Railway,2015-10-01,102.26
EUA,7.3.1,Passenger Transport by Railway,2015-11-01,101.924
EUA,7.3.1,Passenger Transport by Railway,2015-12-01,102.867
EUA,7.3.1,Passenger Transport by Railway,2016-01-01,102.36
EUA,7.3.1,Passenger Transport by Railway,2016-02-01,102.241
EUA,7.3.1,Passenger Transport by Railway,2016-03-01,102.584
EUA,7.3.1,Passenger Transport by Railway,2016-04-01,102.877
EUA,7.3.1,Passenger Transport by Railway,2016-05-01,103.546
EUA,7.3.1,Passenger Transport by Railway,2016-06-01,103.572
EUA,7.3.1,Passenger Transport by Railway,2016-07-01,103.916
EUA,7.3.1,Passenger Transport by Railway,2016-08-01,104.041
EUA,7.3.1,Passenger Transport by Railway,2016-09-01,103.797
EUA,7.3.1,Passenger Transport by Railway,2016-10-01,103.547
EUA,7.3.1,Passenger Transport by Railway,2016-11-01,103.768
EUA,7.3.1,Passenger Transport by Railway,2016-12-01,104.092
EUA,7.3.1,Passenger Transport by Railway,2017-01-01,103.881
EUA,7.3.1,Passenger Transport by Railway,2017-02-01,103.639
EUA,7.3.1,Passenger Transport by Railway,2017-03-01,103.968
EUA,7.3.1,Passenger Transport by Railway,2017-04-01,104.801
EUA,7.3.1,Passenger Transport by Railway,2017-05-01,104.606
EUA,7.3.1,Passenger Transport by Railway,2017-06-01,104.926
EUA,7.3.1,Passenger Transport by Railway,2017-07-01,104.657
EUA,7.3.1,Passenger Transport by Railway,2017-08-01,104.597
EUA,7.3.1,Passenger Transport by Railway,2017-09-01,105.747
EUA,7.3.1,Passenger Transport by Railway,2017-10-01,106.179
EUA,7.3.1,Passenger Transport by Railway,2017-11-01,105.635
EUA,7.3.1,Passenger Transport by Railway,2017-12-01,106.058
EUA,7.3.1,Passenger Transport by Railway,2018-01-01,106.276
EUA,7.3.1,Passenger Transport by Railway,2018-02-01,106.58
EUA,7.3.1,Passenger Transport by Railway,2018-03-01,106.92
EUA,7.3.1,Passenger Transport by Railway,2018-04-01,107.072
EUA,7.3.1,Passenger Transport by Railway,2018-05-01,106.963
EUA,7.3.1,Passenger Transport by Railway,2018-06-01,106.073
EUA,7.3.1,Passenger Transport by Railway,2018-07-01,106.73
EUA,7.3.1,Passenger Transport by Railway,2018-08-01,106.43
EUA,7.3.1,Passenger Transport by Railway,2018-09-01,105.949
EUA,7.3.1,Passenger Transport by Railway,2018-10-01,105.508
EUA,7.3.1,Passenger Transport by Railway,2018-11-01,105.394
EUA,7.3.1,Passenger Transport by Railway,2018-12-01,106.068
EUA,7.3.1,Passenger Transport by Railway,2019-01-01,105.783
EUA,7.3.1,Passenger Transport by Railway,2019-02-01,105.975
EUA,7.3.1,Passenger Transport by Railway,2019-03-01,106.833
EUA,7.3.1,Passenger Transport by Railway,2019-04-01,107.144
EUA,7.3.1,Passenger Transport by Railway,2019-05-01,108.097
EUA,7.3.1,Passenger Transport by Railway,2019-06-01,106.856
EUA,7.3.1,Passenger Transport by Railway,2019-07-01,106.971
EUA,7.3.1,Passenger Transport by Railway,2019-08-01,108.019
EUA,7.3.1,Passenger Transport by Railway,2019-09-01,107.439
EUA,7.3.1,Passenger Transport by Railway,2019-10-01,106.989
EUA,7.3.1,Passenger Transport by Railway,2019-11-01,107.39
EUA,7.3.1,Passenger Transport by Railway,2019-12-01,106.339
EUA,7.3.1,Passenger Transport by Railway,2020-01-01,105.634
EUA,7.3.1,Passenger Transport by Railway,2020-02-01,105.049
EUA,7.3.1,Passenger Transport by Railway,2020-03-01,102.191
EUA,7.3.1,Passenger Transport by Railway,2020-04-01,102.585
EUA,7.3.1,Passenger Transport by Railway,2020-05-01,101.938
EUA,7.3.1,Passenger Transport by Railway,2020-06-01,100.482
EUA,7.3.1,Passenger Transport by Railway,2020-07-01,101.275
EUA,7.3.1,Passenger Transport by Railway,2020-08-01,102.242
EUA,7.3.1,Passenger Transport by Railway,2020-09-01,102.655
EUA,7.3.1,Passenger Transport by Railway,2020-10-01,102.948
EUA,7.3.1,Passenger Transport by Railway,2020-11-01,106.189
EUA,7.3.1,Passenger Transport by Railway,2020-12-01,109.008
EUA,7.3.1,Passenger Transport by Railway,2021-01-01,108.676
EUA,7.3.1,Passenger Transport by Railway,2021-02-01,108.864
EUA,7.3.1,Passenger Transport by Railway,2021-03-01,110.337
EUA,7.3.1,Passenger Transport by Railway,2021-04-01,111.574
EUA,7.3.1,Passenger Transport by Railway,2021-05-01,113.24
EUA,7.3.1,Passenger Transport by Railway,2021-06-01,113.855
EUA,7.3.1,Passenger Transport by Railway,2021-07-01,112.865
EUA,7.3.1,Passenger Transport by Railway,2021-08-01,112.644
EUA,7.3.1,Passenger Transport by Railway,2021-09-01,110.331
EUA,7.3.1,Passenger Transport by Railway,2021-10-01,107.679
EUA,7.3.1,Passenger Transport by Railway,2021-11-01,108.693
EUA,7.3.1,Passenger Transport by Railway,2021-12-01,108.889
EUA,7.3.1,Passenger Transport by Railway,2022-01-01,106.215
EUA,7.3.1,Passenger Transport by Railway,2022-02-01,107.192
EUA,7.3.1,Passenger Transport by Railway,2022-03-01,108.483
EUA,7.3.1,Passenger Transport by Railway,2022-04-01,109.183
EUA,7.3.1,Passenger Transport by Railway,2022-05-01,109.154
EUA,7.3.1,Passenger Transport by Railway,2022-06-01,108.924
EUA,7.3.1,Passenger Transport by Railway,2022-07-01,109.656
EUA,7.3.1,Passenger Transport by Railway,2022-08-01,109.708
EUA,7.3.1,Passenger Transport by Railway,2022-09-01,111.461
EUA,7.3.1,Passenger Transport by Railway,2022-10-01,112.063
EUA,7.3.1,Passenger Transport by Railway,2022-11-01,110.44
EUA,7.3.1,Passenger Transport by Railway,2022-12-01,111.069
EUA,7.3.1,Passenger Transport by Railway,2023-01-01,109.835
EUA,7.3.1,Passenger Transport by Railway,2023-02-01,109.906
EUA,7.3.1,Passenger Transport by Railway,2023-03-01,110.139
EUA,7.3.1,Passenger Transport by Railway,2023-04-01,109.36
EUA,7.3.1,Passenger Transport by Railway,2023-05-01,111.497
EUA,7.3.1,Passenger Transport by Railway,2023-06-01,114.069
EUA,7.3.1,Passenger Transport by Railway,2023-07-01,115.36
EUA,7.3.1,Passenger Transport by Railway,2023-08-01,114.5
EUA,7.3.1,Passenger Transport by Railway,2023-09-01,114.158
EUA,7.3.1,Passenger Transport by Railway,2023-10-01,112.482
EUA,7.3.1,Passenger Transport by Railway,2023-11-01,110.166
EUA,7.3.1,Passenger Transport by Railway,2023-12-01,107.729
EUA,7.3.1,Passenger Transport by Railway,2024-01-01,106.074
EUA,7.3.1,Passenger Transport by Railway,2024-02-01,103.105
EUA,7.3.1,Passenger Transport by Railway,2024-03-01,105.997
EUA,7.3.1,Passenger Transport by Railway,2024-04-01,107.566
EUA,7.3.1,Passenger Transport by Railway,2024-05-01,106.597
EUA,7.3.1,Passenger Transport by Railway,2024-06-01,111.028
EUA,7.3.1,Passenger Transport by Railway,2024-07-01,110.256
EUA,7.3.1,Passenger Transport by Railway,2024-08-01,108.009
EUA,7.3.1,Passenger Transport by Railway,2024-09-01,106.641
EUA,7.3.1,Passenger Transport by Railway,2024-10-01,105.648
EUA,7.3.1,Passenger Transport by Railway,2024-11-01,106.32
EUA,7.3.1,Passenger Transport by Railway,2024-12-01,110.384
EUA,7.3.2,Passenger Transport by Road,2013-12-01,100.0
EUA,7.3.2,Passenger Transport by Road,2014-01-01,99.699
EUA,7.3.2,Passenger Transport by Road,2014-02-01,99.665
EUA,7.3.2,Passenger Transport by Road,2014-03-01,99.993
EUA,7.3.2,Passenger Transport by Road,2014-04-01,100.068
EUA,7.3.2,Passenger Transport by Road,2014-05-01,99.904
EUA,7.3.2,Passenger Transport by Road,2014-06-01,100.229
EUA,7.3.2,Passenger Transport by Road,2014-07-01,100.513
EUA,7.3.2,Passenger Transport by Road,2014-08-01,100.055
EUA,7.3.2,Passenger Transport by Road,2014-09-01,100.263
EUA,7.3.2,Passenger Transport by Road,2014-10-01,100.385
EUA,7.3.2,Passenger Transport by Road,2014-11-01,100.623
EUA,7.3.2,Passenger Transport by Road,2014-12-01,100.762
EUA,7.3.2,Passenger Transport by Road,2015-01-01,100.613
EUA,7.3.2,Passenger Transport by Road,2015-02-01,100.585
EUA,7.3.2,Passenger Transport by Road,2015-03-01,100.622
EUA,7.3.2,Passenger Transport by Road,2015-04-01,101.65
EUA,7.3.2,Passenger Transport by Road,2015-05-01,101.727
EUA,7.3.2,Passenger Transport by Road,2015-06-01,101.996
EUA,7.3.2,Passenger Transport by Road,2015-07-01,102.367
EUA,7.3.2,Passenger Transport by Road,2015-08-01,102.436
EUA,7.3.2,Passenger Transport by Road,2015-09-01,102.313
EUA,7.3.2,Passenger Transport by Road,2015-10-01,102.897
EUA,7.3.2,Passenger Transport by Road,2015-11-01,102.877
EUA,7.3.2,Passenger Transport by Road,2015-12-01,103.205
EUA,7.3.2,Passenger Transport by Road,2016-01-01,103.067
EUA,7.3.2,Passenger Transport by Road,2016-02-01,103.275
EUA,7.3.2,Passenger Transport by Road,2016-03-01,103.408
EUA,7.3.2,Passenger Transport by Road,2016-04-01,103.78
EUA,7.3.2,Passenger Transport by Road,2016-05-01,104.051
EUA,7.3.2,Passenger Transport by Road,2016-06-01,104.085
EUA,7.3.2,Passenger Transport by Road,2016-07-01,104.256
EUA,7.3.2,Passenger Transport by Road,2016-08-01,104.209
EUA,7.3.2,Passenger Transport by Road,2016-09-01,104.204
EUA,7.3.2,Passenger Transport by Road,2016-10-01,104.143
EUA,7.3.2,Passenger Transport by Road,2016-11-01,104.134
EUA,7.3.2,Passenger Transport by Road,2016-12-01,104.196
EUA,7.3.2,Passenger Transport by Road,2017-01-01,104.286
EUA,7.3.2,Passenger Transport by Road,2017-02-01,104.319
EUA,7.3.2,Passenger Transport by Road,2017-03-01,104.504
EUA,7.3.2,Passenger Transport by Road,2017-04-01,105.526
EUA,7.3.2,Passenger Transport by Road,2017-05-01,105.537
EUA,7.3.2,Passenger Transport by Road,2017-06-01,105.888
EUA,7.3.2,Passenger Transport by Road,2017-07-01,104.958
EUA,7.3.2,Passenger Transport by Road,2017-08-01,105.032
EUA,7.3.2,Passenger Transport by Road,2017-09-01,106.508
EUA,7.3.2,Passenger Transport by Road,2017-10-01,106.871
EUA,7.3.2,Passenger Transport by Road,2017-11-01,106.638
EUA,7.3.2,Passenger Transport by Road,2017-12-01,106.614
EUA,7.3.2,Passenger Transport by Road,2018-01-01,106.969
EUA,7.3.2,Passenger Transport by Road,2018-02-01,107.457
EUA,7.3.2,Passenger Transport by Road,2018-03-01,107.604
EUA,7.3.2,Passenger Transport by Road,2018-04-01,107.789
EUA,7.3.2,Passenger Transport by Road,2018-05-01,108.053
EUA,7.3.2,Passenger Transport by Road,2018-06-01,106.999
EUA,7.3.2,Passenger Transport by Road,2018-07-01,107.395
EUA,7.3.2,Passenger Transport by Road,2018-08-01,107.397
EUA,7.3.2,Passenger Transport by Road,2018-09-01,106.926
EUA,7.3.2,Passenger Transport by Road,2018-10-01,106.626
EUA,7.3.2,Passenger Transport by Road,2018-11-01,106.523
EUA,7.3.2,Passenger Transport by Road,2018-12-01,106.839
EUA,7.3.2,Passenger Transport by Road,2019-01-01,106.878
EUA,7.3.2,Passenger Transport by Road,2019-02-01,107.208
EUA,7.3.2,Passenger Transport by Road,2019-03-01,107.784
EUA,7.3.2,Passenger Transport by Road,2019-04-01,107.905
EUA,7.3.2,Passenger Transport by Road,2019-05-01,109.075
EUA,7.3.2,Passenger Transport by Road,2019-06-01,107.919
EUA,7.3.2,Passenger Transport by Road,2019-07-01,108.101
EUA,7.3.2,Passenger Transport by Road,2019-08-01,108.959
EUA,7.3.2,Passenger Transport by Road,2019-09-01,108.351
EUA,7.3.2,Passenger Transport by Road,2019-10-01,108.381
EUA,7.3.2,Passenger Transport by Road,2019-11-01,108.78
EUA,7.3.2,Passenger Transport by Road,2019-12-01,107.555
EUA,7.3.2,Passenger Transport by Road,2020-01-01,107.934
EUA,7.3.2,Passenger Transport by Road,2020-02-01,108.317
EUA,7.3.2,Passenger Transport by Road,2020-03-01,108.42
EUA,7.3.2,Passenger Transport by Road,2020-04-01,108.342
EUA,7.3.2,Passenger Transport by Road,2020-05-01,106.552
EUA,7.3.2,Passenger Transport by Road,2020-06-01,106.066
EUA,7.3.2,Passenger Transport by Road,2020-07-01,105.88
EUA,7.3.2,Passenger Transport by Road,2020-08-01,98.771
EUA,7.3.2,Passenger Transport by Road,2020-09-01,107.432
EUA,7.3.2,Passenger Transport by Road,2020-10-01,103.152
EUA,7.3.2,Passenger Transport by Road,2020-11-01,103.016
EUA,7.3.2,Passenger Transport by Road,2020-12-01,102.877
EUA,7.3.2,Passenger Transport by Road,2021-01-01,103.038
EUA,7.3.2,Passenger Transport by Road,2021-02-01,105.751
EUA,7.3.2,Passenger Transport by Road,2021-03-01,107.026
EUA,7.3.2,Passenger Transport by Road,2021-04-01,109.008
EUA,7.3.2,Passenger Transport by Road,2021-05-01,108.614
EUA,7.3.2,Passenger Transport by Road,2021-06-01,110.299
EUA,7.3.2,Passenger Transport by Road,2021-07-01,111.137
EUA,7.3.2,Passenger Transport by Road,2021-08-01,109.56
EUA,7.3.2,Passenger Transport by Road,2021-09-01,107.435
EUA,7.3.2,Passenger Transport by Road,2021-10-01,107.018
EUA,7.3.2,Passenger Transport by Road,2021-11-01,108.124
EUA,7.3.2,Passenger Transport by Road,2021-12-01,109.042
EUA,7.3.2,Passenger Transport by Road,2022-01-01,108.306
EUA,7.3.2,Passenger Transport by Road,2022-02-01,109.454
EUA,7.3.2,Passenger Transport by Road,2022-03-01,111.147
EUA,7.3.2,Passenger Transport by Road,2022-04-01,111.587
EUA,7.3.2,Passenger Transport by Road,2022-05-01,112.097
EUA,7.3.2,Passenger Transport by Road,2022-06-01,112.737
EUA,7.3.2,Passenger Transport by Road,2022-07-01,113.125
EUA,7.3.2,Passenger Transport by Road,2022-08-01,112.386
EUA,7.3.2,Passenger Transport by Road,2022-09-01,112.428
EUA,7.3.2,Passenger Transport by Road,2022-10-01,111.57
EUA,7.3.2,Passenger Transport by Road,2022-11-01,111.492
EUA,7.3.2,Passenger Transport by Road,2022-12-01,113.149
EUA,7.3.2,Passenger Transport by Road,2023-01-01,112.267
EUA,7.3.2,Passenger Transport by Road,2023-02-01,113.349
EUA,7.3.2,Passenger Transport by Road,2023-03-01,113.732
EUA,7.3.2,Passenger Transport by Road,2023-04-01,113.85
EUA,7.3.2,Passenger Transport by Road,2023-05-01,115.842
EUA,7.3.2,Passenger Transport by Road,2023-06-01,116.477
EUA,7.3.2,Passenger Transport by Road,2023-07-01,116.071
EUA,7.3.2,Passenger Transport by Road,2023-08-01,114.896
EUA,7.3.2,Passenger Transport by Road,2023-09-01,114.768
EUA,7.3.2,Passenger Transport by Road,2023-10-01,114.127
EUA,7.3.2,Passenger Transport by Road,2023-11-01,112.108
EUA,7.3.2,Passenger Transport by Road,2023-12-01,109.096
EUA,7.3.2,Passenger Transport by Road,2024-01-01,108.307
EUA,7.3.2,Passenger Transport by Road,2024-02-01,107.954
EUA,7.3.2,Passenger Transport by Road,2024-03-01,110.356
EUA,7.3.2,Passenger Transport by Road,2024-04-01,112.814
EUA,7.3.2,Passenger Transport by Road,2024-05-01,112.3
EUA,7.3.2,Passenger Transport by Road,2024-06-01,113.909
EUA,7.3.2,Passenger Transport by Road,2024-07-01,111.149
EUA,7.3.2,Passenger Transport by Road,2024-08-01,109.408
EUA,7.3.2,Passenger Transport by Road,2024-09-01,109.306
EUA,7.3.2,Passenger Transport by Road,2024-10-01,110.659
EUA,7.3.2,Passenger Transport by Road,2024-11-01,110.633
EUA,7.3.2,Passenger Transport by Road,2024-12-01,112.55
EUA,7.3.3,Passenger Transport by Air,2013-12-01,100.0
EUA,7.3.3,Passenger Transport by Air,2014-01-01,96.841
EUA,7.3.3,Passenger Transport by Air,2014-02-01,98.78
EUA,7.3.3,Passenger Transport by Air,2014-03-01,100.368
EUA,7.3.3,Passenger Transport by Air,2014-04-01,105.633
EUA,7.3.3,Passenger Transport by Air,2014-05-01,113.47
EUA,7.3.3,Passenger Transport by Air,2014-06-01,113.719
EUA,7.3.3,Passenger Transport by Air,2014-07-01,104.532
EUA,7.3.3,Passenger Transport by Air,2014-08-01,98.094
EUA,7.3.3,Passenger Transport by Air,2014-09-01,97.028
EUA,7.3.3,Passenger Transport by Air,2014-10-01,100.037
EUA,7.3.3,Passenger Transport by Air,2014-11-01,101.503
EUA,7.3.3,Passenger Transport by Air,2014-12-01,95.295
EUA,7.3.3,Passenger Transport by Air,2015-01-01,93.96
EUA,7.3.3,Passenger Transport by Air,2015-02-01,95.777
EUA,7.3.3,Passenger Transport by Air,2015-03-01,95.357
EUA,7.3.3,Passenger Transport by Air,2015-04-01,97.76
EUA,7.3.3,Passenger Transport by Air,2015-05-01,105.989
EUA,7.3.3,Passenger Transport by Air,2015-06-01,107.831
EUA,7.3.3,Passenger Transport by Air,2015-07-01,98.663
EUA,7.3.3,Passenger Transport by Air,2015-08-01,92.174
EUA,7.3.3,Passenger Transport by Air,2015-09-01,91.221
EUA,7.3.3,Passenger Transport by Air,2015-10-01,94.851
EUA,7.3.3,Passenger Transport by Air,2015-11-01,97.607
EUA,7.3.3,Passenger Transport by Air,2015-12-01,92.469
EUA,7.3.3,Passenger Transport by Air,2016-01-01,92.362
EUA,7.3.3,Passenger Transport by Air,2016-02-01,94.083
EUA,7.3.3,Passenger Transport by Air,2016-03-01,94.104
EUA,7.3.3,Passenger Transport by Air,2016-04-01,98.194
EUA,7.3.3,Passenger Transport by Air,2016-05-01,102.717
EUA,7.3.3,Passenger Transport by Air,2016-06-01,102.764
EUA,7.3.3,Passenger Transport by Air,2016-07-01,94.076
EUA,7.3.3,Passenger Transport by Air,2016-08-01,88.946
EUA,7.3.3,Passenger Transport by Air,2016-09-01,88.753
EUA,7.3.3,Passenger Transport by Air,2016-10-01,89.902
EUA,7.3.3,Passenger Transport by Air,2016-11-01,91.176
EUA,7.3.3,Passenger Transport by Air,2016-12-01,88.082
EUA,7.3.3,Passenger Transport by Air,2017-01-01,89.345
EUA,7.3.3,Passenger Transport by Air,2017-02-01,93.088
EUA,7.3.3,Passenger Transport by Air,2017-03-01,94.105
EUA,7.3.3,Passenger Transport by Air,2017-04-01,97.573
EUA,7.3.3,Passenger Transport by Air,2017-05-01,99.755
EUA,7.3.3,Passenger Transport by Air,2017-06-01,98.353
EUA,7.3.3,Passenger Transport by Air,2017-07-01,91.69
EUA,7.3.3,Passenger Transport by Air,2017-08-01,86.066
EUA,7.3.3,Passenger Transport by Air,2017-09-01,85.994
EUA,7.3.3,Passenger Transport by Air,2017-10-01,88.7
EUA,7.3.3,Passenger Transport by Air,2017-11-01,88.923
EUA,7.3.3,Passenger Transport by Air,2017-12-01,84.601
EUA,7.3.3,Passenger Transport by Air,2018-01-01,84.783
EUA,7.3.3,Passenger Transport by Air,2018-02-01,88.027
EUA,7.3.3,Passenger Transport by Air,2018-03-01,88.76
EUA,7.3.3,Passenger Transport by Air,2018-04-01,90.862
EUA,7.3.3,Passenger Transport by Air,2018-05-01,93.181
EUA,7.3.3,Passenger Transport by Air,2018-06-01,92.561
EUA,7.3.3,Passenger Transport by Air,2018-07-01,87.935
EUA,7.3.3,Passenger Transport by Air,2018-08-01,84.909
EUA,7.3.3,Passenger Transport by Air,2018-09-01,85.679
EUA,7.3.3,Passenger Transport by Air,2018-10-01,88.245
EUA,7.3.3,Passenger Transport by Air,2018-11-01,87.542
EUA,7.3.3,Passenger Transport by Air,2018-12-01,82.392
EUA,7.3.3,Passenger Transport by Air,2019-01-01,82.439
EUA,7.3.3,Passenger Transport by Air,2019-02-01,85.962
EUA,7.3.3,Passenger Transport by Air,2019-03-01,86.177
EUA,7.3.3,Passenger Transport by Air,2019-04-01,89.187
EUA,7.3.3,Passenger Transport by Air,2019-05-01,94.001
EUA,7.3.3,Passenger Transport by Air,2019-06-01,93.91
EUA,7.3.3,Passenger Transport by Air,2019-07-01,89.037
EUA,7.3.3,Passenger Transport by Air,2019-08-01,86.228
EUA,7.3.3,Passenger Transport by Air,2019-09-01,87.322
EUA,7.3.3,Passenger Transport by Air,2019-10-01,89.553
EUA,7.3.3,Passenger Transport by Air,2019-11-01,89.262
EUA,7.3.3,Passenger Transport by Air,2019-12-01,83.759
EUA,7.3.3,Passenger Transport by Air,2020-01-01,84.685
EUA,7.3.3,Passenger Transport by Air,2020-02-01,87.984
EUA,7.3.3,Passenger Transport by Air,2020-03-01,77.024
EUA,7.3.3,Passenger Transport by Air,2020-04-01,67.476
EUA,7.3.3,Passenger Transport by Air,2020-05-01,66.915
EUA,7.3.3,Passenger Transport by Air,2020-06-01,68.38
EUA,7.3.3,Passenger Transport by Air,2020-07-01,67.955
EUA,7.3.3,Passenger Transport by Air,2020-08-01,66.2
EUA,7.3.3,Passenger Transport by Air,2020-09-01,65.513
EUA,7.3.3,Passenger Transport by Air,2020-10-01,71.675
EUA,7.3.3,Passenger Transport by Air,2020-11-01,74.119
EUA,7.3.3,Passenger Transport by Air,2020-12-01,68.353
EUA,7.3.3,Passenger Transport by Air,2021-01-01,66.641
EUA,7.3.3,Passenger Transport by Air,2021-02-01,65.439
EUA,7.3.3,Passenger Transport by Air,2021-03-01,65.416
EUA,7.3.3,Passenger Transport by Air,2021-04-01,73.984
EUA,7.3.3,Passenger Transport by Air,2021-05-01,83.029
EUA,7.3.3,Passenger Transport by Air,2021-06-01,85.177
EUA,7.3.3,Passenger Transport by Air,2021-07-01,80.84
EUA,7.3.3,Passenger Transport by Air,2021-08-01,70.642
EUA,7.3.3,Passenger Transport by Air,2021-09-01,66.027
EUA,7.3.3,Passenger Transport by Air,2021-10-01,68.356
EUA,7.3.3,Passenger Transport by Air,2021-11-01,71.398
EUA,7.3.3,Passenger Transport by Air,2021-12-01,69.339
EUA,7.3.3,Passenger Transport by Air,2022-01-01,69.939
EUA,7.3.3,Passenger Transport by Air,2022-02-01,73.743
EUA,7.3.3,Passenger Transport by Air,2022-03-01,80.865
EUA,7.3.3,Passenger Transport by Air,2022-04-01,98.603
EUA,7.3.3,Passenger Transport by Air,2022-05-01,114.435
EUA,7.3.3,Passenger Transport by Air,2022-06-01,114.186
EUA,7.3.3,Passenger Transport by Air,2022-07-01,103.269
EUA,7.3.3,Passenger Transport by Air,2022-08-01,94.212
EUA,7.3.3,Passenger Transport by Air,2022-09-01,94.345
EUA,7.3.3,Passenger Transport by Air,2022-10-01,97.673
EUA,7.3.3,Passenger Transport by Air,2022-11-01,97.114
EUA,7.3.3,Passenger Transport by Air,2022-12-01,89.104
EUA,7.3.3,Passenger Transport by Air,2023-01-01,87.814
EUA,7.3.3,Passenger Transport by Air,2023-02-01,93.318
EUA,7.3.3,Passenger Transport by Air,2023-03-01,95.175
EUA,7.3.3,Passenger Transport by Air,2023-04-01,97.743
EUA,7.3.3,Passenger Transport by Air,2023-05-01,99.05
EUA,7.3.3,Passenger Transport by Air,2023-06-01,92.657
EUA,7.3.3,Passenger Transport by Air,2023-07-01,84.069
EUA,7.3.3,Passenger Transport by Air,2023-08-01,81.693
EUA,7.3.3,Passenger Transport by Air,2023-09-01,81.682
EUA,7.3.3,Passenger Transport by Air,2023-10-01,84.778
EUA,7.3.3,Passenger Transport by Air,2023-11-01,85.356
EUA,7.3.3,Passenger Transport by Air,2023-12-01,80.752
EUA,7.3.3,Passenger Transport by Air,2024-01-01,82.165
EUA,7.3.3,Passenger Transport by Air,2024-02-01,87.589
EUA,7.3.3,Passenger Transport by Air,2024-03-01,88.428
EUA,7.3.3,Passenger Transport by Air,2024-04-01,92.068
EUA,7.3.3,Passenger Transport by Air,2024-05-01,93.232
EUA,7.3.3,Passenger Transport by Air,2024-06-01,87.957
EUA,7.3.3,Passenger Transport by Air,2024-07-01,81.706
EUA,7.3.3,Passenger Transport by Air,2024-08-01,80.64
EUA,7.3.3,Passenger Transport by Air,2024-09-01,82.969
EUA,7.3.3,Passenger Transport by Air,2024-10-01,88.248
EUA,7.3.3,Passenger Transport by Air,2024-11-01,89.375
EUA,7.3.3,Passenger Transport by Air,2024-12-01,87.126
EUA,7.3.4,Passenger Transport by Sea and Inland Waterway,2013-12-01,100.0
EUA,7.3.4,Passenger Transport by Sea and Inland Waterway,2014-01-01,98.147
EUA,7.3.4,Passenger Transport by Sea and Inland Waterway,2014-02-01,96.583
EUA,7.3.4,Passenger Transport by Sea and Inland Waterway,2014-03-01,98.474
EUA,7.3.4,Passenger Transport by Sea and Inland Waterway,2014-04-01,98.566
EUA,7.3.4,Passenger Transport by Sea and Inland Waterway,2014-05-01,97.51
EUA,7.3.4,Passenger Transport by Sea and Inland Waterway,2014-06-01,99.235
EUA,7.3.4,Passenger Transport by Sea and Inland Waterway,2014-07-01,99.525
EUA,7.3.4,Passenger Transport by Sea and Inland Waterway,2014-08-01,97.336
EUA,7.3.4,Passenger Transport by Sea and Inland Waterway,2014-09-01,96.144
EUA,7.3.4,Passenger Transport by Sea and Inland Waterway,2014-10-01,96.161
EUA,7.3.4,Passenger Transport by Sea and Inland Waterway,2014-11-01,97.837
EUA,7.3.4,Passenger Transport by Sea and Inland Waterway,2014-12-01,99.343
EUA,7.3.4,Passenger Transport by Sea and Inland Waterway,2015-01-01,96.582
EUA,7.3.4,Passenger Transport by Sea and Inland Waterway,2015-02-01,94.509
EUA,7.3.4,Passenger Transport by Sea and Inland Waterway,2015-03-01,95.229
EUA,7.3.4,Passenger Transport by Sea and Inland Waterway,2015-04-01,95.574
EUA,7.3.4,Passenger Transport by Sea and Inland Waterway,2015-05-01,95.597
EUA,7.3.4,Passenger Transport by Sea and Inland Waterway,2015-06-01,96.781
EUA,7.3.4,Passenger Transport by Sea and Inland Waterway,2015-07-01,99.825
EUA,7.3.4,Passenger Transport by Sea and Inland Waterway,2015-08-01,100.265
EUA,7.3.4,Passenger Transport by Sea and Inland Waterway,2015-09-01,99.486
EUA,7.3.4,Passenger Transport by Sea and Inland Waterway,2015-10-01,100.124
EUA,7.3.4,Passenger Transport by Sea and Inland Waterway,2015-11-01,98.981
EUA,7.3.4,Passenger Transport by Sea and Inland Waterway,2015-12-01,101.49
EUA,7.3.4,Passenger Transport by Sea and Inland Waterway,2016-01-01,99.679
EUA,7.3.4,Passenger Transport by Sea and Inland Waterway,2016-02-01,98.539
EUA,7.3.4,Passenger Transport by Sea and Inland Waterway,2016-03-01,99.587
EUA,7.3.4,Passenger Transport by Sea and Inland Waterway,2016-04-01,99.709
EUA,7.3.4,Passenger Transport by Sea and Inland Waterway,2016-05-01,101.908
EUA,7.3.4,Passenger Transport by Sea and Inland Waterway,2016-06-01,101.995
EUA,7.3.4,Passenger Transport by Sea and Inland Waterway,2016-07-01,102.701
EUA,7.3.4,Passenger Transport by Sea and Inland Waterway,2016-08-01,103.14
EUA,7.3.4,Passenger Transport by Sea and Inland Waterway,2016-09-01,102.026
EUA,7.3.4,Passenger Transport by Sea and Inland Waterway,2016-10-01,101.211
EUA,7.3.4,Passenger Transport by Sea and Inland Waterway,2016-11-01,102.329
EUA,7.3.4,Passenger Transport by Sea and Inland Waterway,2016-12-01,103.413
EUA,7.3.4,Passenger Transport by Sea and Inland Waterway,2017-01-01,102.149
EUA,7.3.4,Passenger Transport by Sea and Inland Waterway,2017-02-01,101.079
EUA,7.3.4,Passenger Transport by Sea and Inland Waterway,2017-03-01,101.918
EUA,7.3.4,Passenger Transport by Sea and Inland Waterway,2017-04-01,102.164
EUA,7.3.4,Passenger Transport by Sea and Inland Waterway,2017-05-01,101.29
EUA,7.3.4,Passenger Transport by Sea and Inland Waterway,2017-06-01,101.401
EUA,7.3.4,Passenger Transport by Sea and Inland Waterway,2017-07-01,103.286
EUA,7.3.4,Passenger Transport by Sea and Inland Waterway,2017-08-01,102.543
EUA,7.3.4,Passenger Transport by Sea and Inland Waterway,2017-09-01,102.486
EUA,7.3.4,Passenger Transport by Sea and Inland Waterway,2017-10-01,103.265
EUA,7.3.4,Passenger Transport by Sea and Inland Waterway,2017-11-01,101.591
EUA,7.3.4,Passenger Transport by Sea and Inland Waterway,2017-12-01,103.424
EUA,7.3.4,Passenger Transport by Sea and Inland Waterway,2018-01-01,103.269
EUA,7.3.4,Passenger Transport by Sea and Inland Waterway,2018-02-01,102.964
EUA,7.3.4,Passenger Transport by Sea and Inland Waterway,2018-03-01,104.173
EUA,7.3.4,Passenger Transport by Sea and Inland Waterway,2018-04-01,104.526
EUA,7.3.4,Passenger Transport by Sea and Inland Waterway,2018-05-01,102.998
EUA,7.3.4,Passenger Transport by Sea and Inland Waterway,2018-06-01,102.742
EUA,7.3.4,Passenger Transport by Sea and Inland Waterway,2018-07-01,104.018
EUA,7.3.4,Passenger Transport by Sea and Inland Waterway,2018-08-01,102.009
EUA,7.3.4,Passenger Transport by Sea and Inland Waterway,2018-09-01,101.361
EUA,7.3.4,Passenger Transport by Sea and Inland Waterway,2018-10-01,100.589
EUA,7.3.4,Passenger Transport by Sea and Inland Waterway,2018-11-01,100.184
EUA,7.3.4,Passenger Transport by Sea and Inland Waterway,2018-12-01,101.836
EUA,7.3.4,Passenger Transport by Sea and Inland Waterway,2019-01-01,100.27
EUA,7.3.4,Passenger Transport by Sea and Inland Waterway,2019-02-01,100.258
EUA,7.3.4,Passenger Transport by Sea and Inland Waterway,2019-03-01,102.365
EUA,7.3.4,Passenger Transport by Sea and Inland Waterway,2019-04-01,103.861
EUA,7.3.4,Passenger Transport by Sea and Inland Waterway,2019-05-01,104.147
EUA,7.3.4,Passenger Transport by Sea and Inland Waterway,2019-06-01,102.407
EUA,7.3.4,Passenger Transport by Sea and Inland Waterway,2019-07-01,101.725
EUA,7.3.4,Passenger Transport by Sea and Inland Waterway,2019-08-01,103.227
EUA,7.3.4,Passenger Transport by Sea and Inland Waterway,2019-09-01,102.879
EUA,7.3.4,Passenger Transport by Sea and Inland Waterway,2019-10-01,100.497
EUA,7.3.4,Passenger Transport by Sea and Inland Waterway,2019-11-01,100.819
EUA,7.3.4,Passenger Transport by Sea and Inland Waterway,2019-12-01,100.037
EUA,7.3.4,Passenger Transport by Sea and Inland Waterway,2020-01-01,99.374
EUA,7.3.4,Passenger Transport by Sea and Inland Waterway,2020-02-01,98.823
EUA,7.3.4,Passenger Transport by Sea and Inland Waterway,2020-03-01,96.135
EUA,7.3.4,Passenger Transport by Sea and Inland Waterway,2020-04-01,96.505
EUA,7.3.4,Passenger Transport by Sea and Inland Waterway,2020-05-01,95.897
EUA,7.3.4,Passenger Transport by Sea and Inland Waterway,2020-06-01,94.527
EUA,7.3.4,Passenger Transport by Sea and Inland Waterway,2020-07-01,95.272
EUA,7.3.4,Passenger Transport by Sea and Inland Waterway,2020-08-01,96.182
EUA,7.3.4,Passenger Transport by Sea and Inland Waterway,2020-09-01,96.571
EUA,7.3.4,Passenger Transport by Sea and Inland Waterway,2020-10-01,96.846
EUA,7.3.4,Passenger Transport by Sea and Inland Waterway,2020-11-01,99.895
EUA,7.3.4,Passenger Transport by Sea and Inland Waterway,2020-12-01,102.547
EUA,7.3.4,Passenger Transport by Sea and Inland Waterway,2021-01-01,102.235
EUA,7.3.4,Passenger Transport by Sea and Inland Waterway,2021-02-01,102.412
EUA,7.3.4,Passenger Transport by Sea and Inland Waterway,2021-03-01,103.797
EUA,7.3.4,Passenger Transport by Sea and Inland Waterway,2021-04-01,104.962
EUA,7.3.4,Passenger Transport by Sea and Inland Waterway,2021-05-01,106.529
EUA,7.3.4,Passenger Transport by Sea and Inland Waterway,2021-06-01,107.107
EUA,7.3.4,Passenger Transport by Sea and Inland Waterway,2021-07-01,106.176
EUA,7.3.4,Passenger Transport by Sea and Inland Waterway,2021-08-01,105.967
EUA,7.3.4,Passenger Transport by Sea and Inland Waterway,2021-09-01,103.792
EUA,7.3.4,Passenger Transport by Sea and Inland Waterway,2021-10-01,101.297
EUA,7.3.4,Passenger Transport by Sea and Inland Waterway,2021-11-01,102.251
EUA,7.3.4,Passenger Transport by Sea and Inland Waterway,2021-12-01,102.435
EUA,7.3.4,Passenger Transport by Sea and Inland Waterway,2022-01-01,99.92
EUA,7.3.4,Passenger Transport by Sea and Inland Waterway,2022-02-01,100.839
EUA,7.3.4,Passenger Transport by Sea and Inland Waterway,2022-03-01,102.054
EUA,7.3.4,Passenger Transport by Sea and Inland Waterway,2022-04-01,102.712
EUA,7.3.4,Passenger Transport by Sea and Inland Waterway,2022-05-01,102.685
EUA,7.3.4,Passenger Transport by Sea and Inland Waterway,2022-06-01,102.468
EUA,7.3.4,Passenger Transport by Sea and Inland Waterway,2022-07-01,103.157
EUA,7.3.4,Passenger Transport by Sea and Inland Waterway,2022-08-01,103.206
EUA,7.3.4,Passenger Transport by Sea and Inland Waterway,2022-09-01,104.855
EUA,7.3.4,Passenger Transport by Sea and Inland Waterway,2022-10-01,105.421
EUA,7.3.4,Passenger Transport by Sea and Inland Waterway,2022-11-01,103.894
EUA,7.3.4,Passenger Transport by Sea and Inland Waterway,2022-12-01,104.486
EUA,7.3.4,Passenger Transport by Sea and Inland Waterway,2023-01-01,103.326
EUA,7.3.4,Passenger Transport by Sea and Inland Waterway,2023-02-01,103.392
EUA,7.3.4,Passenger Transport by Sea and Inland Waterway,2023-03-01,103.611
EUA,7.3.4,Passenger Transport by Sea and Inland Waterway,2023-04-01,102.878
EUA,7.3.4,Passenger Transport by Sea and Inland Waterway,2023-05-01,104.889
EUA,7.3.4,Passenger Transport by Sea and Inland Waterway,2023-06-01,107.308
EUA,7.3.4,Passenger Transport by Sea and Inland Waterway,2023-07-01,108.523
EUA,7.3.4,Passenger Transport by Sea and Inland Waterway,2023-08-01,107.714
EUA,7.3.4,Passenger Transport by Sea and Inland Waterway,2023-09-01,107.392
EUA,7.3.4,Passenger Transport by Sea and Inland Waterway,2023-10-01,105.815
EUA,7.3.4,Passenger Transport by Sea and Inland Waterway,2023-11-01,103.637
EUA,7.3.4,Passenger Transport by Sea and Inland Waterway,2023-12-01,101.345
EUA,7.3.4,Passenger Transport by Sea and Inland Waterway,2024-01-01,99.787
EUA,7.3.4,Passenger Transport by Sea and Inland Waterway,2024-02-01,96.994
EUA,7.3.4,Passenger Transport by Sea and Inland Waterway,2024-03-01,99.715
EUA,7.3.4,Passenger Transport by Sea and Inland Waterway,2024-04-01,101.191
EUA,7.3.4,Passenger Transport by Sea and Inland Waterway,2024-05-01,100.279
EUA,7.3.4,Passenger Transport by Sea and Inland Waterway,2024-06-01,104.447
EUA,7.3.4,Passenger Transport by Sea and Inland Waterway,2024-07-01,103.722
EUA,7.3.4,Passenger Transport by Sea and Inland Waterway,2024-08-01,101.607
EUA,7.3.4,Passenger Transport by Sea and Inland Waterway,2024-09-01,100.321
EUA,7.3.4,Passenger Transport by Sea and Inland Waterway,2024-10-01,99.387
EUA,7.3.4,Passenger Transport by Sea and Inland Waterway,2024-11-01,100.018
EUA,7.3.4,Passenger Transport by Sea and Inland Waterway,2024-12-01,103.842
EUA,7.3.6,Other Purchased Transport Services,2013-12-01,100.0
EUA,7.3.6,Other Purchased Transport Services,2014-01-01,100.257
EUA,7.3.6,Other Purchased Transport Services,2014-02-01,99.609
EUA,7.3.6,Other Purchased Transport Services,2014-03-01,100.1
EUA,7.3.6,Other Purchased Transport Services,2014-04-01,100.729
EUA,7.3.6,Other Purchased Transport Services,2014-05-01,101.812
EUA,7.3.6,Other Purchased Transport Services,2014-06-01,103.158
EUA,7.3.6,Other Purchased Transport Services,2014-07-01,103.98
EUA,7.3.6,Other Purchased Transport Services,2014-08-01,105.419
EUA,7.3.6,Other Purchased Transport Services,2014-09-01,105.087
EUA,7.3.6,Other Purchased Transport Services,2014-10-01,105.416
EUA,7.3.6,Other Purchased Transport Services,2014-11-01,104.593
EUA,7.3.6,Other Purchased Transport Services,2014-12-01,102.082
EUA,7.3.6,Other Purchased Transport Services,2015-01-01,103.19
EUA,7.3.6,Other Purchased Transport Services,2015-02-01,104.81
EUA,7.3.6,Other Purchased Transport Services,2015-03-01,104.777
EUA,7.3.6,Other Purchased Transport Services,2015-04-01,105.904
EUA,7.3.6,Other Purchased Transport Services,2015-05-01,107.289
EUA,7.3.6,Other Purchased Transport Services,2015-06-01,110.115
EUA,7.3.6,Other Purchased Transport Services,2015-07-01,110.808
EUA,7.3.6,Other Purchased Transport Services,2015-08-01,112.424
EUA,7.3.6,Other Purchased Transport Services,2015-09-01,111.889
EUA,7.3.6,Other Purchased Transport Services,2015-10-01,112.187
EUA,7.3.6,Other Purchased Transport Services,2015-11-01,111.997
EUA,7.3.6,Other Purchased Transport Services,2015-12-01,115.222
EUA,7.3.6,Other Purchased Transport Services,2016-01-01,114.165
EUA,7.3.6,Other Purchased Transport Services,2016-02-01,117.699
EUA,7.3.6,Other Purchased Transport Services,2016-03-01,117.795
EUA,7.3.6,Other Purchased Transport Services,2016-04-01,116.693
EUA,7.3.6,Other Purchased Transport Services,2016-05-01,118.351
EUA,7.3.6,Other Purchased Transport Services,2016-06-01,123.475
EUA,7.3.6,Other Purchased Transport Services,2016-07-01,124.45
EUA,7.3.6,Other Purchased Transport Services,2016-08-01,123.466
EUA,7.3.6,Other Purchased Transport Services,2016-09-01,122.357
EUA,7.3.6,Other Purchased Transport Services,2016-10-01,120.678
EUA,7.3.6,Other Purchased Transport Services,2016-11-01,121.233
EUA,7.3.6,Other Purchased Transport Services,2016-12-01,122.775
EUA,7.3.6,Other Purchased Transport Services,2017-01-01,120.937
EUA,7.3.6,Other Purchased Transport Services,2017-02-01,117.674
EUA,7.3.6,Other Purchased Transport Services,2017-03-01,117.381
EUA,7.3.6,Other Purchased Transport Services,2017-04-01,118.273
EUA,7.3.6,Other Purchased Transport Services,2017-05-01,120.855
EUA,7.3.6,Other Purchased Transport Services,2017-06-01,117.392
EUA,7.3.6,Other Purchased Transport Services,2017-07-01,119.703
EUA,7.3.6,Other Purchased Transport Services,2017-08-01,121.695
EUA,7.3.6,Other Purchased Transport Services,2017-09-01,121.495
EUA,7.3.6,Other Purchased Transport Services,2017-10-01,127.749
EUA,7.3.6,Other Purchased Transport Services,2017-11-01,128.823
EUA,7.3.6,Other Purchased Transport Services,2017-12-01,126.89
EUA,7.3.6,Other Purchased Transport Services,2018-01-01,126.19
EUA,7.3.6,Other Purchased Transport Services,2018-02-01,128.269
EUA,7.3.6,Other Purchased Transport Services,2018-03-01,127.215
EUA,7.3.6,Other Purchased Transport Services,2018-04-01,126.35
EUA,7.3.6,Other Purchased Transport Services,2018-05-01,127.529
EUA,7.3.6,Other Purchased Transport Services,2018-06-01,128.661
EUA,7.3.6,Other Purchased Transport Services,2018-07-01,130.024
EUA,7.3.6,Other Purchased Transport Services,2018-08-01,129.641
EUA,7.3.6,Other Purchased Transport Services,2018-09-01,129.673
EUA,7.3.6,Other Purchased Transport Services,2018-10-01,130.087
EUA,7.3.6,Other Purchased Transport Services,2018-11-01,129.69
EUA,7.3.6,Other Purchased Transport Services,2018-12-01,131.67
EUA,7.3.6,Other Purchased Transport Services,2019-01-01,132.38
EUA,7.3.6,Other Purchased Transport Services,2019-02-01,130.858
EUA,7.3.6,Other Purchased Transport Services,2019-03-01,131.618
EUA,7.3.6,Other Purchased Transport Services,2019-04-01,132.628
EUA,7.3.6,Other Purchased Transport Services,2019-05-01,134.105
EUA,7.3.6,Other Purchased Transport Services,2019-06-01,136.024
EUA,7.3.6,Other Purchased Transport Services,2019-07-01,138.918
EUA,7.3.6,Other Purchased Transport Services,2019-08-01,139.876
EUA,7.3.6,Other Purchased Transport Services,2019-09-01,137.941
EUA,7.3.6,Other Purchased Transport Services,2019-10-01,134.712
EUA,7.3.6,Other Purchased Transport Services,2019-11-01,131.505
EUA,7.3.6,Other Purchased Transport Services,2019-12-01,132.224
EUA,7.3.6,Other Purchased Transport Services,2020-01-01,133.922
EUA,7.3.6,Other Purchased Transport Services,2020-02-01,135.155
EUA,7.3.6,Other Purchased Transport Services,2020-03-01,134.612
EUA,7.3.6,Other Purchased Transport Services,2020-04-01,134.446
EUA,7.3.6,Other Purchased Transport Services,2020-05-01,131.171
EUA,7.3.6,Other Purchased Transport Services,2020-06-01,132.56
EUA,7.3.6,Other Purchased Transport Services,2020-07-01,135.674
EUA,7.3.6,Other Purchased Transport Services,2020-08-01,139.193
EUA,7.3.6,Other Purchased Transport Services,2020-09-01,141.807
EUA,7.3.6,Other Purchased Transport Services,2020-10-01,140.514
EUA,7.3.6,Other Purchased Transport Services,2020-11-01,140.881
EUA,7.3.6,Other Purchased Transport Services,2020-12-01,140.129
EUA,7.3.6,Other Purchased Transport Services,2021-01-01,142.943
EUA,7.3.6,Other Purchased Transport Services,2021-02-01,143.914
EUA,7.3.6,Other Purchased Transport Services,2021-03-01,141.788
EUA,7.3.6,Other Purchased Transport Services,2021-04-01,144.457
EUA,7.3.6,Other Purchased Transport Services,2021-05-01,152.43
EUA,7.3.6,Other Purchased Transport Services,2021-06-01,155.515
EUA,7.3.6,Other Purchased Transport Services,2021-07-01,153.756
EUA,7.3.6,Other Purchased Transport Services,2021-08-01,156.387
EUA,7.3.6,Other Purchased Transport Services,2021-09-01,155.119
EUA,7.3.6,Other Purchased Transport Services,2021-10-01,151.649
EUA,7.3.6,Other Purchased Transport Services,2021-11-01,151.387
EUA,7.3.6,Other Purchased Transport Services,2021-12-01,153.059
EUA,7.3.6,Other Purchased Transport Services,2022-01-01,153.01
EUA,7.3.6,Other Purchased Transport Services,2022-02-01,152.079
EUA,7.3.6,Other Purchased Transport Services,2022-03-01,151.513
EUA,7.3.6,Other Purchased Transport Services,2022-04-01,154.736
EUA,7.3.6,Other Purchased Transport Services,2022-05-01,158.455
EUA,7.3.6,Other Purchased Transport Services,2022-06-01,159.724
EUA,7.3.6,Other Purchased Transport Services,2022-07-01,162.139
EUA,7.3.6,Other Purchased Transport Services,2022-08-01,162.116
EUA,7.3.6,Other Purchased Transport Services,2022-09-01,158.493
EUA,7.3.6,Other Purchased Transport Services,2022-10-01,158.635
EUA,7.3.6,Other Purchased Transport Services,2022-11-01,156.7
EUA,7.3.6,Other Purchased Transport Services,2022-12-01,154.669
EUA,7.3.6,Other Purchased Transport Services,2023-01-01,155.485
EUA,7.3.6,Other Purchased Transport Services,2023-02-01,150.557
EUA,7.3.6,Other Purchased Transport Services,2023-03-01,152.791
EUA,7.3.6,Other Purchased Transport Services,2023-04-01,154.274
EUA,7.3.6,Other Purchased Transport Services,2023-05-01,157.103
EUA,7.3.6,Other Purchased Transport Services,2023-06-01,160.112
EUA,7.3.6,Other Purchased Transport Services,2023-07-01,160.847
EUA,7.3.6,Other Purchased Transport Services,2023-08-01,157.732
EUA,7.3.6,Other Purchased Transport Services,2023-09-01,157.435
EUA,7.3.6,Other Purchased Transport Services,2023-10-01,152.554
EUA,7.3.6,Other Purchased Transport Services,2023-11-01,152.501
EUA,7.3.6,Other Purchased Transport Services,2023-12-01,149.418
EUA,7.3.6,Other Purchased Transport Services,2024-01-01,147.851
EUA,7.3.6,Other Purchased Transport Services,2024-02-01,150.86
EUA,7.3.6,Other Purchased Transport Services,2024-03-01,151.971
EUA,7.3.6,Other Purchased Transport Services,2024-04-01,155.2
EUA,7.3.6,Other Purchased Transport Services,2024-05-01,155.209
EUA,7.3.6,Other Purchased Transport Services,2024-06-01,157.717
EUA,7.3.6,Other Purchased Transport Services,2024-07-01,158.987
EUA,7.3.6,Other Purchased Transport Services,2024-08-01,157.653
EUA,7.3.6,Other Purchased Transport Services,2024-09-01,157.499
EUA,7.3.6,Other Purchased Transport Services,2024-10-01,160.153
EUA,7.3.6,Other Purchased Transport Services,2024-11-01,159.474
EUA,7.3.6,Other Purchased Transport Services,2024-12-01,157.333
EUA,8,Communication,2013-12-01,100.0
EUA,8,Communication,2014-01-01,100.346
EUA,8,Communication,2014-02-01,100.262
EUA,8,Communication,2014-03-01,100.312
EUA,8,Communication,2014-04-01,100.456
EUA,8,Communication,2014-05-01,100.385
EUA,8,Communication,2014-06-01,100.325
EUA,8,Communication,2014-07-01,100.376
EUA,8,Communication,2014-08-01,100.343
EUA,8,Communication,2014-09-01,100.264
EUA,8,Communication,2014-10-01,99.37
EUA,8,Communication,2014-11-01,98.962
EUA,8,Communication,2014-12-01,98.739
EUA,8,Communication,2015-01-01,98.761
EUA,8,Communication,2015-02-01,98.664
EUA,8,Communication,2015-03-01,98.45
EUA,8,Communication,2015-04-01,98.4
EUA,8,Communication,2015-05-01,97.895
EUA,8,Communication,2015-06-01,97.853
EUA,8,Communication,2015-07-01,97.775
EUA,8,Communication,2015-08-01,97.937
EUA,8,Communication,2015-09-01,98.163
EUA,8,Communication,2015-10-01,98.427
EUA,8,Communication,2015-11-01,98.724
EUA,8,Communication,2015-12-01,98.688
EUA,8,Communication,2016-01-01,98.972
EUA,8,Communication,2016-02-01,98.616
EUA,8,Communication,2016-03-01,98.726
EUA,8,Communication,2016-04-01,98.601
EUA,8,Communication,2016-05-01,98.222
EUA,8,Communication,2016-06-01,98.009
EUA,8,Communication,2016-07-01,97.697
EUA,8,Communication,2016-08-01,97.764
EUA,8,Communication,2016-09-01,96.909
EUA,8,Communication,2016-10-01,96.445
EUA,8,Communication,2016-11-01,96.675
EUA,8,Communication,2016-12-01,96.605
EUA,8,Communication,2017-01-01,96.592
EUA,8,Communication,2017-02-01,96.203
EUA,8,Communication,2017-03-01,92.763
EUA,8,Communication,2017-04-01,92.162
EUA,8,Communication,2017-05-01,91.907
EUA,8,Communication,2017-06-01,91.505
EUA,8,Communication,2017-07-01,91.076
EUA,8,Communication,2017-08-01,91.037
EUA,8,Communication,2017-09-01,91.115
EUA,8,Communication,2017-10-01,91.273
EUA,8,Communication,2017-11-01,91.553
EUA,8,Communication,2017-12-01,91.725
EUA,8,Communication,2018-01-01,91.726
EUA,8,Communication,2018-02-01,91.326
EUA,8,Communication,2018-03-01,91.171
EUA,8,Communication,2018-04-01,91.031
EUA,8,Communication,2018-05-01,91.318
EUA,8,Communication,2018-06-01,91.583
EUA,8,Communication,2018-07-01,91.793
EUA,8,Communication,2018-08-01,91.465
EUA,8,Communication,2018-09-01,91.526
EUA,8,Communication,2018-10-01,91.323
EUA,8,Communication,2018-11-01,90.345
EUA,8,Communication,2018-12-01,90.274
EUA,8,Communication,2019-01-01,90.436
EUA,8,Communication,2019-02-01,90.518
EUA,8,Communication,2019-03-01,90.269
EUA,8,Communication,2019-04-01,90.483
EUA,8,Communication,2019-05-01,90.482
EUA,8,Communication,2019-06-01,90.695
EUA,8,Communication,2019-07-01,90.723
EUA,8,Communication,2019-08-01,90.736
EUA,8,Communication,2019-09-01,90.711
EUA,8,Communication,2019-10-01,90.89
EUA,8,Communication,2019-11-01,91.457
EUA,8,Communication,2019-12-01,91.606
EUA,8,Communication,2020-01-01,92.013
EUA,8,Communication,2020-02-01,91.908
EUA,8,Communication,2020-03-01,91.72
EUA,8,Communication,2020-04-01,91.862
EUA,8,Communication,2020-05-01,91.855
EUA,8,Communication,2020-06-01,91.655
EUA,8,Communication,2020-07-01,93.479
EUA,8,Communication,2020-08-01,93.848
EUA,8,Communication,2020-09-01,94.054
EUA,8,Communication,2020-10-01,94.175
EUA,8,Communication,2020-11-01,94.12
EUA,8,Communication,2020-12-01,94.04
EUA,8,Communication,2021-01-01,94.121
EUA,8,Communication,2021-02-01,94.219
EUA,8,Communication,2021-03-01,94.159
EUA,8,Communication,2021-04-01,94.275
EUA,8,Communication,2021-05-01,94.344
EUA,8,Communication,2021-06-01,94.382
EUA,8,Communication,2021-07-01,94.365
EUA,8,Communication,2021-08-01,94.692
EUA,8,Communication,2021-09-01,94.993
EUA,8,Communication,2021-10-01,95.125
EUA,8,Communication,2021-11-01,95.113
EUA,8,Communication,2021-12-01,95.196
EUA,8,Communication,2022-01-01,95.126
EUA,8,Communication,2022-02-01,95.027
EUA,8,Communication,2022-03-01,94.4
EUA,8,Communication,2022-04-01,94.248
EUA,8,Communication,2022-05-01,94.075
EUA,8,Communication,2022-06-01,93.891
EUA,8,Communication,2022-07-01,93.732
EUA,8,Communication,2022-08-01,93.672
EUA,8,Communication,2022-09-01,93.387
EUA,8,Communication,2022-10-01,93.236
EUA,8,Communication,2022-11-01,94.542
EUA,8,Communication,2022-12-01,94.767
EUA,8,Communication,2023-01-01,95.162
EUA,8,Communication,2023-02-01,95.077
EUA,8,Communication,2023-03-01,94.961
EUA,8,Communication,2023-04-01,95.0
EUA,8,Communication,2023-05-01,94.695
EUA,8,Communication,2023-06-01,94.184
EUA,8,Communication,2023-07-01,94.234
EUA,8,Communication,2023-08-01,94.182
EUA,8,Communication,2023-09-01,93.944
EUA,8,Communication,2023-10-01,93.754
EUA,8,Communication,2023-11-01,93.401
EUA,8,Communication,2023-12-01,93.55
EUA,8,Communication,2024-01-01,93.58
EUA,8,Communication,2024-02-01,93.636
EUA,8,Communication,2024-03-01,93.27
EUA,8,Communication,2024-04-01,93.256
EUA,8,Communication,2024-05-01,93.073
EUA,8,Communication,2024-06-01,93.079
EUA,8,Communication,2024-07-01,93.118
EUA,8,Communication,2024-08-01,93.18
EUA,8,Communication,2024-09-01,93.065
EUA,8,Communication,2024-10-01,92.812
EUA,8,Communication,2024-11-01,92.395
EUA,8,Communication,2024-12-01,92.351
EUA,8.1.0,Postal services,2013-12-01,100.0
EUA,8.1.0,Postal services,2014-01-01,100.74
EUA,8.1.0,Postal services,2014-02-01,104.037
EUA,8.1.0,Postal services,2014-03-01,104.013
EUA,8.1.0,Postal services,2014-04-01,103.94
EUA,8.1.0,Postal services,2014-05-01,104.011
EUA,8.1.0,Postal services,2014-06-01,104.005
EUA,8.1.0,Postal services,2014-07-01,104.003
EUA,8.1.0,Postal services,2014-08-01,104.006
EUA,8.1.0,Postal services,2014-09-01,103.948
EUA,8.1.0,Postal services,2014-10-01,103.938
EUA,8.1.0,Postal services,2014-11-01,103.893
EUA,8.1.0,Postal services,2014-12-01,103.815
EUA,8.1.0,Postal services,2015-01-01,104.166
EUA,8.1.0,Postal services,2015-02-01,104.063
EUA,8.1.0,Postal services,2015-03-01,103.92
EUA,8.1.0,Postal services,2015-04-01,103.978
EUA,8.1.0,Postal services,2015-05-01,103.948
EUA,8.1.0,Postal services,2015-06-01,103.98
EUA,8.1.0,Postal services,2015-07-01,104.033
EUA,8.1.0,Postal services,2015-08-01,103.996
EUA,8.1.0,Postal services,2015-09-01,103.94
EUA,8.1.0,Postal services,2015-10-01,103.731
EUA,8.1.0,Postal services,2015-11-01,103.876
EUA,8.1.0,Postal services,2015-12-01,103.898
EUA,8.1.0,Postal services,2016-01-01,104.527
EUA,8.1.0,Postal services,2016-02-01,106.054
EUA,8.1.0,Postal services,2016-03-01,106.043
EUA,8.1.0,Postal services,2016-04-01,104.223
EUA,8.1.0,Postal services,2016-05-01,104.274
EUA,8.1.0,Postal services,2016-06-01,104.264
EUA,8.1.0,Postal services,2016-07-01,104.266
EUA,8.1.0,Postal services,2016-08-01,104.268
EUA,8.1.0,Postal services,2016-09-01,104.221
EUA,8.1.0,Postal services,2016-10-01,104.191
EUA,8.1.0,Postal services,2016-11-01,104.192
EUA,8.1.0,Postal services,2016-12-01,104.22
EUA,8.1.0,Postal services,2017-01-01,104.716
EUA,8.1.0,Postal services,2017-02-01,107.564
EUA,8.1.0,Postal services,2017-03-01,107.583
EUA,8.1.0,Postal services,2017-04-01,107.58
EUA,8.1.0,Postal services,2017-05-01,107.579
EUA,8.1.0,Postal services,2017-06-01,107.57
EUA,8.1.0,Postal services,2017-07-01,107.542
EUA,8.1.0,Postal services,2017-08-01,107.585
EUA,8.1.0,Postal services,2017-09-01,107.582
EUA,8.1.0,Postal services,2017-10-01,107.619
EUA,8.1.0,Postal services,2017-11-01,107.647
EUA,8.1.0,Postal services,2017-12-01,107.667
EUA,8.1.0,Postal services,2018-01-01,108.908
EUA,8.1.0,Postal services,2018-02-01,110.145
EUA,8.1.0,Postal services,2018-03-01,110.144
EUA,8.1.0,Postal services,2018-04-01,110.101
EUA,8.1.0,Postal services,2018-05-01,110.192
EUA,8.1.0,Postal services,2018-06-01,110.214
EUA,8.1.0,Postal services,2018-07-01,110.28
EUA,8.1.0,Postal services,2018-08-01,110.29
EUA,8.1.0,Postal services,2018-09-01,110.357
EUA,8.1.0,Postal services,2018-10-01,110.337
EUA,8.1.0,Postal services,2018-11-01,110.337
EUA,8.1.0,Postal services,2018-12-01,110.068
EUA,8.1.0,Postal services,2019-01-01,112.294
EUA,8.1.0,Postal services,2019-02-01,116.244
EUA,8.1.0,Postal services,2019-03-01,116.272
EUA,8.1.0,Postal services,2019-04-01,116.291
EUA,8.1.0,Postal services,2019-05-01,116.296
EUA,8.1.0,Postal services,2019-06-01,116.309
EUA,8.1.0,Postal services,2019-07-01,116.303
EUA,8.1.0,Postal services,2019-08-01,116.281
EUA,8.1.0,Postal services,2019-09-01,116.277
EUA,8.1.0,Postal services,2019-10-01,116.35
EUA,8.1.0,Postal services,2019-11-01,116.317
EUA,8.1.0,Postal services,2019-12-01,116.349
EUA,8.1.0,Postal services,2020-01-01,117.803
EUA,8.1.0,Postal services,2020-02-01,121.104
EUA,8.1.0,Postal services,2020-03-01,121.036
EUA,8.1.0,Postal services,2020-04-01,120.88
EUA,8.1.0,Postal services,2020-05-01,120.762
EUA,8.1.0,Postal services,2020-06-01,120.823
EUA,8.1.0,Postal services,2020-07-01,120.937
EUA,8.1.0,Postal services,2020-08-01,120.946
EUA,8.1.0,Postal services,2020-09-01,120.997
EUA,8.1.0,Postal services,2020-10-01,120.925
EUA,8.1.0,Postal services,2020-11-01,120.957
EUA,8.1.0,Postal services,2020-12-01,121.061
EUA,8.1.0,Postal services,2021-01-01,122.31
EUA,8.1.0,Postal services,2021-02-01,124.542
EUA,8.1.0,Postal services,2021-03-01,124.612
EUA,8.1.0,Postal services,2021-04-01,124.58
EUA,8.1.0,Postal services,2021-05-01,124.61
EUA,8.1.0,Postal services,2021-06-01,124.712
EUA,8.1.0,Postal services,2021-07-01,124.834
EUA,8.1.0,Postal services,2021-08-01,125.02
EUA,8.1.0,Postal services,2021-09-01,124.842
EUA,8.1.0,Postal services,2021-10-01,129.667
EUA,8.1.0,Postal services,2021-11-01,129.701
EUA,8.1.0,Postal services,2021-12-01,129.297
EUA,8.1.0,Postal services,2022-01-01,128.435
EUA,8.1.0,Postal services,2022-02-01,129.096
EUA,8.1.0,Postal services,2022-03-01,129.387
EUA,8.1.0,Postal services,2022-04-01,129.656
EUA,8.1.0,Postal services,2022-05-01,129.992
EUA,8.1.0,Postal services,2022-06-01,129.88
EUA,8.1.0,Postal services,2022-07-01,129.997
EUA,8.1.0,Postal services,2022-08-01,129.857
EUA,8.1.0,Postal services,2022-09-01,130.204
EUA,8.1.0,Postal services,2022-10-01,135.15
EUA,8.1.0,Postal services,2022-11-01,135.186
EUA,8.1.0,Postal services,2022-12-01,135.213
EUA,8.1.0,Postal services,2023-01-01,137.195
EUA,8.1.0,Postal services,2023-02-01,139.02
EUA,8.1.0,Postal services,2023-03-01,138.762
EUA,8.1.0,Postal services,2023-04-01,138.577
EUA,8.1.0,Postal services,2023-05-01,138.239
EUA,8.1.0,Postal services,2023-06-01,138.226
EUA,8.1.0,Postal services,2023-07-01,136.566
EUA,8.1.0,Postal services,2023-08-01,136.021
EUA,8.1.0,Postal services,2023-09-01,136.224
EUA,8.1.0,Postal services,2023-10-01,136.205
EUA,8.1.0,Postal services,2023-11-01,136.322
EUA,8.1.0,Postal services,2023-12-01,136.119
EUA,8.1.0,Postal services,2024-01-01,138.776
EUA,8.1.0,Postal services,2024-02-01,143.514
EUA,8.1.0,Postal services,2024-03-01,143.571
EUA,8.1.0,Postal services,2024-04-01,143.655
EUA,8.1.0,Postal services,2024-05-01,143.466
EUA,8.1.0,Postal services,2024-06-01,143.348
EUA,8.1.0,Postal services,2024-07-01,143.474
EUA,8.1.0,Postal services,2024-08-01,143.437
EUA,8.1.0,Postal services,2024-09-01,143.353
EUA,8.1.0,Postal services,2024-10-01,149.515
EUA,8.1.0,Postal services,2024-11-01,149.624
EUA,8.1.0,Postal services,2024-12-01,149.909
EUA,8.2.0,Telephone and Telefax Equipment,2013-12-01,100.0
EUA,8.2.0,Telephone and Telefax Equipment,2014-01-01,100.858
EUA,8.2.0,Telephone and Telefax Equipment,2014-02-01,98.69
EUA,8.2.0,Telephone and Telefax Equipment,2014-03-01,99.638
EUA,8.2.0,Telephone and Telefax Equipment,2014-04-01,99.613
EUA,8.2.0,Telephone and Telefax Equipment,2014-05-01,98.11
EUA,8.2.0,Telephone and Telefax Equipment,2014-06-01,95.479
EUA,8.2.0,Telephone and Telefax Equipment,2014-07-01,96.142
EUA,8.2.0,Telephone and Telefax Equipment,2014-08-01,96.31
EUA,8.2.0,Telephone and Telefax Equipment,2014-09-01,94.221
EUA,8.2.0,Telephone and Telefax Equipment,2014-10-01,93.25
EUA,8.2.0,Telephone and Telefax Equipment,2014-11-01,90.553
EUA,8.2.0,Telephone and Telefax Equipment,2014-12-01,90.233
EUA,8.2.0,Telephone and Telefax Equipment,2015-01-01,90.297
EUA,8.2.0,Telephone and Telefax Equipment,2015-02-01,90.283
EUA,8.2.0,Telephone and Telefax Equipment,2015-03-01,87.671
EUA,8.2.0,Telephone and Telefax Equipment,2015-04-01,86.457
EUA,8.2.0,Telephone and Telefax Equipment,2015-05-01,85.755
EUA,8.2.0,Telephone and Telefax Equipment,2015-06-01,83.286
EUA,8.2.0,Telephone and Telefax Equipment,2015-07-01,83.792
EUA,8.2.0,Telephone and Telefax Equipment,2015-08-01,82.132
EUA,8.2.0,Telephone and Telefax Equipment,2015-09-01,79.566
EUA,8.2.0,Telephone and Telefax Equipment,2015-10-01,80.109
EUA,8.2.0,Telephone and Telefax Equipment,2015-11-01,78.574
EUA,8.2.0,Telephone and Telefax Equipment,2015-12-01,76.747
EUA,8.2.0,Telephone and Telefax Equipment,2016-01-01,76.12
EUA,8.2.0,Telephone and Telefax Equipment,2016-02-01,75.822
EUA,8.2.0,Telephone and Telefax Equipment,2016-03-01,75.276
EUA,8.2.0,Telephone and Telefax Equipment,2016-04-01,77.213
EUA,8.2.0,Telephone and Telefax Equipment,2016-05-01,77.256
EUA,8.2.0,Telephone and Telefax Equipment,2016-06-01,75.761
EUA,8.2.0,Telephone and Telefax Equipment,2016-07-01,74.481
EUA,8.2.0,Telephone and Telefax Equipment,2016-08-01,74.352
EUA,8.2.0,Telephone and Telefax Equipment,2016-09-01,73.294
EUA,8.2.0,Telephone and Telefax Equipment,2016-10-01,71.99
EUA,8.2.0,Telephone and Telefax Equipment,2016-11-01,72.905
EUA,8.2.0,Telephone and Telefax Equipment,2016-12-01,72.933
EUA,8.2.0,Telephone and Telefax Equipment,2017-01-01,72.933
EUA,8.2.0,Telephone and Telefax Equipment,2017-02-01,73.318
EUA,8.2.0,Telephone and Telefax Equipment,2017-03-01,72.203
EUA,8.2.0,Telephone and Telefax Equipment,2017-04-01,72.28
EUA,8.2.0,Telephone and Telefax Equipment,2017-05-01,71.323
EUA,8.2.0,Telephone and Telefax Equipment,2017-06-01,71.632
EUA,8.2.0,Telephone and Telefax Equipment,2017-07-01,70.737
EUA,8.2.0,Telephone and Telefax Equipment,2017-08-01,70.224
EUA,8.2.0,Telephone and Telefax Equipment,2017-09-01,69.412
EUA,8.2.0,Telephone and Telefax Equipment,2017-10-01,67.831
EUA,8.2.0,Telephone and Telefax Equipment,2017-11-01,68.048
EUA,8.2.0,Telephone and Telefax Equipment,2017-12-01,69.338
EUA,8.2.0,Telephone and Telefax Equipment,2018-01-01,71.062
EUA,8.2.0,Telephone and Telefax Equipment,2018-02-01,70.702
EUA,8.2.0,Telephone and Telefax Equipment,2018-03-01,69.241
EUA,8.2.0,Telephone and Telefax Equipment,2018-04-01,68.68
EUA,8.2.0,Telephone and Telefax Equipment,2018-05-01,67.571
EUA,8.2.0,Telephone and Telefax Equipment,2018-06-01,67.198
EUA,8.2.0,Telephone and Telefax Equipment,2018-07-01,67.854
EUA,8.2.0,Telephone and Telefax Equipment,2018-08-01,66.793
EUA,8.2.0,Telephone and Telefax Equipment,2018-09-01,64.955
EUA,8.2.0,Telephone and Telefax Equipment,2018-10-01,63.353
EUA,8.2.0,Telephone and Telefax Equipment,2018-11-01,62.558
EUA,8.2.0,Telephone and Telefax Equipment,2018-12-01,61.637
EUA,8.2.0,Telephone and Telefax Equipment,2019-01-01,60.819
EUA,8.2.0,Telephone and Telefax Equipment,2019-02-01,60.094
EUA,8.2.0,Telephone and Telefax Equipment,2019-03-01,59.004
EUA,8.2.0,Telephone and Telefax Equipment,2019-04-01,58.887
EUA,8.2.0,Telephone and Telefax Equipment,2019-05-01,58.311
EUA,8.2.0,Telephone and Telefax Equipment,2019-06-01,57.849
EUA,8.2.0,Telephone and Telefax Equipment,2019-07-01,57.191
EUA,8.2.0,Telephone and Telefax Equipment,2019-08-01,57.019
EUA,8.2.0,Telephone and Telefax Equipment,2019-09-01,56.019
EUA,8.2.0,Telephone and Telefax Equipment,2019-10-01,54.412
EUA,8.2.0,Telephone and Telefax Equipment,2019-11-01,53.994
EUA,8.2.0,Telephone and Telefax Equipment,2019-12-01,52.734
EUA,8.2.0,Telephone and Telefax Equipment,2020-01-01,52.374
EUA,8.2.0,Telephone and Telefax Equipment,2020-02-01,51.813
EUA,8.2.0,Telephone and Telefax Equipment,2020-03-01,51.113
EUA,8.2.0,Telephone and Telefax Equipment,2020-04-01,50.598
EUA,8.2.0,Telephone and Telefax Equipment,2020-05-01,51.078
EUA,8.2.0,Telephone and Telefax Equipment,2020-06-01,49.589
EUA,8.2.0,Telephone and Telefax Equipment,2020-07-01,49.193
EUA,8.2.0,Telephone and Telefax Equipment,2020-08-01,48.61
EUA,8.2.0,Telephone and Telefax Equipment,2020-09-01,48.444
EUA,8.2.0,Telephone and Telefax Equipment,2020-10-01,47.661
EUA,8.2.0,Telephone and Telefax Equipment,2020-11-01,45.467
EUA,8.2.0,Telephone and Telefax Equipment,2020-12-01,44.201
EUA,8.2.0,Telephone and Telefax Equipment,2021-01-01,43.101
EUA,8.2.0,Telephone and Telefax Equipment,2021-02-01,42.604
EUA,8.2.0,Telephone and Telefax Equipment,2021-03-01,42.008
EUA,8.2.0,Telephone and Telefax Equipment,2021-04-01,41.889
EUA,8.2.0,Telephone and Telefax Equipment,2021-05-01,41.404
EUA,8.2.0,Telephone and Telefax Equipment,2021-06-01,40.842
EUA,8.2.0,Telephone and Telefax Equipment,2021-07-01,41.098
EUA,8.2.0,Telephone and Telefax Equipment,2021-08-01,41.405
EUA,8.2.0,Telephone and Telefax Equipment,2021-09-01,41.499
EUA,8.2.0,Telephone and Telefax Equipment,2021-10-01,40.548
EUA,8.2.0,Telephone and Telefax Equipment,2021-11-01,40.286
EUA,8.2.0,Telephone and Telefax Equipment,2021-12-01,40.473
EUA,8.2.0,Telephone and Telefax Equipment,2022-01-01,40.076
EUA,8.2.0,Telephone and Telefax Equipment,2022-02-01,39.354
EUA,8.2.0,Telephone and Telefax Equipment,2022-03-01,38.257
EUA,8.2.0,Telephone and Telefax Equipment,2022-04-01,37.149
EUA,8.2.0,Telephone and Telefax Equipment,2022-05-01,35.951
EUA,8.2.0,Telephone and Telefax Equipment,2022-06-01,35.56
EUA,8.2.0,Telephone and Telefax Equipment,2022-07-01,35.886
EUA,8.2.0,Telephone and Telefax Equipment,2022-08-01,35.717
EUA,8.2.0,Telephone and Telefax Equipment,2022-09-01,34.602
EUA,8.2.0,Telephone and Telefax Equipment,2022-10-01,33.434
EUA,8.2.0,Telephone and Telefax Equipment,2022-11-01,33.087
EUA,8.2.0,Telephone and Telefax Equipment,2022-12-01,33.207
EUA,8.2.0,Telephone and Telefax Equipment,2023-01-01,33.098
EUA,8.2.0,Telephone and Telefax Equipment,2023-02-01,32.16
EUA,8.2.0,Telephone and Telefax Equipment,2023-03-01,31.739
EUA,8.2.0,Telephone and Telefax Equipment,2023-04-01,32.073
EUA,8.2.0,Telephone and Telefax Equipment,2023-05-01,32.009
EUA,8.2.0,Telephone and Telefax Equipment,2023-06-01,32.045
EUA,8.2.0,Telephone and Telefax Equipment,2023-07-01,31.66
EUA,8.2.0,Telephone and Telefax Equipment,2023-08-01,31.429
EUA,8.2.0,Telephone and Telefax Equipment,2023-09-01,31.112
EUA,8.2.0,Telephone and Telefax Equipment,2023-10-01,30.537
EUA,8.2.0,Telephone and Telefax Equipment,2023-11-01,29.399
EUA,8.2.0,Telephone and Telefax Equipment,2023-12-01,29.583
EUA,8.2.0,Telephone and Telefax Equipment,2024-01-01,29.577
EUA,8.2.0,Telephone and Telefax Equipment,2024-02-01,29.493
EUA,8.2.0,Telephone and Telefax Equipment,2024-03-01,28.961
EUA,8.2.0,Telephone and Telefax Equipment,2024-04-01,28.71
EUA,8.2.0,Telephone and Telefax Equipment,2024-05-01,28.03
EUA,8.2.0,Telephone and Telefax Equipment,2024-06-01,28.211
EUA,8.2.0,Telephone and Telefax Equipment,2024-07-01,28.419
EUA,8.2.0,Telephone and Telefax Equipment,2024-08-01,28.224
EUA,8.2.0,Telephone and Telefax Equipment,2024-09-01,27.873
EUA,8.2.0,Telephone and Telefax Equipment,2024-10-01,27.601
EUA,8.2.0,Telephone and Telefax Equipment,2024-11-01,26.965
EUA,8.2.0,Telephone and Telefax Equipment,2024-12-01,26.728
EUA,8.3.0,Telephone and telefax services,2013-12-01,100.0
EUA,8.3.0,Telephone and telefax services,2014-01-01,100.318
EUA,8.3.0,Telephone and telefax services,2014-02-01,100.133
EUA,8.3.0,Telephone and telefax services,2014-03-01,100.166
EUA,8.3.0,Telephone and telefax services,2014-04-01,100.323
EUA,8.3.0,Telephone and telefax services,2014-05-01,100.277
EUA,8.3.0,Telephone and telefax services,2014-06-01,100.27
EUA,8.3.0,Telephone and telefax services,2014-07-01,100.31
EUA,8.3.0,Telephone and telefax services,2014-08-01,100.271
EUA,8.3.0,Telephone and telefax services,2014-09-01,100.235
EUA,8.3.0,Telephone and telefax services,2014-10-01,99.305
EUA,8.3.0,Telephone and telefax services,2014-11-01,98.93
EUA,8.3.0,Telephone and telefax services,2014-12-01,98.702
EUA,8.3.0,Telephone and telefax services,2015-01-01,98.709
EUA,8.3.0,Telephone and telefax services,2015-02-01,98.611
EUA,8.3.0,Telephone and telefax services,2015-03-01,98.446
EUA,8.3.0,Telephone and telefax services,2015-04-01,98.416
EUA,8.3.0,Telephone and telefax services,2015-05-01,97.894
EUA,8.3.0,Telephone and telefax services,2015-06-01,97.901
EUA,8.3.0,Telephone and telefax services,2015-07-01,97.805
EUA,8.3.0,Telephone and telefax services,2015-08-01,98.015
EUA,8.3.0,Telephone and telefax services,2015-09-01,98.314
EUA,8.3.0,Telephone and telefax services,2015-10-01,98.593
EUA,8.3.0,Telephone and telefax services,2015-11-01,98.936
EUA,8.3.0,Telephone and telefax services,2015-12-01,98.936
EUA,8.3.0,Telephone and telefax services,2016-01-01,99.235
EUA,8.3.0,Telephone and telefax services,2016-02-01,98.802
EUA,8.3.0,Telephone and telefax services,2016-03-01,98.937
EUA,8.3.0,Telephone and telefax services,2016-04-01,98.814
EUA,8.3.0,Telephone and telefax services,2016-05-01,98.406
EUA,8.3.0,Telephone and telefax services,2016-06-01,98.227
EUA,8.3.0,Telephone and telefax services,2016-07-01,97.934
EUA,8.3.0,Telephone and telefax services,2016-08-01,98.009
EUA,8.3.0,Telephone and telefax services,2016-09-01,97.13
EUA,8.3.0,Telephone and telefax services,2016-10-01,96.677
EUA,8.3.0,Telephone and telefax services,2016-11-01,96.894
EUA,8.3.0,Telephone and telefax services,2016-12-01,96.817
EUA,8.3.0,Telephone and telefax services,2017-01-01,96.784
EUA,8.3.0,Telephone and telefax services,2017-02-01,96.242
EUA,8.3.0,Telephone and telefax services,2017-03-01,92.598
EUA,8.3.0,Telephone and telefax services,2017-04-01,91.953
EUA,8.3.0,Telephone and telefax services,2017-05-01,91.712
EUA,8.3.0,Telephone and telefax services,2017-06-01,91.272
EUA,8.3.0,Telephone and telefax services,2017-07-01,90.843
EUA,8.3.0,Telephone and telefax services,2017-08-01,90.816
EUA,8.3.0,Telephone and telefax services,2017-09-01,90.925
EUA,8.3.0,Telephone and telefax services,2017-10-01,91.144
EUA,8.3.0,Telephone and telefax services,2017-11-01,91.436
EUA,8.3.0,Telephone and telefax services,2017-12-01,91.578
EUA,8.3.0,Telephone and telefax services,2018-01-01,91.495
EUA,8.3.0,Telephone and telefax services,2018-02-01,91.046
EUA,8.3.0,Telephone and telefax services,2018-03-01,90.925
EUA,8.3.0,Telephone and telefax services,2018-04-01,90.794
EUA,8.3.0,Telephone and telefax services,2018-05-01,91.126
EUA,8.3.0,Telephone and telefax services,2018-06-01,91.415
EUA,8.3.0,Telephone and telefax services,2018-07-01,91.615
EUA,8.3.0,Telephone and telefax services,2018-08-01,91.3
EUA,8.3.0,Telephone and telefax services,2018-09-01,91.414
EUA,8.3.0,Telephone and telefax services,2018-10-01,91.246
EUA,8.3.0,Telephone and telefax services,2018-11-01,90.237
EUA,8.3.0,Telephone and telefax services,2018-12-01,90.196
EUA,8.3.0,Telephone and telefax services,2019-01-01,90.325
EUA,8.3.0,Telephone and telefax services,2019-02-01,90.316
EUA,8.3.0,Telephone and telefax services,2019-03-01,90.083
EUA,8.3.0,Telephone and telefax services,2019-04-01,90.312
EUA,8.3.0,Telephone and telefax services,2019-05-01,90.328
EUA,8.3.0,Telephone and telefax services,2019-06-01,90.565
EUA,8.3.0,Telephone and telefax services,2019-07-01,90.613
EUA,8.3.0,Telephone and telefax services,2019-08-01,90.632
EUA,8.3.0,Telephone and telefax services,2019-09-01,90.634
EUA,8.3.0,Telephone and telefax services,2019-10-01,90.866
EUA,8.3.0,Telephone and telefax services,2019-11-01,91.477
EUA,8.3.0,Telephone and telefax services,2019-12-01,91.668
EUA,8.3.0,Telephone and telefax services,2020-01-01,92.078
EUA,8.3.0,Telephone and telefax services,2020-02-01,91.904
EUA,8.3.0,Telephone and telefax services,2020-03-01,91.738
EUA,8.3.0,Telephone and telefax services,2020-04-01,91.916
EUA,8.3.0,Telephone and telefax services,2020-05-01,91.891
EUA,8.3.0,Telephone and telefax services,2020-06-01,91.744
EUA,8.3.0,Telephone and telefax services,2020-07-01,93.694
EUA,8.3.0,Telephone and telefax services,2020-08-01,94.112
EUA,8.3.0,Telephone and telefax services,2020-09-01,94.336
EUA,8.3.0,Telephone and telefax services,2020-10-01,94.502
EUA,8.3.0,Telephone and telefax services,2020-11-01,94.542
EUA,8.3.0,Telephone and telefax services,2020-12-01,94.512
EUA,8.3.0,Telephone and telefax services,2021-01-01,94.615
EUA,8.3.0,Telephone and telefax services,2021-02-01,94.682
EUA,8.3.0,Telephone and telefax services,2021-03-01,94.644
EUA,8.3.0,Telephone and telefax services,2021-04-01,94.773
EUA,8.3.0,Telephone and telefax services,2021-05-01,94.867
EUA,8.3.0,Telephone and telefax services,2021-06-01,94.931
EUA,8.3.0,Telephone and telefax services,2021-07-01,94.898
EUA,8.3.0,Telephone and telefax services,2021-08-01,95.226
EUA,8.3.0,Telephone and telefax services,2021-09-01,95.546
EUA,8.3.0,Telephone and telefax services,2021-10-01,95.601
EUA,8.3.0,Telephone and telefax services,2021-11-01,95.599
EUA,8.3.0,Telephone and telefax services,2021-12-01,95.689
EUA,8.3.0,Telephone and telefax services,2022-01-01,95.745
EUA,8.3.0,Telephone and telefax services,2022-02-01,95.829
EUA,8.3.0,Telephone and telefax services,2022-03-01,95.421
EUA,8.3.0,Telephone and telefax services,2022-04-01,95.566
EUA,8.3.0,Telephone and telefax services,2022-05-01,95.714
EUA,8.3.0,Telephone and telefax services,2022-06-01,95.619
EUA,8.3.0,Telephone and telefax services,2022-07-01,95.334
EUA,8.3.0,Telephone and telefax services,2022-08-01,95.319
EUA,8.3.0,Telephone and telefax services,2022-09-01,95.311
EUA,8.3.0,Telephone and telefax services,2022-10-01,95.372
EUA,8.3.0,Telephone and telefax services,2022-11-01,96.992
EUA,8.3.0,Telephone and telefax services,2022-12-01,97.217
EUA,8.3.0,Telephone and telefax services,2023-01-01,97.706
EUA,8.3.0,Telephone and telefax services,2023-02-01,97.994
EUA,8.3.0,Telephone and telefax services,2023-03-01,98.051
EUA,8.3.0,Telephone and telefax services,2023-04-01,97.95
EUA,8.3.0,Telephone and telefax services,2023-05-01,97.615
EUA,8.3.0,Telephone and telefax services,2023-06-01,96.979
EUA,8.3.0,Telephone and telefax services,2023-07-01,97.248
EUA,8.3.0,Telephone and telefax services,2023-08-01,97.301
EUA,8.3.0,Telephone and telefax services,2023-09-01,97.153
EUA,8.3.0,Telephone and telefax services,2023-10-01,97.185
EUA,8.3.0,Telephone and telefax services,2023-11-01,97.272
EUA,8.3.0,Telephone and telefax services,2023-12-01,97.374
EUA,8.3.0,Telephone and telefax services,2024-01-01,97.338
EUA,8.3.0,Telephone and telefax services,2024-02-01,97.317
EUA,8.3.0,Telephone and telefax services,2024-03-01,97.157
EUA,8.3.0,Telephone and telefax services,2024-04-01,97.28
EUA,8.3.0,Telephone and telefax services,2024-05-01,97.443
EUA,8.3.0,Telephone and telefax services,2024-06-01,97.351
EUA,8.3.0,Telephone and telefax services,2024-07-01,97.278
EUA,8.3.0,Telephone and telefax services,2024-08-01,97.468
EUA,8.3.0,Telephone and telefax services,2024-09-01,97.527
EUA,8.3.0,Telephone and telefax services,2024-10-01,97.181
EUA,8.3.0,Telephone and telefax services,2024-11-01,97.014
EUA,8.3.0,Telephone and telefax services,2024-12-01,97.086
EUA,9,Recreation and Culture,2013-12-01,100.0
EUA,9,Recreation and Culture,2014-01-01,100.237
EUA,9,Recreation and Culture,2014-02-01,100.558
EUA,9,Recreation and Culture,2014-03-01,100.637
EUA,9,Recreation and Culture,2014-04-01,100.825
EUA,9,Recreation and Culture,2014-05-01,100.782
EUA,9,Recreation and Culture,2014-06-01,100.749
EUA,9,Recreation and Culture,2014-07-01,100.529
EUA,9,Recreation and Culture,2014-08-01,100.079
EUA,9,Recreation and Culture,2014-09-01,100.018
EUA,9,Recreation and Culture,2014-10-01,100.146
EUA,9,Recreation and Culture,2014-11-01,99.815
EUA,9,Recreation and Culture,2014-12-01,99.657
EUA,9,Recreation and Culture,2015-01-01,99.919
EUA,9,Recreation and Culture,2015-02-01,100.253
EUA,9,Recreation and Culture,2015-03-01,100.436
EUA,9,Recreation and Culture,2015-04-01,100.574
EUA,9,Recreation and Culture,2015-05-01,100.691
EUA,9,Recreation and Culture,2015-06-01,100.672
EUA,9,Recreation and Culture,2015-07-01,100.512
EUA,9,Recreation and Culture,2015-08-01,100.292
EUA,9,Recreation and Culture,2015-09-01,100.33
EUA,9,Recreation and Culture,2015-10-01,100.459
EUA,9,Recreation and Culture,2015-11-01,100.186
EUA,9,Recreation and Culture,2015-12-01,99.994
EUA,9,Recreation and Culture,2016-01-01,100.255
EUA,9,Recreation and Culture,2016-02-01,100.705
EUA,9,Recreation and Culture,2016-03-01,100.973
EUA,9,Recreation and Culture,2016-04-01,101.254
EUA,9,Recreation and Culture,2016-05-01,101.142
EUA,9,Recreation and Culture,2016-06-01,101.197
EUA,9,Recreation and Culture,2016-07-01,100.909
EUA,9,Recreation and Culture,2016-08-01,100.7
EUA,9,Recreation and Culture,2016-09-01,100.612
EUA,9,Recreation and Culture,2016-10-01,100.377
EUA,9,Recreation and Culture,2016-11-01,100.391
EUA,9,Recreation and Culture,2016-12-01,100.239
EUA,9,Recreation and Culture,2017-01-01,100.861
EUA,9,Recreation and Culture,2017-02-01,101.66
EUA,9,Recreation and Culture,2017-03-01,101.744
EUA,9,Recreation and Culture,2017-04-01,101.745
EUA,9,Recreation and Culture,2017-05-01,101.683
EUA,9,Recreation and Culture,2017-06-01,101.642
EUA,9,Recreation and Culture,2017-07-01,101.922
EUA,9,Recreation and Culture,2017-08-01,101.771
EUA,9,Recreation and Culture,2017-09-01,101.647
EUA,9,Recreation and Culture,2017-10-01,101.538
EUA,9,Recreation and Culture,2017-11-01,101.358
EUA,9,Recreation and Culture,2017-12-01,101.146
EUA,9,Recreation and Culture,2018-01-01,101.399
EUA,9,Recreation and Culture,2018-02-01,101.761
EUA,9,Recreation and Culture,2018-03-01,101.901
EUA,9,Recreation and Culture,2018-04-01,101.656
EUA,9,Recreation and Culture,2018-05-01,101.629
EUA,9,Recreation and Culture,2018-06-01,101.693
EUA,9,Recreation and Culture,2018-07-01,101.66
EUA,9,Recreation and Culture,2018-08-01,101.436
EUA,9,Recreation and Culture,2018-09-01,101.634
EUA,9,Recreation and Culture,2018-10-01,101.273
EUA,9,Recreation and Culture,2018-11-01,101.39
EUA,9,Recreation and Culture,2018-12-01,101.672
EUA,9,Recreation and Culture,2019-01-01,102.117
EUA,9,Recreation and Culture,2019-02-01,102.297
EUA,9,Recreation and Culture,2019-03-01,102.591
EUA,9,Recreation and Culture,2019-04-01,102.563
EUA,9,Recreation and Culture,2019-05-01,102.177
EUA,9,Recreation and Culture,2019-06-01,101.977
EUA,9,Recreation and Culture,2019-07-01,102.09
EUA,9,Recreation and Culture,2019-08-01,102.449
EUA,9,Recreation and Culture,2019-09-01,102.242
EUA,9,Recreation and Culture,2019-10-01,102.628
EUA,9,Recreation and Culture,2019-11-01,102.842
EUA,9,Recreation and Culture,2019-12-01,102.837
EUA,9,Recreation and Culture,2020-01-01,103.135
EUA,9,Recreation and Culture,2020-02-01,103.317
EUA,9,Recreation and Culture,2020-03-01,103.634
EUA,9,Recreation and Culture,2020-04-01,103.489
EUA,9,Recreation and Culture,2020-05-01,104.055
EUA,9,Recreation and Culture,2020-06-01,103.514
EUA,9,Recreation and Culture,2020-07-01,102.855
EUA,9,Recreation and Culture,2020-08-01,103.35
EUA,9,Recreation and Culture,2020-09-01,103.337
EUA,9,Recreation and Culture,2020-10-01,103.631
EUA,9,Recreation and Culture,2020-11-01,104.115
EUA,9,Recreation and Culture,2020-12-01,104.026
EUA,9,Recreation and Culture,2021-01-01,103.511
EUA,9,Recreation and Culture,2021-02-01,104.156
EUA,9,Recreation and Culture,2021-03-01,104.502
EUA,9,Recreation and Culture,2021-04-01,105.532
EUA,9,Recreation and Culture,2021-05-01,105.864
EUA,9,Recreation and Culture,2021-06-01,106.111
EUA,9,Recreation and Culture,2021-07-01,106.722
EUA,9,Recreation and Culture,2021-08-01,107.104
EUA,9,Recreation and Culture,2021-09-01,107.255
EUA,9,Recreation and Culture,2021-10-01,108.162
EUA,9,Recreation and Culture,2021-11-01,107.964
EUA,9,Recreation and Culture,2021-12-01,107.911
EUA,9,Recreation and Culture,2022-01-01,108.959
EUA,9,Recreation and Culture,2022-02-01,109.962
EUA,9,Recreation and Culture,2022-03-01,110.307
EUA,9,Recreation and Culture,2022-04-01,110.362
EUA,9,Recreation and Culture,2022-05-01,110.755
EUA,9,Recreation and Culture,2022-06-01,111.103
EUA,9,Recreation and Culture,2022-07-01,111.261
EUA,9,Recreation and Culture,2022-08-01,111.54
EUA,9,Recreation and Culture,2022-09-01,111.882
EUA,9,Recreation and Culture,2022-10-01,112.512
EUA,9,Recreation and Culture,2022-11-01,112.78
EUA,9,Recreation and Culture,2022-12-01,112.852
EUA,9,Recreation and Culture,2023-01-01,113.531
EUA,9,Recreation and Culture,2023-02-01,114.975
EUA,9,Recreation and Culture,2023-03-01,115.212
EUA,9,Recreation and Culture,2023-04-01,115.522
EUA,9,Recreation and Culture,2023-05-01,115.46
EUA,9,Recreation and Culture,2023-06-01,115.512
EUA,9,Recreation and Culture,2023-07-01,115.246
EUA,9,Recreation and Culture,2023-08-01,115.094
EUA,9,Recreation and Culture,2023-09-01,115.617
EUA,9,Recreation and Culture,2023-10-01,115.478
EUA,9,Recreation and Culture,2023-11-01,115.025
EUA,9,Recreation and Culture,2023-12-01,115.239
EUA,9,Recreation and Culture,2024-01-01,116.138
EUA,9,Recreation and Culture,2024-02-01,116.352
EUA,9,Recreation and Culture,2024-03-01,116.242
EUA,9,Recreation and Culture,2024-04-01,116.318
EUA,9,Recreation and Culture,2024-05-01,116.129
EUA,9,Recreation and Culture,2024-06-01,116.096
EUA,9,Recreation and Culture,2024-07-01,116.26
EUA,9,Recreation and Culture,2024-08-01,116.142
EUA,9,Recreation and Culture,2024-09-01,115.498
EUA,9,Recreation and Culture,2024-10-01,115.886
EUA,9,Recreation and Culture,2024-11-01,116.038
EUA,9,Recreation and Culture,2024-12-01,115.655
EUA,9.1.1,"Equipment for the Reception, Recording and Reproduction of Sound and Pictures",2013-12-01,100.0
EUA,9.1.1,"Equipment for the Reception, Recording and Reproduction of Sound and Pictures",2014-01-01,100.123
EUA,9.1.1,"Equipment for the Reception, Recording and Reproduction of Sound and Pictures",2014-02-01,100.214
EUA,9.1.1,"Equipment for the Reception, Recording and Reproduction of Sound and Pictures",2014-03-01,99.004
EUA,9.1.1,"Equipment for the Reception, Recording and Reproduction of Sound and Pictures",2014-04-01,98.372
EUA,9.1.1,"Equipment for the Reception, Recording and Reproduction of Sound and Pictures",2014-05-01,97.211
EUA,9.1.1,"Equipment for the Reception, Recording and Reproduction of Sound and Pictures",2014-06-01,95.359
EUA,9.1.1,"Equipment for the Reception, Recording and Reproduction of Sound and Pictures",2014-07-01,92.909
EUA,9.1.1,"Equipment for the Reception, Recording and Reproduction of Sound and Pictures",2014-08-01,92.475
EUA,9.1.1,"Equipment for the Reception, Recording and Reproduction of Sound and Pictures",2014-09-01,91.604
EUA,9.1.1,"Equipment for the Reception, Recording and Reproduction of Sound and Pictures",2014-10-01,91.205
EUA,9.1.1,"Equipment for the Reception, Recording and Reproduction of Sound and Pictures",2014-11-01,89.008
EUA,9.1.1,"Equipment for the Reception, Recording and Reproduction of Sound and Pictures",2014-12-01,87.431
EUA,9.1.1,"Equipment for the Reception, Recording and Reproduction of Sound and Pictures",2015-01-01,87.563
EUA,9.1.1,"Equipment for the Reception, Recording and Reproduction of Sound and Pictures",2015-02-01,87.732
EUA,9.1.1,"Equipment for the Reception, Recording and Reproduction of Sound and Pictures",2015-03-01,87.407
EUA,9.1.1,"Equipment for the Reception, Recording and Reproduction of Sound and Pictures",2015-04-01,86.29
EUA,9.1.1,"Equipment for the Reception, Recording and Reproduction of Sound and Pictures",2015-05-01,86.183
EUA,9.1.1,"Equipment for the Reception, Recording and Reproduction of Sound and Pictures",2015-06-01,85.868
EUA,9.1.1,"Equipment for the Reception, Recording and Reproduction of Sound and Pictures",2015-07-01,84.21
EUA,9.1.1,"Equipment for the Reception, Recording and Reproduction of Sound and Pictures",2015-08-01,83.492
EUA,9.1.1,"Equipment for the Reception, Recording and Reproduction of Sound and Pictures",2015-09-01,83.149
EUA,9.1.1,"Equipment for the Reception, Recording and Reproduction of Sound and Pictures",2015-10-01,82.729
EUA,9.1.1,"Equipment for the Reception, Recording and Reproduction of Sound and Pictures",2015-11-01,81.876
EUA,9.1.1,"Equipment for the Reception, Recording and Reproduction of Sound and Pictures",2015-12-01,79.335
EUA,9.1.1,"Equipment for the Reception, Recording and Reproduction of Sound and Pictures",2016-01-01,78.936
EUA,9.1.1,"Equipment for the Reception, Recording and Reproduction of Sound and Pictures",2016-02-01,78.757
EUA,9.1.1,"Equipment for the Reception, Recording and Reproduction of Sound and Pictures",2016-03-01,77.978
EUA,9.1.1,"Equipment for the Reception, Recording and Reproduction of Sound and Pictures",2016-04-01,76.737
EUA,9.1.1,"Equipment for the Reception, Recording and Reproduction of Sound and Pictures",2016-05-01,75.867
EUA,9.1.1,"Equipment for the Reception, Recording and Reproduction of Sound and Pictures",2016-06-01,74.479
EUA,9.1.1,"Equipment for the Reception, Recording and Reproduction of Sound and Pictures",2016-07-01,72.803
EUA,9.1.1,"Equipment for the Reception, Recording and Reproduction of Sound and Pictures",2016-08-01,71.601
EUA,9.1.1,"Equipment for the Reception, Recording and Reproduction of Sound and Pictures",2016-09-01,69.889
EUA,9.1.1,"Equipment for the Reception, Recording and Reproduction of Sound and Pictures",2016-10-01,69.388
EUA,9.1.1,"Equipment for the Reception, Recording and Reproduction of Sound and Pictures",2016-11-01,67.356
EUA,9.1.1,"Equipment for the Reception, Recording and Reproduction of Sound and Pictures",2016-12-01,65.82
EUA,9.1.1,"Equipment for the Reception, Recording and Reproduction of Sound and Pictures",2017-01-01,66.79
EUA,9.1.1,"Equipment for the Reception, Recording and Reproduction of Sound and Pictures",2017-02-01,67.532
EUA,9.1.1,"Equipment for the Reception, Recording and Reproduction of Sound and Pictures",2017-03-01,67.164
EUA,9.1.1,"Equipment for the Reception, Recording and Reproduction of Sound and Pictures",2017-04-01,67.098
EUA,9.1.1,"Equipment for the Reception, Recording and Reproduction of Sound and Pictures",2017-05-01,66.645
EUA,9.1.1,"Equipment for the Reception, Recording and Reproduction of Sound and Pictures",2017-06-01,67.267
EUA,9.1.1,"Equipment for the Reception, Recording and Reproduction of Sound and Pictures",2017-07-01,66.219
EUA,9.1.1,"Equipment for the Reception, Recording and Reproduction of Sound and Pictures",2017-08-01,65.259
EUA,9.1.1,"Equipment for the Reception, Recording and Reproduction of Sound and Pictures",2017-09-01,64.85
EUA,9.1.1,"Equipment for the Reception, Recording and Reproduction of Sound and Pictures",2017-10-01,64.04
EUA,9.1.1,"Equipment for the Reception, Recording and Reproduction of Sound and Pictures",2017-11-01,61.85
EUA,9.1.1,"Equipment for the Reception, Recording and Reproduction of Sound and Pictures",2017-12-01,59.755
EUA,9.1.1,"Equipment for the Reception, Recording and Reproduction of Sound and Pictures",2018-01-01,59.156
EUA,9.1.1,"Equipment for the Reception, Recording and Reproduction of Sound and Pictures",2018-02-01,58.078
EUA,9.1.1,"Equipment for the Reception, Recording and Reproduction of Sound and Pictures",2018-03-01,57.619
EUA,9.1.1,"Equipment for the Reception, Recording and Reproduction of Sound and Pictures",2018-04-01,56.977
EUA,9.1.1,"Equipment for the Reception, Recording and Reproduction of Sound and Pictures",2018-05-01,56.788
EUA,9.1.1,"Equipment for the Reception, Recording and Reproduction of Sound and Pictures",2018-06-01,56.495
EUA,9.1.1,"Equipment for the Reception, Recording and Reproduction of Sound and Pictures",2018-07-01,56.09
EUA,9.1.1,"Equipment for the Reception, Recording and Reproduction of Sound and Pictures",2018-08-01,55.318
EUA,9.1.1,"Equipment for the Reception, Recording and Reproduction of Sound and Pictures",2018-09-01,54.602
EUA,9.1.1,"Equipment for the Reception, Recording and Reproduction of Sound and Pictures",2018-10-01,54.475
EUA,9.1.1,"Equipment for the Reception, Recording and Reproduction of Sound and Pictures",2018-11-01,53.09
EUA,9.1.1,"Equipment for the Reception, Recording and Reproduction of Sound and Pictures",2018-12-01,52.012
EUA,9.1.1,"Equipment for the Reception, Recording and Reproduction of Sound and Pictures",2019-01-01,52.7
EUA,9.1.1,"Equipment for the Reception, Recording and Reproduction of Sound and Pictures",2019-02-01,51.98
EUA,9.1.1,"Equipment for the Reception, Recording and Reproduction of Sound and Pictures",2019-03-01,50.74
EUA,9.1.1,"Equipment for the Reception, Recording and Reproduction of Sound and Pictures",2019-04-01,50.821
EUA,9.1.1,"Equipment for the Reception, Recording and Reproduction of Sound and Pictures",2019-05-01,50.256
EUA,9.1.1,"Equipment for the Reception, Recording and Reproduction of Sound and Pictures",2019-06-01,49.651
EUA,9.1.1,"Equipment for the Reception, Recording and Reproduction of Sound and Pictures",2019-07-01,49.12
EUA,9.1.1,"Equipment for the Reception, Recording and Reproduction of Sound and Pictures",2019-08-01,48.777
EUA,9.1.1,"Equipment for the Reception, Recording and Reproduction of Sound and Pictures",2019-09-01,48.488
EUA,9.1.1,"Equipment for the Reception, Recording and Reproduction of Sound and Pictures",2019-10-01,48.12
EUA,9.1.1,"Equipment for the Reception, Recording and Reproduction of Sound and Pictures",2019-11-01,46.752
EUA,9.1.1,"Equipment for the Reception, Recording and Reproduction of Sound and Pictures",2019-12-01,45.567
EUA,9.1.1,"Equipment for the Reception, Recording and Reproduction of Sound and Pictures",2020-01-01,45.58
EUA,9.1.1,"Equipment for the Reception, Recording and Reproduction of Sound and Pictures",2020-02-01,45.747
EUA,9.1.1,"Equipment for the Reception, Recording and Reproduction of Sound and Pictures",2020-03-01,45.857
EUA,9.1.1,"Equipment for the Reception, Recording and Reproduction of Sound and Pictures",2020-04-01,45.61
EUA,9.1.1,"Equipment for the Reception, Recording and Reproduction of Sound and Pictures",2020-05-01,45.562
EUA,9.1.1,"Equipment for the Reception, Recording and Reproduction of Sound and Pictures",2020-06-01,45.14
EUA,9.1.1,"Equipment for the Reception, Recording and Reproduction of Sound and Pictures",2020-07-01,45.284
EUA,9.1.1,"Equipment for the Reception, Recording and Reproduction of Sound and Pictures",2020-08-01,45.671
EUA,9.1.1,"Equipment for the Reception, Recording and Reproduction of Sound and Pictures",2020-09-01,45.71
EUA,9.1.1,"Equipment for the Reception, Recording and Reproduction of Sound and Pictures",2020-10-01,45.799
EUA,9.1.1,"Equipment for the Reception, Recording and Reproduction of Sound and Pictures",2020-11-01,45.157
EUA,9.1.1,"Equipment for the Reception, Recording and Reproduction of Sound and Pictures",2020-12-01,45.025
EUA,9.1.1,"Equipment for the Reception, Recording and Reproduction of Sound and Pictures",2021-01-01,45.063
EUA,9.1.1,"Equipment for the Reception, Recording and Reproduction of Sound and Pictures",2021-02-01,45.107
EUA,9.1.1,"Equipment for the Reception, Recording and Reproduction of Sound and Pictures",2021-03-01,45.095
EUA,9.1.1,"Equipment for the Reception, Recording and Reproduction of Sound and Pictures",2021-04-01,45.805
EUA,9.1.1,"Equipment for the Reception, Recording and Reproduction of Sound and Pictures",2021-05-01,45.954
EUA,9.1.1,"Equipment for the Reception, Recording and Reproduction of Sound and Pictures",2021-06-01,46.115
EUA,9.1.1,"Equipment for the Reception, Recording and Reproduction of Sound and Pictures",2021-07-01,46.529
EUA,9.1.1,"Equipment for the Reception, Recording and Reproduction of Sound and Pictures",2021-08-01,47.303
EUA,9.1.1,"Equipment for the Reception, Recording and Reproduction of Sound and Pictures",2021-09-01,46.923
EUA,9.1.1,"Equipment for the Reception, Recording and Reproduction of Sound and Pictures",2021-10-01,46.524
EUA,9.1.1,"Equipment for the Reception, Recording and Reproduction of Sound and Pictures",2021-11-01,46.037
EUA,9.1.1,"Equipment for the Reception, Recording and Reproduction of Sound and Pictures",2021-12-01,44.969
EUA,9.1.1,"Equipment for the Reception, Recording and Reproduction of Sound and Pictures",2022-01-01,44.993
EUA,9.1.1,"Equipment for the Reception, Recording and Reproduction of Sound and Pictures",2022-02-01,44.982
EUA,9.1.1,"Equipment for the Reception, Recording and Reproduction of Sound and Pictures",2022-03-01,43.896
EUA,9.1.1,"Equipment for the Reception, Recording and Reproduction of Sound and Pictures",2022-04-01,43.484
EUA,9.1.1,"Equipment for the Reception, Recording and Reproduction of Sound and Pictures",2022-05-01,43.046
EUA,9.1.1,"Equipment for the Reception, Recording and Reproduction of Sound and Pictures",2022-06-01,43.015
EUA,9.1.1,"Equipment for the Reception, Recording and Reproduction of Sound and Pictures",2022-07-01,42.703
EUA,9.1.1,"Equipment for the Reception, Recording and Reproduction of Sound and Pictures",2022-08-01,42.065
EUA,9.1.1,"Equipment for the Reception, Recording and Reproduction of Sound and Pictures",2022-09-01,42.299
EUA,9.1.1,"Equipment for the Reception, Recording and Reproduction of Sound and Pictures",2022-10-01,42.311
EUA,9.1.1,"Equipment for the Reception, Recording and Reproduction of Sound and Pictures",2022-11-01,41.216
EUA,9.1.1,"Equipment for the Reception, Recording and Reproduction of Sound and Pictures",2022-12-01,40.665
EUA,9.1.1,"Equipment for the Reception, Recording and Reproduction of Sound and Pictures",2023-01-01,41.372
EUA,9.1.1,"Equipment for the Reception, Recording and Reproduction of Sound and Pictures",2023-02-01,40.958
EUA,9.1.1,"Equipment for the Reception, Recording and Reproduction of Sound and Pictures",2023-03-01,40.536
EUA,9.1.1,"Equipment for the Reception, Recording and Reproduction of Sound and Pictures",2023-04-01,40.78
EUA,9.1.1,"Equipment for the Reception, Recording and Reproduction of Sound and Pictures",2023-05-01,40.436
EUA,9.1.1,"Equipment for the Reception, Recording and Reproduction of Sound and Pictures",2023-06-01,40.157
EUA,9.1.1,"Equipment for the Reception, Recording and Reproduction of Sound and Pictures",2023-07-01,39.738
EUA,9.1.1,"Equipment for the Reception, Recording and Reproduction of Sound and Pictures",2023-08-01,39.021
EUA,9.1.1,"Equipment for the Reception, Recording and Reproduction of Sound and Pictures",2023-09-01,39.24
EUA,9.1.1,"Equipment for the Reception, Recording and Reproduction of Sound and Pictures",2023-10-01,39.213
EUA,9.1.1,"Equipment for the Reception, Recording and Reproduction of Sound and Pictures",2023-11-01,38.058
EUA,9.1.1,"Equipment for the Reception, Recording and Reproduction of Sound and Pictures",2023-12-01,37.154
EUA,9.1.1,"Equipment for the Reception, Recording and Reproduction of Sound and Pictures",2024-01-01,37.955
EUA,9.1.1,"Equipment for the Reception, Recording and Reproduction of Sound and Pictures",2024-02-01,38.63
EUA,9.1.1,"Equipment for the Reception, Recording and Reproduction of Sound and Pictures",2024-03-01,37.938
EUA,9.1.1,"Equipment for the Reception, Recording and Reproduction of Sound and Pictures",2024-04-01,37.706
EUA,9.1.1,"Equipment for the Reception, Recording and Reproduction of Sound and Pictures",2024-05-01,37.755
EUA,9.1.1,"Equipment for the Reception, Recording and Reproduction of Sound and Pictures",2024-06-01,37.838
EUA,9.1.1,"Equipment for the Reception, Recording and Reproduction of Sound and Pictures",2024-07-01,37.891
EUA,9.1.1,"Equipment for the Reception, Recording and Reproduction of Sound and Pictures",2024-08-01,37.458
EUA,9.1.1,"Equipment for the Reception, Recording and Reproduction of Sound and Pictures",2024-09-01,37.459
EUA,9.1.1,"Equipment for the Reception, Recording and Reproduction of Sound and Pictures",2024-10-01,37.858
EUA,9.1.1,"Equipment for the Reception, Recording and Reproduction of Sound and Pictures",2024-11-01,36.985
EUA,9.1.1,"Equipment for the Reception, Recording and Reproduction of Sound and Pictures",2024-12-01,36.219
EUA,9.1.2,Photographic and Cinematographic Equipment and Optical Instruments,2013-12-01,100.0
EUA,9.1.2,Photographic and Cinematographic Equipment and Optical Instruments,2014-01-01,100.649
EUA,9.1.2,Photographic and Cinematographic Equipment and Optical Instruments,2014-02-01,100.118
EUA,9.1.2,Photographic and Cinematographic Equipment and Optical Instruments,2014-03-01,101.833
EUA,9.1.2,Photographic and Cinematographic Equipment and Optical Instruments,2014-04-01,104.201
EUA,9.1.2,Photographic and Cinematographic Equipment and Optical Instruments,2014-05-01,104.24
EUA,9.1.2,Photographic and Cinematographic Equipment and Optical Instruments,2014-06-01,103.541
EUA,9.1.2,Photographic and Cinematographic Equipment and Optical Instruments,2014-07-01,102.453
EUA,9.1.2,Photographic and Cinematographic Equipment and Optical Instruments,2014-08-01,104.743
EUA,9.1.2,Photographic and Cinematographic Equipment and Optical Instruments,2014-09-01,104.895
EUA,9.1.2,Photographic and Cinematographic Equipment and Optical Instruments,2014-10-01,102.947
EUA,9.1.2,Photographic and Cinematographic Equipment and Optical Instruments,2014-11-01,101.501
EUA,9.1.2,Photographic and Cinematographic Equipment and Optical Instruments,2014-12-01,98.055
EUA,9.1.2,Photographic and Cinematographic Equipment and Optical Instruments,2015-01-01,97.311
EUA,9.1.2,Photographic and Cinematographic Equipment and Optical Instruments,2015-02-01,97.389
EUA,9.1.2,Photographic and Cinematographic Equipment and Optical Instruments,2015-03-01,96.847
EUA,9.1.2,Photographic and Cinematographic Equipment and Optical Instruments,2015-04-01,97.215
EUA,9.1.2,Photographic and Cinematographic Equipment and Optical Instruments,2015-05-01,96.312
EUA,9.1.2,Photographic and Cinematographic Equipment and Optical Instruments,2015-06-01,96.288
EUA,9.1.2,Photographic and Cinematographic Equipment and Optical Instruments,2015-07-01,96.752
EUA,9.1.2,Photographic and Cinematographic Equipment and Optical Instruments,2015-08-01,96.846
EUA,9.1.2,Photographic and Cinematographic Equipment and Optical Instruments,2015-09-01,96.77
EUA,9.1.2,Photographic and Cinematographic Equipment and Optical Instruments,2015-10-01,95.852
EUA,9.1.2,Photographic and Cinematographic Equipment and Optical Instruments,2015-11-01,94.581
EUA,9.1.2,Photographic and Cinematographic Equipment and Optical Instruments,2015-12-01,92.6
EUA,9.1.2,Photographic and Cinematographic Equipment and Optical Instruments,2016-01-01,92.469
EUA,9.1.2,Photographic and Cinematographic Equipment and Optical Instruments,2016-02-01,92.346
EUA,9.1.2,Photographic and Cinematographic Equipment and Optical Instruments,2016-03-01,92.22
EUA,9.1.2,Photographic and Cinematographic Equipment and Optical Instruments,2016-04-01,90.951
EUA,9.1.2,Photographic and Cinematographic Equipment and Optical Instruments,2016-05-01,91.207
EUA,9.1.2,Photographic and Cinematographic Equipment and Optical Instruments,2016-06-01,92.389
EUA,9.1.2,Photographic and Cinematographic Equipment and Optical Instruments,2016-07-01,94.871
EUA,9.1.2,Photographic and Cinematographic Equipment and Optical Instruments,2016-08-01,96.348
EUA,9.1.2,Photographic and Cinematographic Equipment and Optical Instruments,2016-09-01,96.333
EUA,9.1.2,Photographic and Cinematographic Equipment and Optical Instruments,2016-10-01,97.126
EUA,9.1.2,Photographic and Cinematographic Equipment and Optical Instruments,2016-11-01,96.426
EUA,9.1.2,Photographic and Cinematographic Equipment and Optical Instruments,2016-12-01,95.459
EUA,9.1.2,Photographic and Cinematographic Equipment and Optical Instruments,2017-01-01,95.348
EUA,9.1.2,Photographic and Cinematographic Equipment and Optical Instruments,2017-02-01,96.23
EUA,9.1.2,Photographic and Cinematographic Equipment and Optical Instruments,2017-03-01,95.91
EUA,9.1.2,Photographic and Cinematographic Equipment and Optical Instruments,2017-04-01,96.23
EUA,9.1.2,Photographic and Cinematographic Equipment and Optical Instruments,2017-05-01,95.491
EUA,9.1.2,Photographic and Cinematographic Equipment and Optical Instruments,2017-06-01,95.309
EUA,9.1.2,Photographic and Cinematographic Equipment and Optical Instruments,2017-07-01,96.315
EUA,9.1.2,Photographic and Cinematographic Equipment and Optical Instruments,2017-08-01,96.982
EUA,9.1.2,Photographic and Cinematographic Equipment and Optical Instruments,2017-09-01,97.65
EUA,9.1.2,Photographic and Cinematographic Equipment and Optical Instruments,2017-10-01,97.849
EUA,9.1.2,Photographic and Cinematographic Equipment and Optical Instruments,2017-11-01,97.657
EUA,9.1.2,Photographic and Cinematographic Equipment and Optical Instruments,2017-12-01,93.741
EUA,9.1.2,Photographic and Cinematographic Equipment and Optical Instruments,2018-01-01,92.091
EUA,9.1.2,Photographic and Cinematographic Equipment and Optical Instruments,2018-02-01,94.03
EUA,9.1.2,Photographic and Cinematographic Equipment and Optical Instruments,2018-03-01,95.516
EUA,9.1.2,Photographic and Cinematographic Equipment and Optical Instruments,2018-04-01,96.975
EUA,9.1.2,Photographic and Cinematographic Equipment and Optical Instruments,2018-05-01,94.644
EUA,9.1.2,Photographic and Cinematographic Equipment and Optical Instruments,2018-06-01,90.197
EUA,9.1.2,Photographic and Cinematographic Equipment and Optical Instruments,2018-07-01,90.685
EUA,9.1.2,Photographic and Cinematographic Equipment and Optical Instruments,2018-08-01,92.362
EUA,9.1.2,Photographic and Cinematographic Equipment and Optical Instruments,2018-09-01,92.252
EUA,9.1.2,Photographic and Cinematographic Equipment and Optical Instruments,2018-10-01,93.617
EUA,9.1.2,Photographic and Cinematographic Equipment and Optical Instruments,2018-11-01,93.708
EUA,9.1.2,Photographic and Cinematographic Equipment and Optical Instruments,2018-12-01,90.945
EUA,9.1.2,Photographic and Cinematographic Equipment and Optical Instruments,2019-01-01,91.876
EUA,9.1.2,Photographic and Cinematographic Equipment and Optical Instruments,2019-02-01,90.989
EUA,9.1.2,Photographic and Cinematographic Equipment and Optical Instruments,2019-03-01,91.539
EUA,9.1.2,Photographic and Cinematographic Equipment and Optical Instruments,2019-04-01,92.71
EUA,9.1.2,Photographic and Cinematographic Equipment and Optical Instruments,2019-05-01,92.082
EUA,9.1.2,Photographic and Cinematographic Equipment and Optical Instruments,2019-06-01,92.029
EUA,9.1.2,Photographic and Cinematographic Equipment and Optical Instruments,2019-07-01,93.65
EUA,9.1.2,Photographic and Cinematographic Equipment and Optical Instruments,2019-08-01,94.861
EUA,9.1.2,Photographic and Cinematographic Equipment and Optical Instruments,2019-09-01,96.017
EUA,9.1.2,Photographic and Cinematographic Equipment and Optical Instruments,2019-10-01,95.911
EUA,9.1.2,Photographic and Cinematographic Equipment and Optical Instruments,2019-11-01,95.955
EUA,9.1.2,Photographic and Cinematographic Equipment and Optical Instruments,2019-12-01,92.23
EUA,9.1.2,Photographic and Cinematographic Equipment and Optical Instruments,2020-01-01,93.67
EUA,9.1.2,Photographic and Cinematographic Equipment and Optical Instruments,2020-02-01,97.131
EUA,9.1.2,Photographic and Cinematographic Equipment and Optical Instruments,2020-03-01,97.748
EUA,9.1.2,Photographic and Cinematographic Equipment and Optical Instruments,2020-04-01,98.032
EUA,9.1.2,Photographic and Cinematographic Equipment and Optical Instruments,2020-05-01,96.873
EUA,9.1.2,Photographic and Cinematographic Equipment and Optical Instruments,2020-06-01,95.876
EUA,9.1.2,Photographic and Cinematographic Equipment and Optical Instruments,2020-07-01,96.722
EUA,9.1.2,Photographic and Cinematographic Equipment and Optical Instruments,2020-08-01,97.483
EUA,9.1.2,Photographic and Cinematographic Equipment and Optical Instruments,2020-09-01,97.076
EUA,9.1.2,Photographic and Cinematographic Equipment and Optical Instruments,2020-10-01,97.413
EUA,9.1.2,Photographic and Cinematographic Equipment and Optical Instruments,2020-11-01,97.047
EUA,9.1.2,Photographic and Cinematographic Equipment and Optical Instruments,2020-12-01,96.027
EUA,9.1.2,Photographic and Cinematographic Equipment and Optical Instruments,2021-01-01,97.57
EUA,9.1.2,Photographic and Cinematographic Equipment and Optical Instruments,2021-02-01,98.563
EUA,9.1.2,Photographic and Cinematographic Equipment and Optical Instruments,2021-03-01,98.273
EUA,9.1.2,Photographic and Cinematographic Equipment and Optical Instruments,2021-04-01,98.613
EUA,9.1.2,Photographic and Cinematographic Equipment and Optical Instruments,2021-05-01,99.026
EUA,9.1.2,Photographic and Cinematographic Equipment and Optical Instruments,2021-06-01,98.808
EUA,9.1.2,Photographic and Cinematographic Equipment and Optical Instruments,2021-07-01,99.457
EUA,9.1.2,Photographic and Cinematographic Equipment and Optical Instruments,2021-08-01,100.815
EUA,9.1.2,Photographic and Cinematographic Equipment and Optical Instruments,2021-09-01,101.332
EUA,9.1.2,Photographic and Cinematographic Equipment and Optical Instruments,2021-10-01,101.003
EUA,9.1.2,Photographic and Cinematographic Equipment and Optical Instruments,2021-11-01,100.317
EUA,9.1.2,Photographic and Cinematographic Equipment and Optical Instruments,2021-12-01,98.763
EUA,9.1.2,Photographic and Cinematographic Equipment and Optical Instruments,2022-01-01,99.144
EUA,9.1.2,Photographic and Cinematographic Equipment and Optical Instruments,2022-02-01,100.125
EUA,9.1.2,Photographic and Cinematographic Equipment and Optical Instruments,2022-03-01,100.082
EUA,9.1.2,Photographic and Cinematographic Equipment and Optical Instruments,2022-04-01,99.424
EUA,9.1.2,Photographic and Cinematographic Equipment and Optical Instruments,2022-05-01,100.749
EUA,9.1.2,Photographic and Cinematographic Equipment and Optical Instruments,2022-06-01,99.513
EUA,9.1.2,Photographic and Cinematographic Equipment and Optical Instruments,2022-07-01,102.928
EUA,9.1.2,Photographic and Cinematographic Equipment and Optical Instruments,2022-08-01,104.488
EUA,9.1.2,Photographic and Cinematographic Equipment and Optical Instruments,2022-09-01,104.708
EUA,9.1.2,Photographic and Cinematographic Equipment and Optical Instruments,2022-10-01,102.725
EUA,9.1.2,Photographic and Cinematographic Equipment and Optical Instruments,2022-11-01,100.616
EUA,9.1.2,Photographic and Cinematographic Equipment and Optical Instruments,2022-12-01,101.147
EUA,9.1.2,Photographic and Cinematographic Equipment and Optical Instruments,2023-01-01,101.668
EUA,9.1.2,Photographic and Cinematographic Equipment and Optical Instruments,2023-02-01,102.579
EUA,9.1.2,Photographic and Cinematographic Equipment and Optical Instruments,2023-03-01,103.257
EUA,9.1.2,Photographic and Cinematographic Equipment and Optical Instruments,2023-04-01,102.89
EUA,9.1.2,Photographic and Cinematographic Equipment and Optical Instruments,2023-05-01,102.809
EUA,9.1.2,Photographic and Cinematographic Equipment and Optical Instruments,2023-06-01,103.126
EUA,9.1.2,Photographic and Cinematographic Equipment and Optical Instruments,2023-07-01,101.917
EUA,9.1.2,Photographic and Cinematographic Equipment and Optical Instruments,2023-08-01,100.608
EUA,9.1.2,Photographic and Cinematographic Equipment and Optical Instruments,2023-09-01,102.936
EUA,9.1.2,Photographic and Cinematographic Equipment and Optical Instruments,2023-10-01,107.976
EUA,9.1.2,Photographic and Cinematographic Equipment and Optical Instruments,2023-11-01,108.888
EUA,9.1.2,Photographic and Cinematographic Equipment and Optical Instruments,2023-12-01,107.248
EUA,9.1.2,Photographic and Cinematographic Equipment and Optical Instruments,2024-01-01,109.43
EUA,9.1.2,Photographic and Cinematographic Equipment and Optical Instruments,2024-02-01,111.028
EUA,9.1.2,Photographic and Cinematographic Equipment and Optical Instruments,2024-03-01,110.885
EUA,9.1.2,Photographic and Cinematographic Equipment and Optical Instruments,2024-04-01,110.849
EUA,9.1.2,Photographic and Cinematographic Equipment and Optical Instruments,2024-05-01,111.07
EUA,9.1.2,Photographic and Cinematographic Equipment and Optical Instruments,2024-06-01,112.16
EUA,9.1.2,Photographic and Cinematographic Equipment and Optical Instruments,2024-07-01,112.879
EUA,9.1.2,Photographic and Cinematographic Equipment and Optical Instruments,2024-08-01,113.107
EUA,9.1.2,Photographic and Cinematographic Equipment and Optical Instruments,2024-09-01,112.123
EUA,9.1.2,Photographic and Cinematographic Equipment and Optical Instruments,2024-10-01,112.601
EUA,9.1.2,Photographic and Cinematographic Equipment and Optical Instruments,2024-11-01,111.481
EUA,9.1.2,Photographic and Cinematographic Equipment and Optical Instruments,2024-12-01,109.063
EUA,9.1.3,Information Processing Equipment,2013-12-01,100.0
EUA,9.1.3,Information Processing Equipment,2014-01-01,99.631
EUA,9.1.3,Information Processing Equipment,2014-02-01,99.228
EUA,9.1.3,Information Processing Equipment,2014-03-01,99.054
EUA,9.1.3,Information Processing Equipment,2014-04-01,99.199
EUA,9.1.3,Information Processing Equipment,2014-05-01,98.072
EUA,9.1.3,Information Processing Equipment,2014-06-01,97.522
EUA,9.1.3,Information Processing Equipment,2014-07-01,96.895
EUA,9.1.3,Information Processing Equipment,2014-08-01,95.285
EUA,9.1.3,Information Processing Equipment,2014-09-01,94.084
EUA,9.1.3,Information Processing Equipment,2014-10-01,93.787
EUA,9.1.3,Information Processing Equipment,2014-11-01,92.685
EUA,9.1.3,Information Processing Equipment,2014-12-01,90.781
EUA,9.1.3,Information Processing Equipment,2015-01-01,90.431
EUA,9.1.3,Information Processing Equipment,2015-02-01,90.741
EUA,9.1.3,Information Processing Equipment,2015-03-01,90.294
EUA,9.1.3,Information Processing Equipment,2015-04-01,90.649
EUA,9.1.3,Information Processing Equipment,2015-05-01,90.2
EUA,9.1.3,Information Processing Equipment,2015-06-01,89.26
EUA,9.1.3,Information Processing Equipment,2015-07-01,88.654
EUA,9.1.3,Information Processing Equipment,2015-08-01,87.595
EUA,9.1.3,Information Processing Equipment,2015-09-01,87.943
EUA,9.1.3,Information Processing Equipment,2015-10-01,87.621
EUA,9.1.3,Information Processing Equipment,2015-11-01,86.844
EUA,9.1.3,Information Processing Equipment,2015-12-01,85.598
EUA,9.1.3,Information Processing Equipment,2016-01-01,84.654
EUA,9.1.3,Information Processing Equipment,2016-02-01,84.281
EUA,9.1.3,Information Processing Equipment,2016-03-01,83.886
EUA,9.1.3,Information Processing Equipment,2016-04-01,84.314
EUA,9.1.3,Information Processing Equipment,2016-05-01,82.896
EUA,9.1.3,Information Processing Equipment,2016-06-01,82.38
EUA,9.1.3,Information Processing Equipment,2016-07-01,82.022
EUA,9.1.3,Information Processing Equipment,2016-08-01,81.38
EUA,9.1.3,Information Processing Equipment,2016-09-01,81.192
EUA,9.1.3,Information Processing Equipment,2016-10-01,80.668
EUA,9.1.3,Information Processing Equipment,2016-11-01,80.127
EUA,9.1.3,Information Processing Equipment,2016-12-01,79.698
EUA,9.1.3,Information Processing Equipment,2017-01-01,80.344
EUA,9.1.3,Information Processing Equipment,2017-02-01,80.008
EUA,9.1.3,Information Processing Equipment,2017-03-01,79.006
EUA,9.1.3,Information Processing Equipment,2017-04-01,78.949
EUA,9.1.3,Information Processing Equipment,2017-05-01,78.628
EUA,9.1.3,Information Processing Equipment,2017-06-01,79.032
EUA,9.1.3,Information Processing Equipment,2017-07-01,79.842
EUA,9.1.3,Information Processing Equipment,2017-08-01,78.905
EUA,9.1.3,Information Processing Equipment,2017-09-01,78.166
EUA,9.1.3,Information Processing Equipment,2017-10-01,78.557
EUA,9.1.3,Information Processing Equipment,2017-11-01,77.986
EUA,9.1.3,Information Processing Equipment,2017-12-01,76.891
EUA,9.1.3,Information Processing Equipment,2018-01-01,77.297
EUA,9.1.3,Information Processing Equipment,2018-02-01,76.814
EUA,9.1.3,Information Processing Equipment,2018-03-01,76.618
EUA,9.1.3,Information Processing Equipment,2018-04-01,76.902
EUA,9.1.3,Information Processing Equipment,2018-05-01,76.693
EUA,9.1.3,Information Processing Equipment,2018-06-01,76.059
EUA,9.1.3,Information Processing Equipment,2018-07-01,74.91
EUA,9.1.3,Information Processing Equipment,2018-08-01,75.427
EUA,9.1.3,Information Processing Equipment,2018-09-01,76.169
EUA,9.1.3,Information Processing Equipment,2018-10-01,75.245
EUA,9.1.3,Information Processing Equipment,2018-11-01,74.022
EUA,9.1.3,Information Processing Equipment,2018-12-01,74.301
EUA,9.1.3,Information Processing Equipment,2019-01-01,74.066
EUA,9.1.3,Information Processing Equipment,2019-02-01,73.397
EUA,9.1.3,Information Processing Equipment,2019-03-01,73.693
EUA,9.1.3,Information Processing Equipment,2019-04-01,73.005
EUA,9.1.3,Information Processing Equipment,2019-05-01,72.56
EUA,9.1.3,Information Processing Equipment,2019-06-01,71.432
EUA,9.1.3,Information Processing Equipment,2019-07-01,73.118
EUA,9.1.3,Information Processing Equipment,2019-08-01,73.568
EUA,9.1.3,Information Processing Equipment,2019-09-01,72.975
EUA,9.1.3,Information Processing Equipment,2019-10-01,71.578
EUA,9.1.3,Information Processing Equipment,2019-11-01,71.312
EUA,9.1.3,Information Processing Equipment,2019-12-01,69.813
EUA,9.1.3,Information Processing Equipment,2020-01-01,69.296
EUA,9.1.3,Information Processing Equipment,2020-02-01,70.156
EUA,9.1.3,Information Processing Equipment,2020-03-01,70.841
EUA,9.1.3,Information Processing Equipment,2020-04-01,71.18
EUA,9.1.3,Information Processing Equipment,2020-05-01,70.573
EUA,9.1.3,Information Processing Equipment,2020-06-01,70.67
EUA,9.1.3,Information Processing Equipment,2020-07-01,70.606
EUA,9.1.3,Information Processing Equipment,2020-08-01,70.832
EUA,9.1.3,Information Processing Equipment,2020-09-01,68.261
EUA,9.1.3,Information Processing Equipment,2020-10-01,67.823
EUA,9.1.3,Information Processing Equipment,2020-11-01,69.169
EUA,9.1.3,Information Processing Equipment,2020-12-01,69.767
EUA,9.1.3,Information Processing Equipment,2021-01-01,69.677
EUA,9.1.3,Information Processing Equipment,2021-02-01,69.455
EUA,9.1.3,Information Processing Equipment,2021-03-01,68.243
EUA,9.1.3,Information Processing Equipment,2021-04-01,71.341
EUA,9.1.3,Information Processing Equipment,2021-05-01,71.781
EUA,9.1.3,Information Processing Equipment,2021-06-01,71.771
EUA,9.1.3,Information Processing Equipment,2021-07-01,72.553
EUA,9.1.3,Information Processing Equipment,2021-08-01,72.678
EUA,9.1.3,Information Processing Equipment,2021-09-01,73.326
EUA,9.1.3,Information Processing Equipment,2021-10-01,72.84
EUA,9.1.3,Information Processing Equipment,2021-11-01,71.891
EUA,9.1.3,Information Processing Equipment,2021-12-01,71.288
EUA,9.1.3,Information Processing Equipment,2022-01-01,71.654
EUA,9.1.3,Information Processing Equipment,2022-02-01,72.049
EUA,9.1.3,Information Processing Equipment,2022-03-01,72.446
EUA,9.1.3,Information Processing Equipment,2022-04-01,70.902
EUA,9.1.3,Information Processing Equipment,2022-05-01,69.955
EUA,9.1.3,Information Processing Equipment,2022-06-01,70.812
EUA,9.1.3,Information Processing Equipment,2022-07-01,69.655
EUA,9.1.3,Information Processing Equipment,2022-08-01,69.303
EUA,9.1.3,Information Processing Equipment,2022-09-01,70.354
EUA,9.1.3,Information Processing Equipment,2022-10-01,69.99
EUA,9.1.3,Information Processing Equipment,2022-11-01,68.182
EUA,9.1.3,Information Processing Equipment,2022-12-01,66.712
EUA,9.1.3,Information Processing Equipment,2023-01-01,66.869
EUA,9.1.3,Information Processing Equipment,2023-02-01,67.586
EUA,9.1.3,Information Processing Equipment,2023-03-01,67.906
EUA,9.1.3,Information Processing Equipment,2023-04-01,67.058
EUA,9.1.3,Information Processing Equipment,2023-05-01,66.809
EUA,9.1.3,Information Processing Equipment,2023-06-01,66.861
EUA,9.1.3,Information Processing Equipment,2023-07-01,65.864
EUA,9.1.3,Information Processing Equipment,2023-08-01,65.328
EUA,9.1.3,Information Processing Equipment,2023-09-01,66.347
EUA,9.1.3,Information Processing Equipment,2023-10-01,65.754
EUA,9.1.3,Information Processing Equipment,2023-11-01,64.622
EUA,9.1.3,Information Processing Equipment,2023-12-01,63.778
EUA,9.1.3,Information Processing Equipment,2024-01-01,64.541
EUA,9.1.3,Information Processing Equipment,2024-02-01,64.843
EUA,9.1.3,Information Processing Equipment,2024-03-01,64.283
EUA,9.1.3,Information Processing Equipment,2024-04-01,64.452
EUA,9.1.3,Information Processing Equipment,2024-05-01,63.405
EUA,9.1.3,Information Processing Equipment,2024-06-01,62.826
EUA,9.1.3,Information Processing Equipment,2024-07-01,63.171
EUA,9.1.3,Information Processing Equipment,2024-08-01,62.876
EUA,9.1.3,Information Processing Equipment,2024-09-01,62.181
EUA,9.1.3,Information Processing Equipment,2024-10-01,61.363
EUA,9.1.3,Information Processing Equipment,2024-11-01,60.251
EUA,9.1.3,Information Processing Equipment,2024-12-01,59.647
EUA,9.1.4,Recording Media,2013-12-01,100.0
EUA,9.1.4,Recording Media,2014-01-01,100.294
EUA,9.1.4,Recording Media,2014-02-01,99.692
EUA,9.1.4,Recording Media,2014-03-01,100.217
EUA,9.1.4,Recording Media,2014-04-01,101.006
EUA,9.1.4,Recording Media,2014-05-01,100.566
EUA,9.1.4,Recording Media,2014-06-01,100.794
EUA,9.1.4,Recording Media,2014-07-01,99.453
EUA,9.1.4,Recording Media,2014-08-01,98.836
EUA,9.1.4,Recording Media,2014-09-01,97.826
EUA,9.1.4,Recording Media,2014-10-01,98.118
EUA,9.1.4,Recording Media,2014-11-01,97.7
EUA,9.1.4,Recording Media,2014-12-01,97.083
EUA,9.1.4,Recording Media,2015-01-01,97.689
EUA,9.1.4,Recording Media,2015-02-01,98.431
EUA,9.1.4,Recording Media,2015-03-01,97.679
EUA,9.1.4,Recording Media,2015-04-01,97.665
EUA,9.1.4,Recording Media,2015-05-01,98.603
EUA,9.1.4,Recording Media,2015-06-01,97.115
EUA,9.1.4,Recording Media,2015-07-01,97.325
EUA,9.1.4,Recording Media,2015-08-01,97.869
EUA,9.1.4,Recording Media,2015-09-01,98.592
EUA,9.1.4,Recording Media,2015-10-01,98.588
EUA,9.1.4,Recording Media,2015-11-01,97.375
EUA,9.1.4,Recording Media,2015-12-01,98.183
EUA,9.1.4,Recording Media,2016-01-01,98.402
EUA,9.1.4,Recording Media,2016-02-01,97.842
EUA,9.1.4,Recording Media,2016-03-01,97.816
EUA,9.1.4,Recording Media,2016-04-01,98.736
EUA,9.1.4,Recording Media,2016-05-01,99.813
EUA,9.1.4,Recording Media,2016-06-01,99.309
EUA,9.1.4,Recording Media,2016-07-01,97.739
EUA,9.1.4,Recording Media,2016-08-01,97.208
EUA,9.1.4,Recording Media,2016-09-01,96.745
EUA,9.1.4,Recording Media,2016-10-01,94.878
EUA,9.1.4,Recording Media,2016-11-01,95.096
EUA,9.1.4,Recording Media,2016-12-01,94.714
EUA,9.1.4,Recording Media,2017-01-01,96.182
EUA,9.1.4,Recording Media,2017-02-01,96.769
EUA,9.1.4,Recording Media,2017-03-01,96.813
EUA,9.1.4,Recording Media,2017-04-01,97.907
EUA,9.1.4,Recording Media,2017-05-01,97.592
EUA,9.1.4,Recording Media,2017-06-01,96.066
EUA,9.1.4,Recording Media,2017-07-01,95.186
EUA,9.1.4,Recording Media,2017-08-01,96.28
EUA,9.1.4,Recording Media,2017-09-01,95.927
EUA,9.1.4,Recording Media,2017-10-01,96.266
EUA,9.1.4,Recording Media,2017-11-01,93.605
EUA,9.1.4,Recording Media,2017-12-01,95.342
EUA,9.1.4,Recording Media,2018-01-01,98.862
EUA,9.1.4,Recording Media,2018-02-01,98.909
EUA,9.1.4,Recording Media,2018-03-01,98.643
EUA,9.1.4,Recording Media,2018-04-01,98.638
EUA,9.1.4,Recording Media,2018-05-01,99.433
EUA,9.1.4,Recording Media,2018-06-01,98.076
EUA,9.1.4,Recording Media,2018-07-01,97.729
EUA,9.1.4,Recording Media,2018-08-01,95.39
EUA,9.1.4,Recording Media,2018-09-01,96.921
EUA,9.1.4,Recording Media,2018-10-01,99.827
EUA,9.1.4,Recording Media,2018-11-01,99.608
EUA,9.1.4,Recording Media,2018-12-01,96.612
EUA,9.1.4,Recording Media,2019-01-01,100.213
EUA,9.1.4,Recording Media,2019-02-01,102.268
EUA,9.1.4,Recording Media,2019-03-01,103.294
EUA,9.1.4,Recording Media,2019-04-01,102.461
EUA,9.1.4,Recording Media,2019-05-01,101.515
EUA,9.1.4,Recording Media,2019-06-01,103.029
EUA,9.1.4,Recording Media,2019-07-01,98.702
EUA,9.1.4,Recording Media,2019-08-01,99.255
EUA,9.1.4,Recording Media,2019-09-01,100.034
EUA,9.1.4,Recording Media,2019-10-01,98.457
EUA,9.1.4,Recording Media,2019-11-01,97.155
EUA,9.1.4,Recording Media,2019-12-01,96.067
EUA,9.1.4,Recording Media,2020-01-01,93.845
EUA,9.1.4,Recording Media,2020-02-01,93.34
EUA,9.1.4,Recording Media,2020-03-01,93.77
EUA,9.1.4,Recording Media,2020-04-01,94.025
EUA,9.1.4,Recording Media,2020-05-01,92.542
EUA,9.1.4,Recording Media,2020-06-01,93.489
EUA,9.1.4,Recording Media,2020-07-01,95.305
EUA,9.1.4,Recording Media,2020-08-01,95.534
EUA,9.1.4,Recording Media,2020-09-01,96.401
EUA,9.1.4,Recording Media,2020-10-01,94.075
EUA,9.1.4,Recording Media,2020-11-01,89.183
EUA,9.1.4,Recording Media,2020-12-01,88.948
EUA,9.1.4,Recording Media,2021-01-01,89.37
EUA,9.1.4,Recording Media,2021-02-01,91.971
EUA,9.1.4,Recording Media,2021-03-01,90.902
EUA,9.1.4,Recording Media,2021-04-01,88.431
EUA,9.1.4,Recording Media,2021-05-01,88.85
EUA,9.1.4,Recording Media,2021-06-01,88.427
EUA,9.1.4,Recording Media,2021-07-01,89.253
EUA,9.1.4,Recording Media,2021-08-01,91.021
EUA,9.1.4,Recording Media,2021-09-01,90.275
EUA,9.1.4,Recording Media,2021-10-01,90.764
EUA,9.1.4,Recording Media,2021-11-01,89.17
EUA,9.1.4,Recording Media,2021-12-01,88.401
EUA,9.1.4,Recording Media,2022-01-01,88.193
EUA,9.1.4,Recording Media,2022-02-01,88.63
EUA,9.1.4,Recording Media,2022-03-01,88.982
EUA,9.1.4,Recording Media,2022-04-01,89.623
EUA,9.1.4,Recording Media,2022-05-01,91.663
EUA,9.1.4,Recording Media,2022-06-01,92.574
EUA,9.1.4,Recording Media,2022-07-01,94.162
EUA,9.1.4,Recording Media,2022-08-01,95.302
EUA,9.1.4,Recording Media,2022-09-01,95.338
EUA,9.1.4,Recording Media,2022-10-01,95.529
EUA,9.1.4,Recording Media,2022-11-01,94.822
EUA,9.1.4,Recording Media,2022-12-01,95.08
EUA,9.1.4,Recording Media,2023-01-01,95.964
EUA,9.1.4,Recording Media,2023-02-01,96.136
EUA,9.1.4,Recording Media,2023-03-01,95.24
EUA,9.1.4,Recording Media,2023-04-01,95.662
EUA,9.1.4,Recording Media,2023-05-01,96.746
EUA,9.1.4,Recording Media,2023-06-01,96.51
EUA,9.1.4,Recording Media,2023-07-01,96.435
EUA,9.1.4,Recording Media,2023-08-01,97.496
EUA,9.1.4,Recording Media,2023-09-01,98.624
EUA,9.1.4,Recording Media,2023-10-01,98.982
EUA,9.1.4,Recording Media,2023-11-01,98.414
EUA,9.1.4,Recording Media,2023-12-01,98.512
EUA,9.1.4,Recording Media,2024-01-01,99.387
EUA,9.1.4,Recording Media,2024-02-01,99.628
EUA,9.1.4,Recording Media,2024-03-01,103.069
EUA,9.1.4,Recording Media,2024-04-01,104.374
EUA,9.1.4,Recording Media,2024-05-01,102.498
EUA,9.1.4,Recording Media,2024-06-01,102.132
EUA,9.1.4,Recording Media,2024-07-01,104.996
EUA,9.1.4,Recording Media,2024-08-01,104.588
EUA,9.1.4,Recording Media,2024-09-01,105.497
EUA,9.1.4,Recording Media,2024-10-01,104.426
EUA,9.1.4,Recording Media,2024-11-01,102.289
EUA,9.1.4,Recording Media,2024-12-01,103.262
EUA,9.1.5,"Repair Of Audio-Visual, Photographic And Information Processing Equipment",2013-12-01,100.0
EUA,9.1.5,"Repair Of Audio-Visual, Photographic And Information Processing Equipment",2014-01-01,100.17
EUA,9.1.5,"Repair Of Audio-Visual, Photographic And Information Processing Equipment",2014-02-01,100.452
EUA,9.1.5,"Repair Of Audio-Visual, Photographic And Information Processing Equipment",2014-03-01,100.889
EUA,9.1.5,"Repair Of Audio-Visual, Photographic And Information Processing Equipment",2014-04-01,101.029
EUA,9.1.5,"Repair Of Audio-Visual, Photographic And Information Processing Equipment",2014-05-01,100.768
EUA,9.1.5,"Repair Of Audio-Visual, Photographic And Information Processing Equipment",2014-06-01,100.57
EUA,9.1.5,"Repair Of Audio-Visual, Photographic And Information Processing Equipment",2014-07-01,100.402
EUA,9.1.5,"Repair Of Audio-Visual, Photographic And Information Processing Equipment",2014-08-01,99.741
EUA,9.1.5,"Repair Of Audio-Visual, Photographic And Information Processing Equipment",2014-09-01,99.472
EUA,9.1.5,"Repair Of Audio-Visual, Photographic And Information Processing Equipment",2014-10-01,99.614
EUA,9.1.5,"Repair Of Audio-Visual, Photographic And Information Processing Equipment",2014-11-01,99.065
EUA,9.1.5,"Repair Of Audio-Visual, Photographic And Information Processing Equipment",2014-12-01,98.643
EUA,9.1.5,"Repair Of Audio-Visual, Photographic And Information Processing Equipment",2015-01-01,98.924
EUA,9.1.5,"Repair Of Audio-Visual, Photographic And Information Processing Equipment",2015-02-01,99.38
EUA,9.1.5,"Repair Of Audio-Visual, Photographic And Information Processing Equipment",2015-03-01,99.604
EUA,9.1.5,"Repair Of Audio-Visual, Photographic And Information Processing Equipment",2015-04-01,99.751
EUA,9.1.5,"Repair Of Audio-Visual, Photographic And Information Processing Equipment",2015-05-01,99.284
EUA,9.1.5,"Repair Of Audio-Visual, Photographic And Information Processing Equipment",2015-06-01,99.027
EUA,9.1.5,"Repair Of Audio-Visual, Photographic And Information Processing Equipment",2015-07-01,98.549
EUA,9.1.5,"Repair Of Audio-Visual, Photographic And Information Processing Equipment",2015-08-01,97.798
EUA,9.1.5,"Repair Of Audio-Visual, Photographic And Information Processing Equipment",2015-09-01,97.814
EUA,9.1.5,"Repair Of Audio-Visual, Photographic And Information Processing Equipment",2015-10-01,98.195
EUA,9.1.5,"Repair Of Audio-Visual, Photographic And Information Processing Equipment",2015-11-01,98.025
EUA,9.1.5,"Repair Of Audio-Visual, Photographic And Information Processing Equipment",2015-12-01,97.762
EUA,9.1.5,"Repair Of Audio-Visual, Photographic And Information Processing Equipment",2016-01-01,97.968
EUA,9.1.5,"Repair Of Audio-Visual, Photographic And Information Processing Equipment",2016-02-01,98.291
EUA,9.1.5,"Repair Of Audio-Visual, Photographic And Information Processing Equipment",2016-03-01,98.861
EUA,9.1.5,"Repair Of Audio-Visual, Photographic And Information Processing Equipment",2016-04-01,99.034
EUA,9.1.5,"Repair Of Audio-Visual, Photographic And Information Processing Equipment",2016-05-01,98.628
EUA,9.1.5,"Repair Of Audio-Visual, Photographic And Information Processing Equipment",2016-06-01,98.418
EUA,9.1.5,"Repair Of Audio-Visual, Photographic And Information Processing Equipment",2016-07-01,98.043
EUA,9.1.5,"Repair Of Audio-Visual, Photographic And Information Processing Equipment",2016-08-01,97.687
EUA,9.1.5,"Repair Of Audio-Visual, Photographic And Information Processing Equipment",2016-09-01,97.547
EUA,9.1.5,"Repair Of Audio-Visual, Photographic And Information Processing Equipment",2016-10-01,97.137
EUA,9.1.5,"Repair Of Audio-Visual, Photographic And Information Processing Equipment",2016-11-01,97.639
EUA,9.1.5,"Repair Of Audio-Visual, Photographic And Information Processing Equipment",2016-12-01,97.399
EUA,9.1.5,"Repair Of Audio-Visual, Photographic And Information Processing Equipment",2017-01-01,98.047
EUA,9.1.5,"Repair Of Audio-Visual, Photographic And Information Processing Equipment",2017-02-01,98.541
EUA,9.1.5,"Repair Of Audio-Visual, Photographic And Information Processing Equipment",2017-03-01,98.801
EUA,9.1.5,"Repair Of Audio-Visual, Photographic And Information Processing Equipment",2017-04-01,99.27
EUA,9.1.5,"Repair Of Audio-Visual, Photographic And Information Processing Equipment",2017-05-01,99.026
EUA,9.1.5,"Repair Of Audio-Visual, Photographic And Information Processing Equipment",2017-06-01,99.118
EUA,9.1.5,"Repair Of Audio-Visual, Photographic And Information Processing Equipment",2017-07-01,99.058
EUA,9.1.5,"Repair Of Audio-Visual, Photographic And Information Processing Equipment",2017-08-01,98.898
EUA,9.1.5,"Repair Of Audio-Visual, Photographic And Information Processing Equipment",2017-09-01,98.682
EUA,9.1.5,"Repair Of Audio-Visual, Photographic And Information Processing Equipment",2017-10-01,98.527
EUA,9.1.5,"Repair Of Audio-Visual, Photographic And Information Processing Equipment",2017-11-01,98.344
EUA,9.1.5,"Repair Of Audio-Visual, Photographic And Information Processing Equipment",2017-12-01,98.039
EUA,9.1.5,"Repair Of Audio-Visual, Photographic And Information Processing Equipment",2018-01-01,98.308
EUA,9.1.5,"Repair Of Audio-Visual, Photographic And Information Processing Equipment",2018-02-01,98.288
EUA,9.1.5,"Repair Of Audio-Visual, Photographic And Information Processing Equipment",2018-03-01,98.079
EUA,9.1.5,"Repair Of Audio-Visual, Photographic And Information Processing Equipment",2018-04-01,97.726
EUA,9.1.5,"Repair Of Audio-Visual, Photographic And Information Processing Equipment",2018-05-01,97.926
EUA,9.1.5,"Repair Of Audio-Visual, Photographic And Information Processing Equipment",2018-06-01,98.121
EUA,9.1.5,"Repair Of Audio-Visual, Photographic And Information Processing Equipment",2018-07-01,98.106
EUA,9.1.5,"Repair Of Audio-Visual, Photographic And Information Processing Equipment",2018-08-01,98.124
EUA,9.1.5,"Repair Of Audio-Visual, Photographic And Information Processing Equipment",2018-09-01,98.36
EUA,9.1.5,"Repair Of Audio-Visual, Photographic And Information Processing Equipment",2018-10-01,98.021
EUA,9.1.5,"Repair Of Audio-Visual, Photographic And Information Processing Equipment",2018-11-01,97.931
EUA,9.1.5,"Repair Of Audio-Visual, Photographic And Information Processing Equipment",2018-12-01,97.969
EUA,9.1.5,"Repair Of Audio-Visual, Photographic And Information Processing Equipment",2019-01-01,98.338
EUA,9.1.5,"Repair Of Audio-Visual, Photographic And Information Processing Equipment",2019-02-01,98.419
EUA,9.1.5,"Repair Of Audio-Visual, Photographic And Information Processing Equipment",2019-03-01,98.219
EUA,9.1.5,"Repair Of Audio-Visual, Photographic And Information Processing Equipment",2019-04-01,98.146
EUA,9.1.5,"Repair Of Audio-Visual, Photographic And Information Processing Equipment",2019-05-01,97.716
EUA,9.1.5,"Repair Of Audio-Visual, Photographic And Information Processing Equipment",2019-06-01,97.435
EUA,9.1.5,"Repair Of Audio-Visual, Photographic And Information Processing Equipment",2019-07-01,97.702
EUA,9.1.5,"Repair Of Audio-Visual, Photographic And Information Processing Equipment",2019-08-01,98.16
EUA,9.1.5,"Repair Of Audio-Visual, Photographic And Information Processing Equipment",2019-09-01,97.731
EUA,9.1.5,"Repair Of Audio-Visual, Photographic And Information Processing Equipment",2019-10-01,97.642
EUA,9.1.5,"Repair Of Audio-Visual, Photographic And Information Processing Equipment",2019-11-01,98.072
EUA,9.1.5,"Repair Of Audio-Visual, Photographic And Information Processing Equipment",2019-12-01,97.963
EUA,9.1.5,"Repair Of Audio-Visual, Photographic And Information Processing Equipment",2020-01-01,98.18
EUA,9.1.5,"Repair Of Audio-Visual, Photographic And Information Processing Equipment",2020-02-01,98.26
EUA,9.1.5,"Repair Of Audio-Visual, Photographic And Information Processing Equipment",2020-03-01,98.497
EUA,9.1.5,"Repair Of Audio-Visual, Photographic And Information Processing Equipment",2020-04-01,98.57
EUA,9.1.5,"Repair Of Audio-Visual, Photographic And Information Processing Equipment",2020-05-01,98.875
EUA,9.1.5,"Repair Of Audio-Visual, Photographic And Information Processing Equipment",2020-06-01,98.217
EUA,9.1.5,"Repair Of Audio-Visual, Photographic And Information Processing Equipment",2020-07-01,98.365
EUA,9.1.5,"Repair Of Audio-Visual, Photographic And Information Processing Equipment",2020-08-01,98.689
EUA,9.1.5,"Repair Of Audio-Visual, Photographic And Information Processing Equipment",2020-09-01,98.376
EUA,9.1.5,"Repair Of Audio-Visual, Photographic And Information Processing Equipment",2020-10-01,98.465
EUA,9.1.5,"Repair Of Audio-Visual, Photographic And Information Processing Equipment",2020-11-01,98.696
EUA,9.1.5,"Repair Of Audio-Visual, Photographic And Information Processing Equipment",2020-12-01,98.669
EUA,9.1.5,"Repair Of Audio-Visual, Photographic And Information Processing Equipment",2021-01-01,98.377
EUA,9.1.5,"Repair Of Audio-Visual, Photographic And Information Processing Equipment",2021-02-01,98.776
EUA,9.1.5,"Repair Of Audio-Visual, Photographic And Information Processing Equipment",2021-03-01,98.805
EUA,9.1.5,"Repair Of Audio-Visual, Photographic And Information Processing Equipment",2021-04-01,99.685
EUA,9.1.5,"Repair Of Audio-Visual, Photographic And Information Processing Equipment",2021-05-01,99.747
EUA,9.1.5,"Repair Of Audio-Visual, Photographic And Information Processing Equipment",2021-06-01,100.062
EUA,9.1.5,"Repair Of Audio-Visual, Photographic And Information Processing Equipment",2021-07-01,100.572
EUA,9.1.5,"Repair Of Audio-Visual, Photographic And Information Processing Equipment",2021-08-01,101.169
EUA,9.1.5,"Repair Of Audio-Visual, Photographic And Information Processing Equipment",2021-09-01,101.466
EUA,9.1.5,"Repair Of Audio-Visual, Photographic And Information Processing Equipment",2021-10-01,101.307
EUA,9.1.5,"Repair Of Audio-Visual, Photographic And Information Processing Equipment",2021-11-01,100.879
EUA,9.1.5,"Repair Of Audio-Visual, Photographic And Information Processing Equipment",2021-12-01,100.486
EUA,9.1.5,"Repair Of Audio-Visual, Photographic And Information Processing Equipment",2022-01-01,100.897
EUA,9.1.5,"Repair Of Audio-Visual, Photographic And Information Processing Equipment",2022-02-01,101.293
EUA,9.1.5,"Repair Of Audio-Visual, Photographic And Information Processing Equipment",2022-03-01,101.06
EUA,9.1.5,"Repair Of Audio-Visual, Photographic And Information Processing Equipment",2022-04-01,100.704
EUA,9.1.5,"Repair Of Audio-Visual, Photographic And Information Processing Equipment",2022-05-01,100.535
EUA,9.1.5,"Repair Of Audio-Visual, Photographic And Information Processing Equipment",2022-06-01,100.636
EUA,9.1.5,"Repair Of Audio-Visual, Photographic And Information Processing Equipment",2022-07-01,100.276
EUA,9.1.5,"Repair Of Audio-Visual, Photographic And Information Processing Equipment",2022-08-01,99.908
EUA,9.1.5,"Repair Of Audio-Visual, Photographic And Information Processing Equipment",2022-09-01,99.318
EUA,9.1.5,"Repair Of Audio-Visual, Photographic And Information Processing Equipment",2022-10-01,99.415
EUA,9.1.5,"Repair Of Audio-Visual, Photographic And Information Processing Equipment",2022-11-01,99.923
EUA,9.1.5,"Repair Of Audio-Visual, Photographic And Information Processing Equipment",2022-12-01,99.58
EUA,9.1.5,"Repair Of Audio-Visual, Photographic And Information Processing Equipment",2023-01-01,100.358
EUA,9.1.5,"Repair Of Audio-Visual, Photographic And Information Processing Equipment",2023-02-01,100.848
EUA,9.1.5,"Repair Of Audio-Visual, Photographic And Information Processing Equipment",2023-03-01,101.665
EUA,9.1.5,"Repair Of Audio-Visual, Photographic And Information Processing Equipment",2023-04-01,101.931
EUA,9.1.5,"Repair Of Audio-Visual, Photographic And Information Processing Equipment",2023-05-01,101.722
EUA,9.1.5,"Repair Of Audio-Visual, Photographic And Information Processing Equipment",2023-06-01,101.852
EUA,9.1.5,"Repair Of Audio-Visual, Photographic And Information Processing Equipment",2023-07-01,101.953
EUA,9.1.5,"Repair Of Audio-Visual, Photographic And Information Processing Equipment",2023-08-01,101.667
EUA,9.1.5,"Repair Of Audio-Visual, Photographic And Information Processing Equipment",2023-09-01,101.539
EUA,9.1.5,"Repair Of Audio-Visual, Photographic And Information Processing Equipment",2023-10-01,101.114
EUA,9.1.5,"Repair Of Audio-Visual, Photographic And Information Processing Equipment",2023-11-01,99.888
EUA,9.1.5,"Repair Of Audio-Visual, Photographic And Information Processing Equipment",2023-12-01,100.09
EUA,9.1.5,"Repair Of Audio-Visual, Photographic And Information Processing Equipment",2024-01-01,101.319
EUA,9.1.5,"Repair Of Audio-Visual, Photographic And Information Processing Equipment",2024-02-01,102.136
EUA,9.1.5,"Repair Of Audio-Visual, Photographic And Information Processing Equipment",2024-03-01,101.945
EUA,9.1.5,"Repair Of Audio-Visual, Photographic And Information Processing Equipment",2024-04-01,102.125
EUA,9.1.5,"Repair Of Audio-Visual, Photographic And Information Processing Equipment",2024-05-01,101.346
EUA,9.1.5,"Repair Of Audio-Visual, Photographic And Information Processing Equipment",2024-06-01,101.056
EUA,9.1.5,"Repair Of Audio-Visual, Photographic And Information Processing Equipment",2024-07-01,101.23
EUA,9.1.5,"Repair Of Audio-Visual, Photographic And Information Processing Equipment",2024-08-01,100.923
EUA,9.1.5,"Repair Of Audio-Visual, Photographic And Information Processing Equipment",2024-09-01,100.353
EUA,9.1.5,"Repair Of Audio-Visual, Photographic And Information Processing Equipment",2024-10-01,99.585
EUA,9.1.5,"Repair Of Audio-Visual, Photographic And Information Processing Equipment",2024-11-01,98.483
EUA,9.1.5,"Repair Of Audio-Visual, Photographic And Information Processing Equipment",2024-12-01,98.447
EUA,9.2.1,Major Durables for Outdoor Recreation,2013-12-01,100.0
EUA,9.2.1,Major Durables for Outdoor Recreation,2014-01-01,100.231
EUA,9.2.1,Major Durables for Outdoor Recreation,2014-02-01,100.794
EUA,9.2.1,Major Durables for Outdoor Recreation,2014-03-01,100.975
EUA,9.2.1,Major Durables for Outdoor Recreation,2014-04-01,101.455
EUA,9.2.1,Major Durables for Outdoor Recreation,2014-05-01,99.958
EUA,9.2.1,Major Durables for Outdoor Recreation,2014-06-01,100.015
EUA,9.2.1,Major Durables for Outdoor Recreation,2014-07-01,100.053
EUA,9.2.1,Major Durables for Outdoor Recreation,2014-08-01,99.951
EUA,9.2.1,Major Durables for Outdoor Recreation,2014-09-01,99.917
EUA,9.2.1,Major Durables for Outdoor Recreation,2014-10-01,99.874
EUA,9.2.1,Major Durables for Outdoor Recreation,2014-11-01,99.555
EUA,9.2.1,Major Durables for Outdoor Recreation,2014-12-01,99.268
EUA,9.2.1,Major Durables for Outdoor Recreation,2015-01-01,99.645
EUA,9.2.1,Major Durables for Outdoor Recreation,2015-02-01,100.161
EUA,9.2.1,Major Durables for Outdoor Recreation,2015-03-01,100.15
EUA,9.2.1,Major Durables for Outdoor Recreation,2015-04-01,101.451
EUA,9.2.1,Major Durables for Outdoor Recreation,2015-05-01,101.192
EUA,9.2.1,Major Durables for Outdoor Recreation,2015-06-01,100.965
EUA,9.2.1,Major Durables for Outdoor Recreation,2015-07-01,101.461
EUA,9.2.1,Major Durables for Outdoor Recreation,2015-08-01,101.315
EUA,9.2.1,Major Durables for Outdoor Recreation,2015-09-01,100.654
EUA,9.2.1,Major Durables for Outdoor Recreation,2015-10-01,99.458
EUA,9.2.1,Major Durables for Outdoor Recreation,2015-11-01,99.072
EUA,9.2.1,Major Durables for Outdoor Recreation,2015-12-01,98.38
EUA,9.2.1,Major Durables for Outdoor Recreation,2016-01-01,98.647
EUA,9.2.1,Major Durables for Outdoor Recreation,2016-02-01,98.427
EUA,9.2.1,Major Durables for Outdoor Recreation,2016-03-01,98.311
EUA,9.2.1,Major Durables for Outdoor Recreation,2016-04-01,99.8
EUA,9.2.1,Major Durables for Outdoor Recreation,2016-05-01,99.695
EUA,9.2.1,Major Durables for Outdoor Recreation,2016-06-01,98.747
EUA,9.2.1,Major Durables for Outdoor Recreation,2016-07-01,98.779
EUA,9.2.1,Major Durables for Outdoor Recreation,2016-08-01,98.53
EUA,9.2.1,Major Durables for Outdoor Recreation,2016-09-01,98.259
EUA,9.2.1,Major Durables for Outdoor Recreation,2016-10-01,98.485
EUA,9.2.1,Major Durables for Outdoor Recreation,2016-11-01,97.854
EUA,9.2.1,Major Durables for Outdoor Recreation,2016-12-01,98.032
EUA,9.2.1,Major Durables for Outdoor Recreation,2017-01-01,98.107
EUA,9.2.1,Major Durables for Outdoor Recreation,2017-02-01,97.894
EUA,9.2.1,Major Durables for Outdoor Recreation,2017-03-01,97.322
EUA,9.2.1,Major Durables for Outdoor Recreation,2017-04-01,97.376
EUA,9.2.1,Major Durables for Outdoor Recreation,2017-05-01,97.309
EUA,9.2.1,Major Durables for Outdoor Recreation,2017-06-01,97.207
EUA,9.2.1,Major Durables for Outdoor Recreation,2017-07-01,96.88
EUA,9.2.1,Major Durables for Outdoor Recreation,2017-08-01,95.665
EUA,9.2.1,Major Durables for Outdoor Recreation,2017-09-01,95.801
EUA,9.2.1,Major Durables for Outdoor Recreation,2017-10-01,95.856
EUA,9.2.1,Major Durables for Outdoor Recreation,2017-11-01,95.63
EUA,9.2.1,Major Durables for Outdoor Recreation,2017-12-01,96.28
EUA,9.2.1,Major Durables for Outdoor Recreation,2018-01-01,96.565
EUA,9.2.1,Major Durables for Outdoor Recreation,2018-02-01,97.455
EUA,9.2.1,Major Durables for Outdoor Recreation,2018-03-01,98.607
EUA,9.2.1,Major Durables for Outdoor Recreation,2018-04-01,98.514
EUA,9.2.1,Major Durables for Outdoor Recreation,2018-05-01,97.127
EUA,9.2.1,Major Durables for Outdoor Recreation,2018-06-01,97.626
EUA,9.2.1,Major Durables for Outdoor Recreation,2018-07-01,99.221
EUA,9.2.1,Major Durables for Outdoor Recreation,2018-08-01,97.871
EUA,9.2.1,Major Durables for Outdoor Recreation,2018-09-01,96.658
EUA,9.2.1,Major Durables for Outdoor Recreation,2018-10-01,95.473
EUA,9.2.1,Major Durables for Outdoor Recreation,2018-11-01,95.826
EUA,9.2.1,Major Durables for Outdoor Recreation,2018-12-01,100.365
EUA,9.2.1,Major Durables for Outdoor Recreation,2019-01-01,100.326
EUA,9.2.1,Major Durables for Outdoor Recreation,2019-02-01,99.098
EUA,9.2.1,Major Durables for Outdoor Recreation,2019-03-01,100.222
EUA,9.2.1,Major Durables for Outdoor Recreation,2019-04-01,99.592
EUA,9.2.1,Major Durables for Outdoor Recreation,2019-05-01,97.817
EUA,9.2.1,Major Durables for Outdoor Recreation,2019-06-01,98.643
EUA,9.2.1,Major Durables for Outdoor Recreation,2019-07-01,98.36
EUA,9.2.1,Major Durables for Outdoor Recreation,2019-08-01,98.664
EUA,9.2.1,Major Durables for Outdoor Recreation,2019-09-01,100.376
EUA,9.2.1,Major Durables for Outdoor Recreation,2019-10-01,100.654
EUA,9.2.1,Major Durables for Outdoor Recreation,2019-11-01,101.352
EUA,9.2.1,Major Durables for Outdoor Recreation,2019-12-01,101.014
EUA,9.2.1,Major Durables for Outdoor Recreation,2020-01-01,101.397
EUA,9.2.1,Major Durables for Outdoor Recreation,2020-02-01,100.922
EUA,9.2.1,Major Durables for Outdoor Recreation,2020-03-01,99.837
EUA,9.2.1,Major Durables for Outdoor Recreation,2020-04-01,99.15
EUA,9.2.1,Major Durables for Outdoor Recreation,2020-05-01,99.025
EUA,9.2.1,Major Durables for Outdoor Recreation,2020-06-01,100.304
EUA,9.2.1,Major Durables for Outdoor Recreation,2020-07-01,102.287
EUA,9.2.1,Major Durables for Outdoor Recreation,2020-08-01,102.863
EUA,9.2.1,Major Durables for Outdoor Recreation,2020-09-01,102.443
EUA,9.2.1,Major Durables for Outdoor Recreation,2020-10-01,103.85
EUA,9.2.1,Major Durables for Outdoor Recreation,2020-11-01,104.012
EUA,9.2.1,Major Durables for Outdoor Recreation,2020-12-01,103.454
EUA,9.2.1,Major Durables for Outdoor Recreation,2021-01-01,103.256
EUA,9.2.1,Major Durables for Outdoor Recreation,2021-02-01,104.529
EUA,9.2.1,Major Durables for Outdoor Recreation,2021-03-01,104.046
EUA,9.2.1,Major Durables for Outdoor Recreation,2021-04-01,106.523
EUA,9.2.1,Major Durables for Outdoor Recreation,2021-05-01,109.591
EUA,9.2.1,Major Durables for Outdoor Recreation,2021-06-01,112.094
EUA,9.2.1,Major Durables for Outdoor Recreation,2021-07-01,112.117
EUA,9.2.1,Major Durables for Outdoor Recreation,2021-08-01,113.731
EUA,9.2.1,Major Durables for Outdoor Recreation,2021-09-01,112.91
EUA,9.2.1,Major Durables for Outdoor Recreation,2021-10-01,114.808
EUA,9.2.1,Major Durables for Outdoor Recreation,2021-11-01,116.063
EUA,9.2.1,Major Durables for Outdoor Recreation,2021-12-01,115.323
EUA,9.2.1,Major Durables for Outdoor Recreation,2022-01-01,118.168
EUA,9.2.1,Major Durables for Outdoor Recreation,2022-02-01,118.259
EUA,9.2.1,Major Durables for Outdoor Recreation,2022-03-01,117.432
EUA,9.2.1,Major Durables for Outdoor Recreation,2022-04-01,118.109
EUA,9.2.1,Major Durables for Outdoor Recreation,2022-05-01,118.085
EUA,9.2.1,Major Durables for Outdoor Recreation,2022-06-01,117.839
EUA,9.2.1,Major Durables for Outdoor Recreation,2022-07-01,118.383
EUA,9.2.1,Major Durables for Outdoor Recreation,2022-08-01,119.34
EUA,9.2.1,Major Durables for Outdoor Recreation,2022-09-01,117.113
EUA,9.2.1,Major Durables for Outdoor Recreation,2022-10-01,119.066
EUA,9.2.1,Major Durables for Outdoor Recreation,2022-11-01,119.142
EUA,9.2.1,Major Durables for Outdoor Recreation,2022-12-01,118.533
EUA,9.2.1,Major Durables for Outdoor Recreation,2023-01-01,119.401
EUA,9.2.1,Major Durables for Outdoor Recreation,2023-02-01,119.891
EUA,9.2.1,Major Durables for Outdoor Recreation,2023-03-01,119.794
EUA,9.2.1,Major Durables for Outdoor Recreation,2023-04-01,119.793
EUA,9.2.1,Major Durables for Outdoor Recreation,2023-05-01,119.158
EUA,9.2.1,Major Durables for Outdoor Recreation,2023-06-01,119.095
EUA,9.2.1,Major Durables for Outdoor Recreation,2023-07-01,119.029
EUA,9.2.1,Major Durables for Outdoor Recreation,2023-08-01,119.193
EUA,9.2.1,Major Durables for Outdoor Recreation,2023-09-01,118.256
EUA,9.2.1,Major Durables for Outdoor Recreation,2023-10-01,118.244
EUA,9.2.1,Major Durables for Outdoor Recreation,2023-11-01,117.584
EUA,9.2.1,Major Durables for Outdoor Recreation,2023-12-01,116.431
EUA,9.2.1,Major Durables for Outdoor Recreation,2024-01-01,118.866
EUA,9.2.1,Major Durables for Outdoor Recreation,2024-02-01,117.947
EUA,9.2.1,Major Durables for Outdoor Recreation,2024-03-01,116.319
EUA,9.2.1,Major Durables for Outdoor Recreation,2024-04-01,117.663
EUA,9.2.1,Major Durables for Outdoor Recreation,2024-05-01,117.612
EUA,9.2.1,Major Durables for Outdoor Recreation,2024-06-01,116.624
EUA,9.2.1,Major Durables for Outdoor Recreation,2024-07-01,115.426
EUA,9.2.1,Major Durables for Outdoor Recreation,2024-08-01,115.745
EUA,9.2.1,Major Durables for Outdoor Recreation,2024-09-01,115.365
EUA,9.2.1,Major Durables for Outdoor Recreation,2024-10-01,114.701
EUA,9.2.1,Major Durables for Outdoor Recreation,2024-11-01,114.59
EUA,9.2.1,Major Durables for Outdoor Recreation,2024-12-01,114.061
EUA,9.2.2,Musical Instruments and Major Durables for Indoor Recreation,2013-12-01,100.0
EUA,9.2.2,Musical Instruments and Major Durables for Indoor Recreation,2014-01-01,100.144
EUA,9.2.2,Musical Instruments and Major Durables for Indoor Recreation,2014-02-01,100.356
EUA,9.2.2,Musical Instruments and Major Durables for Indoor Recreation,2014-03-01,100.838
EUA,9.2.2,Musical Instruments and Major Durables for Indoor Recreation,2014-04-01,100.84
EUA,9.2.2,Musical Instruments and Major Durables for Indoor Recreation,2014-05-01,100.676
EUA,9.2.2,Musical Instruments and Major Durables for Indoor Recreation,2014-06-01,100.423
EUA,9.2.2,Musical Instruments and Major Durables for Indoor Recreation,2014-07-01,100.642
EUA,9.2.2,Musical Instruments and Major Durables for Indoor Recreation,2014-08-01,99.948
EUA,9.2.2,Musical Instruments and Major Durables for Indoor Recreation,2014-09-01,100.874
EUA,9.2.2,Musical Instruments and Major Durables for Indoor Recreation,2014-10-01,101.387
EUA,9.2.2,Musical Instruments and Major Durables for Indoor Recreation,2014-11-01,101.243
EUA,9.2.2,Musical Instruments and Major Durables for Indoor Recreation,2014-12-01,101.149
EUA,9.2.2,Musical Instruments and Major Durables for Indoor Recreation,2015-01-01,100.219
EUA,9.2.2,Musical Instruments and Major Durables for Indoor Recreation,2015-02-01,99.081
EUA,9.2.2,Musical Instruments and Major Durables for Indoor Recreation,2015-03-01,99.682
EUA,9.2.2,Musical Instruments and Major Durables for Indoor Recreation,2015-04-01,99.697
EUA,9.2.2,Musical Instruments and Major Durables for Indoor Recreation,2015-05-01,99.946
EUA,9.2.2,Musical Instruments and Major Durables for Indoor Recreation,2015-06-01,99.944
EUA,9.2.2,Musical Instruments and Major Durables for Indoor Recreation,2015-07-01,101.471
EUA,9.2.2,Musical Instruments and Major Durables for Indoor Recreation,2015-08-01,100.742
EUA,9.2.2,Musical Instruments and Major Durables for Indoor Recreation,2015-09-01,100.267
EUA,9.2.2,Musical Instruments and Major Durables for Indoor Recreation,2015-10-01,101.084
EUA,9.2.2,Musical Instruments and Major Durables for Indoor Recreation,2015-11-01,100.487
EUA,9.2.2,Musical Instruments and Major Durables for Indoor Recreation,2015-12-01,99.291
EUA,9.2.2,Musical Instruments and Major Durables for Indoor Recreation,2016-01-01,100.489
EUA,9.2.2,Musical Instruments and Major Durables for Indoor Recreation,2016-02-01,100.623
EUA,9.2.2,Musical Instruments and Major Durables for Indoor Recreation,2016-03-01,100.336
EUA,9.2.2,Musical Instruments and Major Durables for Indoor Recreation,2016-04-01,100.669
EUA,9.2.2,Musical Instruments and Major Durables for Indoor Recreation,2016-05-01,100.481
EUA,9.2.2,Musical Instruments and Major Durables for Indoor Recreation,2016-06-01,100.008
EUA,9.2.2,Musical Instruments and Major Durables for Indoor Recreation,2016-07-01,100.402
EUA,9.2.2,Musical Instruments and Major Durables for Indoor Recreation,2016-08-01,100.314
EUA,9.2.2,Musical Instruments and Major Durables for Indoor Recreation,2016-09-01,100.51
EUA,9.2.2,Musical Instruments and Major Durables for Indoor Recreation,2016-10-01,100.048
EUA,9.2.2,Musical Instruments and Major Durables for Indoor Recreation,2016-11-01,99.964
EUA,9.2.2,Musical Instruments and Major Durables for Indoor Recreation,2016-12-01,98.386
EUA,9.2.2,Musical Instruments and Major Durables for Indoor Recreation,2017-01-01,98.951
EUA,9.2.2,Musical Instruments and Major Durables for Indoor Recreation,2017-02-01,100.049
EUA,9.2.2,Musical Instruments and Major Durables for Indoor Recreation,2017-03-01,98.31
EUA,9.2.2,Musical Instruments and Major Durables for Indoor Recreation,2017-04-01,98.459
EUA,9.2.2,Musical Instruments and Major Durables for Indoor Recreation,2017-05-01,98.67
EUA,9.2.2,Musical Instruments and Major Durables for Indoor Recreation,2017-06-01,97.902
EUA,9.2.2,Musical Instruments and Major Durables for Indoor Recreation,2017-07-01,98.629
EUA,9.2.2,Musical Instruments and Major Durables for Indoor Recreation,2017-08-01,98.126
EUA,9.2.2,Musical Instruments and Major Durables for Indoor Recreation,2017-09-01,98.656
EUA,9.2.2,Musical Instruments and Major Durables for Indoor Recreation,2017-10-01,98.766
EUA,9.2.2,Musical Instruments and Major Durables for Indoor Recreation,2017-11-01,97.862
EUA,9.2.2,Musical Instruments and Major Durables for Indoor Recreation,2017-12-01,98.14
EUA,9.2.2,Musical Instruments and Major Durables for Indoor Recreation,2018-01-01,97.527
EUA,9.2.2,Musical Instruments and Major Durables for Indoor Recreation,2018-02-01,96.813
EUA,9.2.2,Musical Instruments and Major Durables for Indoor Recreation,2018-03-01,96.477
EUA,9.2.2,Musical Instruments and Major Durables for Indoor Recreation,2018-04-01,95.775
EUA,9.2.2,Musical Instruments and Major Durables for Indoor Recreation,2018-05-01,94.563
EUA,9.2.2,Musical Instruments and Major Durables for Indoor Recreation,2018-06-01,94.437
EUA,9.2.2,Musical Instruments and Major Durables for Indoor Recreation,2018-07-01,95.07
EUA,9.2.2,Musical Instruments and Major Durables for Indoor Recreation,2018-08-01,95.931
EUA,9.2.2,Musical Instruments and Major Durables for Indoor Recreation,2018-09-01,95.589
EUA,9.2.2,Musical Instruments and Major Durables for Indoor Recreation,2018-10-01,95.623
EUA,9.2.2,Musical Instruments and Major Durables for Indoor Recreation,2018-11-01,95.205
EUA,9.2.2,Musical Instruments and Major Durables for Indoor Recreation,2018-12-01,94.48
EUA,9.2.2,Musical Instruments and Major Durables for Indoor Recreation,2019-01-01,93.857
EUA,9.2.2,Musical Instruments and Major Durables for Indoor Recreation,2019-02-01,94.236
EUA,9.2.2,Musical Instruments and Major Durables for Indoor Recreation,2019-03-01,94.455
EUA,9.2.2,Musical Instruments and Major Durables for Indoor Recreation,2019-04-01,93.732
EUA,9.2.2,Musical Instruments and Major Durables for Indoor Recreation,2019-05-01,95.424
EUA,9.2.2,Musical Instruments and Major Durables for Indoor Recreation,2019-06-01,95.207
EUA,9.2.2,Musical Instruments and Major Durables for Indoor Recreation,2019-07-01,95.547
EUA,9.2.2,Musical Instruments and Major Durables for Indoor Recreation,2019-08-01,95.341
EUA,9.2.2,Musical Instruments and Major Durables for Indoor Recreation,2019-09-01,94.078
EUA,9.2.2,Musical Instruments and Major Durables for Indoor Recreation,2019-10-01,96.069
EUA,9.2.2,Musical Instruments and Major Durables for Indoor Recreation,2019-11-01,97.374
EUA,9.2.2,Musical Instruments and Major Durables for Indoor Recreation,2019-12-01,95.179
EUA,9.2.2,Musical Instruments and Major Durables for Indoor Recreation,2020-01-01,95.657
EUA,9.2.2,Musical Instruments and Major Durables for Indoor Recreation,2020-02-01,96.328
EUA,9.2.2,Musical Instruments and Major Durables for Indoor Recreation,2020-03-01,96.887
EUA,9.2.2,Musical Instruments and Major Durables for Indoor Recreation,2020-04-01,97.596
EUA,9.2.2,Musical Instruments and Major Durables for Indoor Recreation,2020-05-01,96.218
EUA,9.2.2,Musical Instruments and Major Durables for Indoor Recreation,2020-06-01,95.745
EUA,9.2.2,Musical Instruments and Major Durables for Indoor Recreation,2020-07-01,96.712
EUA,9.2.2,Musical Instruments and Major Durables for Indoor Recreation,2020-08-01,96.586
EUA,9.2.2,Musical Instruments and Major Durables for Indoor Recreation,2020-09-01,97.382
EUA,9.2.2,Musical Instruments and Major Durables for Indoor Recreation,2020-10-01,97.177
EUA,9.2.2,Musical Instruments and Major Durables for Indoor Recreation,2020-11-01,96.534
EUA,9.2.2,Musical Instruments and Major Durables for Indoor Recreation,2020-12-01,94.519
EUA,9.2.2,Musical Instruments and Major Durables for Indoor Recreation,2021-01-01,94.122
EUA,9.2.2,Musical Instruments and Major Durables for Indoor Recreation,2021-02-01,94.587
EUA,9.2.2,Musical Instruments and Major Durables for Indoor Recreation,2021-03-01,97.392
EUA,9.2.2,Musical Instruments and Major Durables for Indoor Recreation,2021-04-01,97.56
EUA,9.2.2,Musical Instruments and Major Durables for Indoor Recreation,2021-05-01,98.567
EUA,9.2.2,Musical Instruments and Major Durables for Indoor Recreation,2021-06-01,97.465
EUA,9.2.2,Musical Instruments and Major Durables for Indoor Recreation,2021-07-01,97.147
EUA,9.2.2,Musical Instruments and Major Durables for Indoor Recreation,2021-08-01,99.42
EUA,9.2.2,Musical Instruments and Major Durables for Indoor Recreation,2021-09-01,99.261
EUA,9.2.2,Musical Instruments and Major Durables for Indoor Recreation,2021-10-01,99.161
EUA,9.2.2,Musical Instruments and Major Durables for Indoor Recreation,2021-11-01,98.995
EUA,9.2.2,Musical Instruments and Major Durables for Indoor Recreation,2021-12-01,99.342
EUA,9.2.2,Musical Instruments and Major Durables for Indoor Recreation,2022-01-01,101.29
EUA,9.2.2,Musical Instruments and Major Durables for Indoor Recreation,2022-02-01,102.563
EUA,9.2.2,Musical Instruments and Major Durables for Indoor Recreation,2022-03-01,103.317
EUA,9.2.2,Musical Instruments and Major Durables for Indoor Recreation,2022-04-01,103.049
EUA,9.2.2,Musical Instruments and Major Durables for Indoor Recreation,2022-05-01,102.839
EUA,9.2.2,Musical Instruments and Major Durables for Indoor Recreation,2022-06-01,102.572
EUA,9.2.2,Musical Instruments and Major Durables for Indoor Recreation,2022-07-01,102.571
EUA,9.2.2,Musical Instruments and Major Durables for Indoor Recreation,2022-08-01,102.911
EUA,9.2.2,Musical Instruments and Major Durables for Indoor Recreation,2022-09-01,103.462
EUA,9.2.2,Musical Instruments and Major Durables for Indoor Recreation,2022-10-01,103.786
EUA,9.2.2,Musical Instruments and Major Durables for Indoor Recreation,2022-11-01,104.685
EUA,9.2.2,Musical Instruments and Major Durables for Indoor Recreation,2022-12-01,103.926
EUA,9.2.2,Musical Instruments and Major Durables for Indoor Recreation,2023-01-01,104.155
EUA,9.2.2,Musical Instruments and Major Durables for Indoor Recreation,2023-02-01,105.871
EUA,9.2.2,Musical Instruments and Major Durables for Indoor Recreation,2023-03-01,107.658
EUA,9.2.2,Musical Instruments and Major Durables for Indoor Recreation,2023-04-01,107.649
EUA,9.2.2,Musical Instruments and Major Durables for Indoor Recreation,2023-05-01,108.282
EUA,9.2.2,Musical Instruments and Major Durables for Indoor Recreation,2023-06-01,110.48
EUA,9.2.2,Musical Instruments and Major Durables for Indoor Recreation,2023-07-01,109.378
EUA,9.2.2,Musical Instruments and Major Durables for Indoor Recreation,2023-08-01,108.954
EUA,9.2.2,Musical Instruments and Major Durables for Indoor Recreation,2023-09-01,108.93
EUA,9.2.2,Musical Instruments and Major Durables for Indoor Recreation,2023-10-01,108.641
EUA,9.2.2,Musical Instruments and Major Durables for Indoor Recreation,2023-11-01,107.327
EUA,9.2.2,Musical Instruments and Major Durables for Indoor Recreation,2023-12-01,106.056
EUA,9.2.2,Musical Instruments and Major Durables for Indoor Recreation,2024-01-01,106.052
EUA,9.2.2,Musical Instruments and Major Durables for Indoor Recreation,2024-02-01,107.044
EUA,9.2.2,Musical Instruments and Major Durables for Indoor Recreation,2024-03-01,107.119
EUA,9.2.2,Musical Instruments and Major Durables for Indoor Recreation,2024-04-01,105.856
EUA,9.2.2,Musical Instruments and Major Durables for Indoor Recreation,2024-05-01,105.815
EUA,9.2.2,Musical Instruments and Major Durables for Indoor Recreation,2024-06-01,107.692
EUA,9.2.2,Musical Instruments and Major Durables for Indoor Recreation,2024-07-01,107.588
EUA,9.2.2,Musical Instruments and Major Durables for Indoor Recreation,2024-08-01,107.543
EUA,9.2.2,Musical Instruments and Major Durables for Indoor Recreation,2024-09-01,107.388
EUA,9.2.2,Musical Instruments and Major Durables for Indoor Recreation,2024-10-01,107.044
EUA,9.2.2,Musical Instruments and Major Durables for Indoor Recreation,2024-11-01,107.037
EUA,9.2.2,Musical Instruments and Major Durables for Indoor Recreation,2024-12-01,108.208
EUA,9.2.3,Maintenance And Repair Of Other Major Durables For Recreation And Culture,2013-12-01,100.0
EUA,9.2.3,Maintenance And Repair Of Other Major Durables For Recreation And Culture,2014-01-01,100.338
EUA,9.2.3,Maintenance And Repair Of Other Major Durables For Recreation And Culture,2014-02-01,100.371
EUA,9.2.3,Maintenance And Repair Of Other Major Durables For Recreation And Culture,2014-03-01,100.38
EUA,9.2.3,Maintenance And Repair Of Other Major Durables For Recreation And Culture,2014-04-01,100.418
EUA,9.2.3,Maintenance And Repair Of Other Major Durables For Recreation And Culture,2014-05-01,100.535
EUA,9.2.3,Maintenance And Repair Of Other Major Durables For Recreation And Culture,2014-06-01,100.624
EUA,9.2.3,Maintenance And Repair Of Other Major Durables For Recreation And Culture,2014-07-01,100.532
EUA,9.2.3,Maintenance And Repair Of Other Major Durables For Recreation And Culture,2014-08-01,100.569
EUA,9.2.3,Maintenance And Repair Of Other Major Durables For Recreation And Culture,2014-09-01,99.924
EUA,9.2.3,Maintenance And Repair Of Other Major Durables For Recreation And Culture,2014-10-01,100.722
EUA,9.2.3,Maintenance And Repair Of Other Major Durables For Recreation And Culture,2014-11-01,100.958
EUA,9.2.3,Maintenance And Repair Of Other Major Durables For Recreation And Culture,2014-12-01,101.047
EUA,9.2.3,Maintenance And Repair Of Other Major Durables For Recreation And Culture,2015-01-01,101.942
EUA,9.2.3,Maintenance And Repair Of Other Major Durables For Recreation And Culture,2015-02-01,102.285
EUA,9.2.3,Maintenance And Repair Of Other Major Durables For Recreation And Culture,2015-03-01,102.255
EUA,9.2.3,Maintenance And Repair Of Other Major Durables For Recreation And Culture,2015-04-01,102.358
EUA,9.2.3,Maintenance And Repair Of Other Major Durables For Recreation And Culture,2015-05-01,102.497
EUA,9.2.3,Maintenance And Repair Of Other Major Durables For Recreation And Culture,2015-06-01,102.394
EUA,9.2.3,Maintenance And Repair Of Other Major Durables For Recreation And Culture,2015-07-01,103.162
EUA,9.2.3,Maintenance And Repair Of Other Major Durables For Recreation And Culture,2015-08-01,103.352
EUA,9.2.3,Maintenance And Repair Of Other Major Durables For Recreation And Culture,2015-09-01,103.336
EUA,9.2.3,Maintenance And Repair Of Other Major Durables For Recreation And Culture,2015-10-01,103.293
EUA,9.2.3,Maintenance And Repair Of Other Major Durables For Recreation And Culture,2015-11-01,103.337
EUA,9.2.3,Maintenance And Repair Of Other Major Durables For Recreation And Culture,2015-12-01,103.398
EUA,9.2.3,Maintenance And Repair Of Other Major Durables For Recreation And Culture,2016-01-01,103.934
EUA,9.2.3,Maintenance And Repair Of Other Major Durables For Recreation And Culture,2016-02-01,103.924
EUA,9.2.3,Maintenance And Repair Of Other Major Durables For Recreation And Culture,2016-03-01,104.014
EUA,9.2.3,Maintenance And Repair Of Other Major Durables For Recreation And Culture,2016-04-01,104.082
EUA,9.2.3,Maintenance And Repair Of Other Major Durables For Recreation And Culture,2016-05-01,104.559
EUA,9.2.3,Maintenance And Repair Of Other Major Durables For Recreation And Culture,2016-06-01,104.562
EUA,9.2.3,Maintenance And Repair Of Other Major Durables For Recreation And Culture,2016-07-01,104.907
EUA,9.2.3,Maintenance And Repair Of Other Major Durables For Recreation And Culture,2016-08-01,105.693
EUA,9.2.3,Maintenance And Repair Of Other Major Durables For Recreation And Culture,2016-09-01,105.331
EUA,9.2.3,Maintenance And Repair Of Other Major Durables For Recreation And Culture,2016-10-01,104.926
EUA,9.2.3,Maintenance And Repair Of Other Major Durables For Recreation And Culture,2016-11-01,105.727
EUA,9.2.3,Maintenance And Repair Of Other Major Durables For Recreation And Culture,2016-12-01,105.673
EUA,9.2.3,Maintenance And Repair Of Other Major Durables For Recreation And Culture,2017-01-01,106.242
EUA,9.2.3,Maintenance And Repair Of Other Major Durables For Recreation And Culture,2017-02-01,106.181
EUA,9.2.3,Maintenance And Repair Of Other Major Durables For Recreation And Culture,2017-03-01,106.27
EUA,9.2.3,Maintenance And Repair Of Other Major Durables For Recreation And Culture,2017-04-01,106.217
EUA,9.2.3,Maintenance And Repair Of Other Major Durables For Recreation And Culture,2017-05-01,106.529
EUA,9.2.3,Maintenance And Repair Of Other Major Durables For Recreation And Culture,2017-06-01,106.56
EUA,9.2.3,Maintenance And Repair Of Other Major Durables For Recreation And Culture,2017-07-01,107.039
EUA,9.2.3,Maintenance And Repair Of Other Major Durables For Recreation And Culture,2017-08-01,107.262
EUA,9.2.3,Maintenance And Repair Of Other Major Durables For Recreation And Culture,2017-09-01,106.607
EUA,9.2.3,Maintenance And Repair Of Other Major Durables For Recreation And Culture,2017-10-01,107.028
EUA,9.2.3,Maintenance And Repair Of Other Major Durables For Recreation And Culture,2017-11-01,106.042
EUA,9.2.3,Maintenance And Repair Of Other Major Durables For Recreation And Culture,2017-12-01,105.468
EUA,9.2.3,Maintenance And Repair Of Other Major Durables For Recreation And Culture,2018-01-01,106.57
EUA,9.2.3,Maintenance And Repair Of Other Major Durables For Recreation And Culture,2018-02-01,106.925
EUA,9.2.3,Maintenance And Repair Of Other Major Durables For Recreation And Culture,2018-03-01,107.242
EUA,9.2.3,Maintenance And Repair Of Other Major Durables For Recreation And Culture,2018-04-01,107.397
EUA,9.2.3,Maintenance And Repair Of Other Major Durables For Recreation And Culture,2018-05-01,107.784
EUA,9.2.3,Maintenance And Repair Of Other Major Durables For Recreation And Culture,2018-06-01,107.568
EUA,9.2.3,Maintenance And Repair Of Other Major Durables For Recreation And Culture,2018-07-01,107.595
EUA,9.2.3,Maintenance And Repair Of Other Major Durables For Recreation And Culture,2018-08-01,108.01
EUA,9.2.3,Maintenance And Repair Of Other Major Durables For Recreation And Culture,2018-09-01,108.051
EUA,9.2.3,Maintenance And Repair Of Other Major Durables For Recreation And Culture,2018-10-01,108.01
EUA,9.2.3,Maintenance And Repair Of Other Major Durables For Recreation And Culture,2018-11-01,108.304
EUA,9.2.3,Maintenance And Repair Of Other Major Durables For Recreation And Culture,2018-12-01,108.1
EUA,9.2.3,Maintenance And Repair Of Other Major Durables For Recreation And Culture,2019-01-01,109.059
EUA,9.2.3,Maintenance And Repair Of Other Major Durables For Recreation And Culture,2019-02-01,109.311
EUA,9.2.3,Maintenance And Repair Of Other Major Durables For Recreation And Culture,2019-03-01,109.346
EUA,9.2.3,Maintenance And Repair Of Other Major Durables For Recreation And Culture,2019-04-01,109.635
EUA,9.2.3,Maintenance And Repair Of Other Major Durables For Recreation And Culture,2019-05-01,109.883
EUA,9.2.3,Maintenance And Repair Of Other Major Durables For Recreation And Culture,2019-06-01,109.757
EUA,9.2.3,Maintenance And Repair Of Other Major Durables For Recreation And Culture,2019-07-01,109.95
EUA,9.2.3,Maintenance And Repair Of Other Major Durables For Recreation And Culture,2019-08-01,109.957
EUA,9.2.3,Maintenance And Repair Of Other Major Durables For Recreation And Culture,2019-09-01,110.285
EUA,9.2.3,Maintenance And Repair Of Other Major Durables For Recreation And Culture,2019-10-01,110.729
EUA,9.2.3,Maintenance And Repair Of Other Major Durables For Recreation And Culture,2019-11-01,110.908
EUA,9.2.3,Maintenance And Repair Of Other Major Durables For Recreation And Culture,2019-12-01,111.151
EUA,9.2.3,Maintenance And Repair Of Other Major Durables For Recreation And Culture,2020-01-01,111.526
EUA,9.2.3,Maintenance And Repair Of Other Major Durables For Recreation And Culture,2020-02-01,111.773
EUA,9.2.3,Maintenance And Repair Of Other Major Durables For Recreation And Culture,2020-03-01,112.035
EUA,9.2.3,Maintenance And Repair Of Other Major Durables For Recreation And Culture,2020-04-01,110.76
EUA,9.2.3,Maintenance And Repair Of Other Major Durables For Recreation And Culture,2020-05-01,110.705
EUA,9.2.3,Maintenance And Repair Of Other Major Durables For Recreation And Culture,2020-06-01,109.757
EUA,9.2.3,Maintenance And Repair Of Other Major Durables For Recreation And Culture,2020-07-01,110.87
EUA,9.2.3,Maintenance And Repair Of Other Major Durables For Recreation And Culture,2020-08-01,111.158
EUA,9.2.3,Maintenance And Repair Of Other Major Durables For Recreation And Culture,2020-09-01,111.719
EUA,9.2.3,Maintenance And Repair Of Other Major Durables For Recreation And Culture,2020-10-01,111.34
EUA,9.2.3,Maintenance And Repair Of Other Major Durables For Recreation And Culture,2020-11-01,110.879
EUA,9.2.3,Maintenance And Repair Of Other Major Durables For Recreation And Culture,2020-12-01,110.696
EUA,9.2.3,Maintenance And Repair Of Other Major Durables For Recreation And Culture,2021-01-01,111.633
EUA,9.2.3,Maintenance And Repair Of Other Major Durables For Recreation And Culture,2021-02-01,112.15
EUA,9.2.3,Maintenance And Repair Of Other Major Durables For Recreation And Culture,2021-03-01,111.454
EUA,9.2.3,Maintenance And Repair Of Other Major Durables For Recreation And Culture,2021-04-01,111.535
EUA,9.2.3,Maintenance And Repair Of Other Major Durables For Recreation And Culture,2021-05-01,111.853
EUA,9.2.3,Maintenance And Repair Of Other Major Durables For Recreation And Culture,2021-06-01,111.871
EUA,9.2.3,Maintenance And Repair Of Other Major Durables For Recreation And Culture,2021-07-01,112.525
EUA,9.2.3,Maintenance And Repair Of Other Major Durables For Recreation And Culture,2021-08-01,112.233
EUA,9.2.3,Maintenance And Repair Of Other Major Durables For Recreation And Culture,2021-09-01,112.773
EUA,9.2.3,Maintenance And Repair Of Other Major Durables For Recreation And Culture,2021-10-01,112.484
EUA,9.2.3,Maintenance And Repair Of Other Major Durables For Recreation And Culture,2021-11-01,112.825
EUA,9.2.3,Maintenance And Repair Of Other Major Durables For Recreation And Culture,2021-12-01,113.078
EUA,9.2.3,Maintenance And Repair Of Other Major Durables For Recreation And Culture,2022-01-01,113.195
EUA,9.2.3,Maintenance And Repair Of Other Major Durables For Recreation And Culture,2022-02-01,113.368
EUA,9.2.3,Maintenance And Repair Of Other Major Durables For Recreation And Culture,2022-03-01,113.269
EUA,9.2.3,Maintenance And Repair Of Other Major Durables For Recreation And Culture,2022-04-01,113.19
EUA,9.2.3,Maintenance And Repair Of Other Major Durables For Recreation And Culture,2022-05-01,113.247
EUA,9.2.3,Maintenance And Repair Of Other Major Durables For Recreation And Culture,2022-06-01,113.756
EUA,9.2.3,Maintenance And Repair Of Other Major Durables For Recreation And Culture,2022-07-01,114.73
EUA,9.2.3,Maintenance And Repair Of Other Major Durables For Recreation And Culture,2022-08-01,115.186
EUA,9.2.3,Maintenance And Repair Of Other Major Durables For Recreation And Culture,2022-09-01,115.961
EUA,9.2.3,Maintenance And Repair Of Other Major Durables For Recreation And Culture,2022-10-01,115.641
EUA,9.2.3,Maintenance And Repair Of Other Major Durables For Recreation And Culture,2022-11-01,115.166
EUA,9.2.3,Maintenance And Repair Of Other Major Durables For Recreation And Culture,2022-12-01,115.263
EUA,9.2.3,Maintenance And Repair Of Other Major Durables For Recreation And Culture,2023-01-01,116.444
EUA,9.2.3,Maintenance And Repair Of Other Major Durables For Recreation And Culture,2023-02-01,116.959
EUA,9.2.3,Maintenance And Repair Of Other Major Durables For Recreation And Culture,2023-03-01,116.624
EUA,9.2.3,Maintenance And Repair Of Other Major Durables For Recreation And Culture,2023-04-01,116.786
EUA,9.2.3,Maintenance And Repair Of Other Major Durables For Recreation And Culture,2023-05-01,116.633
EUA,9.2.3,Maintenance And Repair Of Other Major Durables For Recreation And Culture,2023-06-01,116.673
EUA,9.2.3,Maintenance And Repair Of Other Major Durables For Recreation And Culture,2023-07-01,117.572
EUA,9.2.3,Maintenance And Repair Of Other Major Durables For Recreation And Culture,2023-08-01,117.907
EUA,9.2.3,Maintenance And Repair Of Other Major Durables For Recreation And Culture,2023-09-01,117.969
EUA,9.2.3,Maintenance And Repair Of Other Major Durables For Recreation And Culture,2023-10-01,119.556
EUA,9.2.3,Maintenance And Repair Of Other Major Durables For Recreation And Culture,2023-11-01,117.381
EUA,9.2.3,Maintenance And Repair Of Other Major Durables For Recreation And Culture,2023-12-01,118.605
EUA,9.2.3,Maintenance And Repair Of Other Major Durables For Recreation And Culture,2024-01-01,119.431
EUA,9.2.3,Maintenance And Repair Of Other Major Durables For Recreation And Culture,2024-02-01,119.674
EUA,9.2.3,Maintenance And Repair Of Other Major Durables For Recreation And Culture,2024-03-01,119.877
EUA,9.2.3,Maintenance And Repair Of Other Major Durables For Recreation And Culture,2024-04-01,121.14
EUA,9.2.3,Maintenance And Repair Of Other Major Durables For Recreation And Culture,2024-05-01,121.005
EUA,9.2.3,Maintenance And Repair Of Other Major Durables For Recreation And Culture,2024-06-01,119.879
EUA,9.2.3,Maintenance And Repair Of Other Major Durables For Recreation And Culture,2024-07-01,120.709
EUA,9.2.3,Maintenance And Repair Of Other Major Durables For Recreation And Culture,2024-08-01,120.666
EUA,9.2.3,Maintenance And Repair Of Other Major Durables For Recreation And Culture,2024-09-01,122.373
EUA,9.2.3,Maintenance And Repair Of Other Major Durables For Recreation And Culture,2024-10-01,122.087
EUA,9.2.3,Maintenance And Repair Of Other Major Durables For Recreation And Culture,2024-11-01,120.588
EUA,9.2.3,Maintenance And Repair Of Other Major Durables For Recreation And Culture,2024-12-01,120.102
EUA,9.3.1,"Games, Toys and Hobbies",2013-12-01,100.0
EUA,9.3.1,"Games, Toys and Hobbies",2014-01-01,100.544
EUA,9.3.1,"Games, Toys and Hobbies",2014-02-01,101.824
EUA,9.3.1,"Games, Toys and Hobbies",2014-03-01,101.153
EUA,9.3.1,"Games, Toys and Hobbies",2014-04-01,99.244
EUA,9.3.1,"Games, Toys and Hobbies",2014-05-01,98.763
EUA,9.3.1,"Games, Toys and Hobbies",2014-06-01,98.972
EUA,9.3.1,"Games, Toys and Hobbies",2014-07-01,98.756
EUA,9.3.1,"Games, Toys and Hobbies",2014-08-01,97.68
EUA,9.3.1,"Games, Toys and Hobbies",2014-09-01,96.459
EUA,9.3.1,"Games, Toys and Hobbies",2014-10-01,95.881
EUA,9.3.1,"Games, Toys and Hobbies",2014-11-01,94.365
EUA,9.3.1,"Games, Toys and Hobbies",2014-12-01,94.63
EUA,9.3.1,"Games, Toys and Hobbies",2015-01-01,95.243
EUA,9.3.1,"Games, Toys and Hobbies",2015-02-01,94.355
EUA,9.3.1,"Games, Toys and Hobbies",2015-03-01,94.18
EUA,9.3.1,"Games, Toys and Hobbies",2015-04-01,94.171
EUA,9.3.1,"Games, Toys and Hobbies",2015-05-01,93.49
EUA,9.3.1,"Games, Toys and Hobbies",2015-06-01,92.817
EUA,9.3.1,"Games, Toys and Hobbies",2015-07-01,92.3
EUA,9.3.1,"Games, Toys and Hobbies",2015-08-01,91.008
EUA,9.3.1,"Games, Toys and Hobbies",2015-09-01,90.642
EUA,9.3.1,"Games, Toys and Hobbies",2015-10-01,90.109
EUA,9.3.1,"Games, Toys and Hobbies",2015-11-01,89.029
EUA,9.3.1,"Games, Toys and Hobbies",2015-12-01,87.277
EUA,9.3.1,"Games, Toys and Hobbies",2016-01-01,88.446
EUA,9.3.1,"Games, Toys and Hobbies",2016-02-01,87.741
EUA,9.3.1,"Games, Toys and Hobbies",2016-03-01,86.989
EUA,9.3.1,"Games, Toys and Hobbies",2016-04-01,86.676
EUA,9.3.1,"Games, Toys and Hobbies",2016-05-01,86.118
EUA,9.3.1,"Games, Toys and Hobbies",2016-06-01,85.1
EUA,9.3.1,"Games, Toys and Hobbies",2016-07-01,83.851
EUA,9.3.1,"Games, Toys and Hobbies",2016-08-01,83.793
EUA,9.3.1,"Games, Toys and Hobbies",2016-09-01,82.639
EUA,9.3.1,"Games, Toys and Hobbies",2016-10-01,81.448
EUA,9.3.1,"Games, Toys and Hobbies",2016-11-01,80.827
EUA,9.3.1,"Games, Toys and Hobbies",2016-12-01,79.728
EUA,9.3.1,"Games, Toys and Hobbies",2017-01-01,80.759
EUA,9.3.1,"Games, Toys and Hobbies",2017-02-01,80.894
EUA,9.3.1,"Games, Toys and Hobbies",2017-03-01,79.817
EUA,9.3.1,"Games, Toys and Hobbies",2017-04-01,78.99
EUA,9.3.1,"Games, Toys and Hobbies",2017-05-01,78.316
EUA,9.3.1,"Games, Toys and Hobbies",2017-06-01,77.441
EUA,9.3.1,"Games, Toys and Hobbies",2017-07-01,75.639
EUA,9.3.1,"Games, Toys and Hobbies",2017-08-01,75.045
EUA,9.3.1,"Games, Toys and Hobbies",2017-09-01,74.93
EUA,9.3.1,"Games, Toys and Hobbies",2017-10-01,74.927
EUA,9.3.1,"Games, Toys and Hobbies",2017-11-01,73.587
EUA,9.3.1,"Games, Toys and Hobbies",2017-12-01,72.484
EUA,9.3.1,"Games, Toys and Hobbies",2018-01-01,72.659
EUA,9.3.1,"Games, Toys and Hobbies",2018-02-01,73.556
EUA,9.3.1,"Games, Toys and Hobbies",2018-03-01,73.007
EUA,9.3.1,"Games, Toys and Hobbies",2018-04-01,71.893
EUA,9.3.1,"Games, Toys and Hobbies",2018-05-01,70.428
EUA,9.3.1,"Games, Toys and Hobbies",2018-06-01,69.541
EUA,9.3.1,"Games, Toys and Hobbies",2018-07-01,69.081
EUA,9.3.1,"Games, Toys and Hobbies",2018-08-01,68.043
EUA,9.3.1,"Games, Toys and Hobbies",2018-09-01,67.412
EUA,9.3.1,"Games, Toys and Hobbies",2018-10-01,66.798
EUA,9.3.1,"Games, Toys and Hobbies",2018-11-01,65.92
EUA,9.3.1,"Games, Toys and Hobbies",2018-12-01,65.998
EUA,9.3.1,"Games, Toys and Hobbies",2019-01-01,67.166
EUA,9.3.1,"Games, Toys and Hobbies",2019-02-01,67.071
EUA,9.3.1,"Games, Toys and Hobbies",2019-03-01,65.966
EUA,9.3.1,"Games, Toys and Hobbies",2019-04-01,64.883
EUA,9.3.1,"Games, Toys and Hobbies",2019-05-01,64.525
EUA,9.3.1,"Games, Toys and Hobbies",2019-06-01,64.241
EUA,9.3.1,"Games, Toys and Hobbies",2019-07-01,63.037
EUA,9.3.1,"Games, Toys and Hobbies",2019-08-01,63.363
EUA,9.3.1,"Games, Toys and Hobbies",2019-09-01,63.338
EUA,9.3.1,"Games, Toys and Hobbies",2019-10-01,62.817
EUA,9.3.1,"Games, Toys and Hobbies",2019-11-01,61.88
EUA,9.3.1,"Games, Toys and Hobbies",2019-12-01,61.285
EUA,9.3.1,"Games, Toys and Hobbies",2020-01-01,62.257
EUA,9.3.1,"Games, Toys and Hobbies",2020-02-01,61.833
EUA,9.3.1,"Games, Toys and Hobbies",2020-03-01,61.162
EUA,9.3.1,"Games, Toys and Hobbies",2020-04-01,60.379
EUA,9.3.1,"Games, Toys and Hobbies",2020-05-01,59.919
EUA,9.3.1,"Games, Toys and Hobbies",2020-06-01,59.317
EUA,9.3.1,"Games, Toys and Hobbies",2020-07-01,58.755
EUA,9.3.1,"Games, Toys and Hobbies",2020-08-01,58.798
EUA,9.3.1,"Games, Toys and Hobbies",2020-09-01,59.699
EUA,9.3.1,"Games, Toys and Hobbies",2020-10-01,59.798
EUA,9.3.1,"Games, Toys and Hobbies",2020-11-01,59.211
EUA,9.3.1,"Games, Toys and Hobbies",2020-12-01,59.005
EUA,9.3.1,"Games, Toys and Hobbies",2021-01-01,59.728
EUA,9.3.1,"Games, Toys and Hobbies",2021-02-01,60.124
EUA,9.3.1,"Games, Toys and Hobbies",2021-03-01,60.18
EUA,9.3.1,"Games, Toys and Hobbies",2021-04-01,61.42
EUA,9.3.1,"Games, Toys and Hobbies",2021-05-01,60.855
EUA,9.3.1,"Games, Toys and Hobbies",2021-06-01,59.704
EUA,9.3.1,"Games, Toys and Hobbies",2021-07-01,59.483
EUA,9.3.1,"Games, Toys and Hobbies",2021-08-01,59.815
EUA,9.3.1,"Games, Toys and Hobbies",2021-09-01,59.486
EUA,9.3.1,"Games, Toys and Hobbies",2021-10-01,59.532
EUA,9.3.1,"Games, Toys and Hobbies",2021-11-01,59.928
EUA,9.3.1,"Games, Toys and Hobbies",2021-12-01,60.091
EUA,9.3.1,"Games, Toys and Hobbies",2022-01-01,60.928
EUA,9.3.1,"Games, Toys and Hobbies",2022-02-01,61.702
EUA,9.3.1,"Games, Toys and Hobbies",2022-03-01,61.404
EUA,9.3.1,"Games, Toys and Hobbies",2022-04-01,61.216
EUA,9.3.1,"Games, Toys and Hobbies",2022-05-01,61.196
EUA,9.3.1,"Games, Toys and Hobbies",2022-06-01,60.842
EUA,9.3.1,"Games, Toys and Hobbies",2022-07-01,61.144
EUA,9.3.1,"Games, Toys and Hobbies",2022-08-01,61.501
EUA,9.3.1,"Games, Toys and Hobbies",2022-09-01,61.978
EUA,9.3.1,"Games, Toys and Hobbies",2022-10-01,61.372
EUA,9.3.1,"Games, Toys and Hobbies",2022-11-01,60.273
EUA,9.3.1,"Games, Toys and Hobbies",2022-12-01,60.85
EUA,9.3.1,"Games, Toys and Hobbies",2023-01-01,61.112
EUA,9.3.1,"Games, Toys and Hobbies",2023-02-01,62.429
EUA,9.3.1,"Games, Toys and Hobbies",2023-03-01,62.61
EUA,9.3.1,"Games, Toys and Hobbies",2023-04-01,62.16
EUA,9.3.1,"Games, Toys and Hobbies",2023-05-01,62.214
EUA,9.3.1,"Games, Toys and Hobbies",2023-06-01,61.48
EUA,9.3.1,"Games, Toys and Hobbies",2023-07-01,59.339
EUA,9.3.1,"Games, Toys and Hobbies",2023-08-01,59.744
EUA,9.3.1,"Games, Toys and Hobbies",2023-09-01,59.773
EUA,9.3.1,"Games, Toys and Hobbies",2023-10-01,59.082
EUA,9.3.1,"Games, Toys and Hobbies",2023-11-01,58.61
EUA,9.3.1,"Games, Toys and Hobbies",2023-12-01,58.096
EUA,9.3.1,"Games, Toys and Hobbies",2024-01-01,58.542
EUA,9.3.1,"Games, Toys and Hobbies",2024-02-01,58.556
EUA,9.3.1,"Games, Toys and Hobbies",2024-03-01,57.508
EUA,9.3.1,"Games, Toys and Hobbies",2024-04-01,57.548
EUA,9.3.1,"Games, Toys and Hobbies",2024-05-01,57.389
EUA,9.3.1,"Games, Toys and Hobbies",2024-06-01,57.814
EUA,9.3.1,"Games, Toys and Hobbies",2024-07-01,57.65
EUA,9.3.1,"Games, Toys and Hobbies",2024-08-01,57.858
EUA,9.3.1,"Games, Toys and Hobbies",2024-09-01,58.043
EUA,9.3.1,"Games, Toys and Hobbies",2024-10-01,57.411
EUA,9.3.1,"Games, Toys and Hobbies",2024-11-01,56.552
EUA,9.3.1,"Games, Toys and Hobbies",2024-12-01,55.864
EUA,9.3.2,"Equipment for Sport, Camping and Open-Air Recreation",2013-12-01,100.0
EUA,9.3.2,"Equipment for Sport, Camping and Open-Air Recreation",2014-01-01,99.738
EUA,9.3.2,"Equipment for Sport, Camping and Open-Air Recreation",2014-02-01,100.024
EUA,9.3.2,"Equipment for Sport, Camping and Open-Air Recreation",2014-03-01,99.721
EUA,9.3.2,"Equipment for Sport, Camping and Open-Air Recreation",2014-04-01,100.167
EUA,9.3.2,"Equipment for Sport, Camping and Open-Air Recreation",2014-05-01,99.896
EUA,9.3.2,"Equipment for Sport, Camping and Open-Air Recreation",2014-06-01,99.907
EUA,9.3.2,"Equipment for Sport, Camping and Open-Air Recreation",2014-07-01,99.099
EUA,9.3.2,"Equipment for Sport, Camping and Open-Air Recreation",2014-08-01,98.687
EUA,9.3.2,"Equipment for Sport, Camping and Open-Air Recreation",2014-09-01,99.151
EUA,9.3.2,"Equipment for Sport, Camping and Open-Air Recreation",2014-10-01,99.287
EUA,9.3.2,"Equipment for Sport, Camping and Open-Air Recreation",2014-11-01,98.569
EUA,9.3.2,"Equipment for Sport, Camping and Open-Air Recreation",2014-12-01,97.667
EUA,9.3.2,"Equipment for Sport, Camping and Open-Air Recreation",2015-01-01,97.399
EUA,9.3.2,"Equipment for Sport, Camping and Open-Air Recreation",2015-02-01,97.805
EUA,9.3.2,"Equipment for Sport, Camping and Open-Air Recreation",2015-03-01,97.508
EUA,9.3.2,"Equipment for Sport, Camping and Open-Air Recreation",2015-04-01,97.624
EUA,9.3.2,"Equipment for Sport, Camping and Open-Air Recreation",2015-05-01,96.469
EUA,9.3.2,"Equipment for Sport, Camping and Open-Air Recreation",2015-06-01,96.568
EUA,9.3.2,"Equipment for Sport, Camping and Open-Air Recreation",2015-07-01,96.918
EUA,9.3.2,"Equipment for Sport, Camping and Open-Air Recreation",2015-08-01,96.49
EUA,9.3.2,"Equipment for Sport, Camping and Open-Air Recreation",2015-09-01,97.12
EUA,9.3.2,"Equipment for Sport, Camping and Open-Air Recreation",2015-10-01,97.446
EUA,9.3.2,"Equipment for Sport, Camping and Open-Air Recreation",2015-11-01,97.054
EUA,9.3.2,"Equipment for Sport, Camping and Open-Air Recreation",2015-12-01,96.999
EUA,9.3.2,"Equipment for Sport, Camping and Open-Air Recreation",2016-01-01,96.847
EUA,9.3.2,"Equipment for Sport, Camping and Open-Air Recreation",2016-02-01,96.864
EUA,9.3.2,"Equipment for Sport, Camping and Open-Air Recreation",2016-03-01,97.047
EUA,9.3.2,"Equipment for Sport, Camping and Open-Air Recreation",2016-04-01,97.534
EUA,9.3.2,"Equipment for Sport, Camping and Open-Air Recreation",2016-05-01,97.232
EUA,9.3.2,"Equipment for Sport, Camping and Open-Air Recreation",2016-06-01,96.067
EUA,9.3.2,"Equipment for Sport, Camping and Open-Air Recreation",2016-07-01,96.235
EUA,9.3.2,"Equipment for Sport, Camping and Open-Air Recreation",2016-08-01,95.816
EUA,9.3.2,"Equipment for Sport, Camping and Open-Air Recreation",2016-09-01,95.263
EUA,9.3.2,"Equipment for Sport, Camping and Open-Air Recreation",2016-10-01,95.059
EUA,9.3.2,"Equipment for Sport, Camping and Open-Air Recreation",2016-11-01,94.601
EUA,9.3.2,"Equipment for Sport, Camping and Open-Air Recreation",2016-12-01,94.053
EUA,9.3.2,"Equipment for Sport, Camping and Open-Air Recreation",2017-01-01,93.874
EUA,9.3.2,"Equipment for Sport, Camping and Open-Air Recreation",2017-02-01,94.593
EUA,9.3.2,"Equipment for Sport, Camping and Open-Air Recreation",2017-03-01,94.641
EUA,9.3.2,"Equipment for Sport, Camping and Open-Air Recreation",2017-04-01,94.721
EUA,9.3.2,"Equipment for Sport, Camping and Open-Air Recreation",2017-05-01,94.237
EUA,9.3.2,"Equipment for Sport, Camping and Open-Air Recreation",2017-06-01,93.94
EUA,9.3.2,"Equipment for Sport, Camping and Open-Air Recreation",2017-07-01,94.071
EUA,9.3.2,"Equipment for Sport, Camping and Open-Air Recreation",2017-08-01,93.795
EUA,9.3.2,"Equipment for Sport, Camping and Open-Air Recreation",2017-09-01,93.931
EUA,9.3.2,"Equipment for Sport, Camping and Open-Air Recreation",2017-10-01,93.792
EUA,9.3.2,"Equipment for Sport, Camping and Open-Air Recreation",2017-11-01,93.852
EUA,9.3.2,"Equipment for Sport, Camping and Open-Air Recreation",2017-12-01,93.21
EUA,9.3.2,"Equipment for Sport, Camping and Open-Air Recreation",2018-01-01,93.335
EUA,9.3.2,"Equipment for Sport, Camping and Open-Air Recreation",2018-02-01,92.897
EUA,9.3.2,"Equipment for Sport, Camping and Open-Air Recreation",2018-03-01,93.195
EUA,9.3.2,"Equipment for Sport, Camping and Open-Air Recreation",2018-04-01,93.23
EUA,9.3.2,"Equipment for Sport, Camping and Open-Air Recreation",2018-05-01,92.26
EUA,9.3.2,"Equipment for Sport, Camping and Open-Air Recreation",2018-06-01,92.113
EUA,9.3.2,"Equipment for Sport, Camping and Open-Air Recreation",2018-07-01,91.614
EUA,9.3.2,"Equipment for Sport, Camping and Open-Air Recreation",2018-08-01,91.832
EUA,9.3.2,"Equipment for Sport, Camping and Open-Air Recreation",2018-09-01,91.648
EUA,9.3.2,"Equipment for Sport, Camping and Open-Air Recreation",2018-10-01,91.199
EUA,9.3.2,"Equipment for Sport, Camping and Open-Air Recreation",2018-11-01,91.412
EUA,9.3.2,"Equipment for Sport, Camping and Open-Air Recreation",2018-12-01,91.515
EUA,9.3.2,"Equipment for Sport, Camping and Open-Air Recreation",2019-01-01,91.704
EUA,9.3.2,"Equipment for Sport, Camping and Open-Air Recreation",2019-02-01,91.348
EUA,9.3.2,"Equipment for Sport, Camping and Open-Air Recreation",2019-03-01,91.227
EUA,9.3.2,"Equipment for Sport, Camping and Open-Air Recreation",2019-04-01,91.502
EUA,9.3.2,"Equipment for Sport, Camping and Open-Air Recreation",2019-05-01,91.997
EUA,9.3.2,"Equipment for Sport, Camping and Open-Air Recreation",2019-06-01,91.583
EUA,9.3.2,"Equipment for Sport, Camping and Open-Air Recreation",2019-07-01,90.713
EUA,9.3.2,"Equipment for Sport, Camping and Open-Air Recreation",2019-08-01,91.045
EUA,9.3.2,"Equipment for Sport, Camping and Open-Air Recreation",2019-09-01,91.005
EUA,9.3.2,"Equipment for Sport, Camping and Open-Air Recreation",2019-10-01,91.27
EUA,9.3.2,"Equipment for Sport, Camping and Open-Air Recreation",2019-11-01,91.058
EUA,9.3.2,"Equipment for Sport, Camping and Open-Air Recreation",2019-12-01,90.658
EUA,9.3.2,"Equipment for Sport, Camping and Open-Air Recreation",2020-01-01,90.746
EUA,9.3.2,"Equipment for Sport, Camping and Open-Air Recreation",2020-02-01,91.651
EUA,9.3.2,"Equipment for Sport, Camping and Open-Air Recreation",2020-03-01,91.343
EUA,9.3.2,"Equipment for Sport, Camping and Open-Air Recreation",2020-04-01,90.83
EUA,9.3.2,"Equipment for Sport, Camping and Open-Air Recreation",2020-05-01,90.303
EUA,9.3.2,"Equipment for Sport, Camping and Open-Air Recreation",2020-06-01,90.527
EUA,9.3.2,"Equipment for Sport, Camping and Open-Air Recreation",2020-07-01,90.589
EUA,9.3.2,"Equipment for Sport, Camping and Open-Air Recreation",2020-08-01,91.526
EUA,9.3.2,"Equipment for Sport, Camping and Open-Air Recreation",2020-09-01,92.216
EUA,9.3.2,"Equipment for Sport, Camping and Open-Air Recreation",2020-10-01,91.364
EUA,9.3.2,"Equipment for Sport, Camping and Open-Air Recreation",2020-11-01,92.247
EUA,9.3.2,"Equipment for Sport, Camping and Open-Air Recreation",2020-12-01,94.337
EUA,9.3.2,"Equipment for Sport, Camping and Open-Air Recreation",2021-01-01,94.641
EUA,9.3.2,"Equipment for Sport, Camping and Open-Air Recreation",2021-02-01,95.315
EUA,9.3.2,"Equipment for Sport, Camping and Open-Air Recreation",2021-03-01,94.579
EUA,9.3.2,"Equipment for Sport, Camping and Open-Air Recreation",2021-04-01,95.382
EUA,9.3.2,"Equipment for Sport, Camping and Open-Air Recreation",2021-05-01,95.613
EUA,9.3.2,"Equipment for Sport, Camping and Open-Air Recreation",2021-06-01,95.182
EUA,9.3.2,"Equipment for Sport, Camping and Open-Air Recreation",2021-07-01,95.656
EUA,9.3.2,"Equipment for Sport, Camping and Open-Air Recreation",2021-08-01,96.538
EUA,9.3.2,"Equipment for Sport, Camping and Open-Air Recreation",2021-09-01,96.466
EUA,9.3.2,"Equipment for Sport, Camping and Open-Air Recreation",2021-10-01,98.572
EUA,9.3.2,"Equipment for Sport, Camping and Open-Air Recreation",2021-11-01,98.604
EUA,9.3.2,"Equipment for Sport, Camping and Open-Air Recreation",2021-12-01,99.211
EUA,9.3.2,"Equipment for Sport, Camping and Open-Air Recreation",2022-01-01,100.96
EUA,9.3.2,"Equipment for Sport, Camping and Open-Air Recreation",2022-02-01,102.234
EUA,9.3.2,"Equipment for Sport, Camping and Open-Air Recreation",2022-03-01,102.332
EUA,9.3.2,"Equipment for Sport, Camping and Open-Air Recreation",2022-04-01,103.158
EUA,9.3.2,"Equipment for Sport, Camping and Open-Air Recreation",2022-05-01,103.427
EUA,9.3.2,"Equipment for Sport, Camping and Open-Air Recreation",2022-06-01,103.494
EUA,9.3.2,"Equipment for Sport, Camping and Open-Air Recreation",2022-07-01,102.766
EUA,9.3.2,"Equipment for Sport, Camping and Open-Air Recreation",2022-08-01,103.556
EUA,9.3.2,"Equipment for Sport, Camping and Open-Air Recreation",2022-09-01,104.415
EUA,9.3.2,"Equipment for Sport, Camping and Open-Air Recreation",2022-10-01,104.784
EUA,9.3.2,"Equipment for Sport, Camping and Open-Air Recreation",2022-11-01,104.597
EUA,9.3.2,"Equipment for Sport, Camping and Open-Air Recreation",2022-12-01,104.685
EUA,9.3.2,"Equipment for Sport, Camping and Open-Air Recreation",2023-01-01,104.57
EUA,9.3.2,"Equipment for Sport, Camping and Open-Air Recreation",2023-02-01,104.826
EUA,9.3.2,"Equipment for Sport, Camping and Open-Air Recreation",2023-03-01,104.503
EUA,9.3.2,"Equipment for Sport, Camping and Open-Air Recreation",2023-04-01,104.776
EUA,9.3.2,"Equipment for Sport, Camping and Open-Air Recreation",2023-05-01,104.124
EUA,9.3.2,"Equipment for Sport, Camping and Open-Air Recreation",2023-06-01,103.888
EUA,9.3.2,"Equipment for Sport, Camping and Open-Air Recreation",2023-07-01,103.492
EUA,9.3.2,"Equipment for Sport, Camping and Open-Air Recreation",2023-08-01,103.545
EUA,9.3.2,"Equipment for Sport, Camping and Open-Air Recreation",2023-09-01,103.842
EUA,9.3.2,"Equipment for Sport, Camping and Open-Air Recreation",2023-10-01,103.887
EUA,9.3.2,"Equipment for Sport, Camping and Open-Air Recreation",2023-11-01,103.736
EUA,9.3.2,"Equipment for Sport, Camping and Open-Air Recreation",2023-12-01,102.687
EUA,9.3.2,"Equipment for Sport, Camping and Open-Air Recreation",2024-01-01,103.255
EUA,9.3.2,"Equipment for Sport, Camping and Open-Air Recreation",2024-02-01,103.554
EUA,9.3.2,"Equipment for Sport, Camping and Open-Air Recreation",2024-03-01,103.807
EUA,9.3.2,"Equipment for Sport, Camping and Open-Air Recreation",2024-04-01,103.723
EUA,9.3.2,"Equipment for Sport, Camping and Open-Air Recreation",2024-05-01,102.985
EUA,9.3.2,"Equipment for Sport, Camping and Open-Air Recreation",2024-06-01,102.409
EUA,9.3.2,"Equipment for Sport, Camping and Open-Air Recreation",2024-07-01,102.317
EUA,9.3.2,"Equipment for Sport, Camping and Open-Air Recreation",2024-08-01,101.707
EUA,9.3.2,"Equipment for Sport, Camping and Open-Air Recreation",2024-09-01,101.546
EUA,9.3.2,"Equipment for Sport, Camping and Open-Air Recreation",2024-10-01,101.452
EUA,9.3.2,"Equipment for Sport, Camping and Open-Air Recreation",2024-11-01,100.731
EUA,9.3.2,"Equipment for Sport, Camping and Open-Air Recreation",2024-12-01,100.606
EUA,9.3.3,"Gardens, Plants, and Flowers",2013-12-01,100.0
EUA,9.3.3,"Gardens, Plants, and Flowers",2014-01-01,100.591
EUA,9.3.3,"Gardens, Plants, and Flowers",2014-02-01,102.096
EUA,9.3.3,"Gardens, Plants, and Flowers",2014-03-01,102.031
EUA,9.3.3,"Gardens, Plants, and Flowers",2014-04-01,100.996
EUA,9.3.3,"Gardens, Plants, and Flowers",2014-05-01,101.632
EUA,9.3.3,"Gardens, Plants, and Flowers",2014-06-01,101.477
EUA,9.3.3,"Gardens, Plants, and Flowers",2014-07-01,100.514
EUA,9.3.3,"Gardens, Plants, and Flowers",2014-08-01,100.017
EUA,9.3.3,"Gardens, Plants, and Flowers",2014-09-01,99.998
EUA,9.3.3,"Gardens, Plants, and Flowers",2014-10-01,100.194
EUA,9.3.3,"Gardens, Plants, and Flowers",2014-11-01,100.545
EUA,9.3.3,"Gardens, Plants, and Flowers",2014-12-01,100.846
EUA,9.3.3,"Gardens, Plants, and Flowers",2015-01-01,100.814
EUA,9.3.3,"Gardens, Plants, and Flowers",2015-02-01,102.122
EUA,9.3.3,"Gardens, Plants, and Flowers",2015-03-01,101.658
EUA,9.3.3,"Gardens, Plants, and Flowers",2015-04-01,101.618
EUA,9.3.3,"Gardens, Plants, and Flowers",2015-05-01,102.27
EUA,9.3.3,"Gardens, Plants, and Flowers",2015-06-01,102.042
EUA,9.3.3,"Gardens, Plants, and Flowers",2015-07-01,100.561
EUA,9.3.3,"Gardens, Plants, and Flowers",2015-08-01,100.068
EUA,9.3.3,"Gardens, Plants, and Flowers",2015-09-01,101.361
EUA,9.3.3,"Gardens, Plants, and Flowers",2015-10-01,102.167
EUA,9.3.3,"Gardens, Plants, and Flowers",2015-11-01,102.158
EUA,9.3.3,"Gardens, Plants, and Flowers",2015-12-01,101.622
EUA,9.3.3,"Gardens, Plants, and Flowers",2016-01-01,101.635
EUA,9.3.3,"Gardens, Plants, and Flowers",2016-02-01,103.209
EUA,9.3.3,"Gardens, Plants, and Flowers",2016-03-01,102.612
EUA,9.3.3,"Gardens, Plants, and Flowers",2016-04-01,100.997
EUA,9.3.3,"Gardens, Plants, and Flowers",2016-05-01,101.116
EUA,9.3.3,"Gardens, Plants, and Flowers",2016-06-01,101.302
EUA,9.3.3,"Gardens, Plants, and Flowers",2016-07-01,99.247
EUA,9.3.3,"Gardens, Plants, and Flowers",2016-08-01,99.43
EUA,9.3.3,"Gardens, Plants, and Flowers",2016-09-01,100.196
EUA,9.3.3,"Gardens, Plants, and Flowers",2016-10-01,100.23
EUA,9.3.3,"Gardens, Plants, and Flowers",2016-11-01,100.353
EUA,9.3.3,"Gardens, Plants, and Flowers",2016-12-01,101.08
EUA,9.3.3,"Gardens, Plants, and Flowers",2017-01-01,101.529
EUA,9.3.3,"Gardens, Plants, and Flowers",2017-02-01,102.695
EUA,9.3.3,"Gardens, Plants, and Flowers",2017-03-01,102.828
EUA,9.3.3,"Gardens, Plants, and Flowers",2017-04-01,101.69
EUA,9.3.3,"Gardens, Plants, and Flowers",2017-05-01,102.152
EUA,9.3.3,"Gardens, Plants, and Flowers",2017-06-01,102.149
EUA,9.3.3,"Gardens, Plants, and Flowers",2017-07-01,101.114
EUA,9.3.3,"Gardens, Plants, and Flowers",2017-08-01,100.183
EUA,9.3.3,"Gardens, Plants, and Flowers",2017-09-01,99.427
EUA,9.3.3,"Gardens, Plants, and Flowers",2017-10-01,99.689
EUA,9.3.3,"Gardens, Plants, and Flowers",2017-11-01,100.257
EUA,9.3.3,"Gardens, Plants, and Flowers",2017-12-01,100.927
EUA,9.3.3,"Gardens, Plants, and Flowers",2018-01-01,100.457
EUA,9.3.3,"Gardens, Plants, and Flowers",2018-02-01,102.253
EUA,9.3.3,"Gardens, Plants, and Flowers",2018-03-01,103.11
EUA,9.3.3,"Gardens, Plants, and Flowers",2018-04-01,102.123
EUA,9.3.3,"Gardens, Plants, and Flowers",2018-05-01,102.357
EUA,9.3.3,"Gardens, Plants, and Flowers",2018-06-01,101.38
EUA,9.3.3,"Gardens, Plants, and Flowers",2018-07-01,100.942
EUA,9.3.3,"Gardens, Plants, and Flowers",2018-08-01,100.671
EUA,9.3.3,"Gardens, Plants, and Flowers",2018-09-01,101.084
EUA,9.3.3,"Gardens, Plants, and Flowers",2018-10-01,101.427
EUA,9.3.3,"Gardens, Plants, and Flowers",2018-11-01,100.843
EUA,9.3.3,"Gardens, Plants, and Flowers",2018-12-01,101.31
EUA,9.3.3,"Gardens, Plants, and Flowers",2019-01-01,101.742
EUA,9.3.3,"Gardens, Plants, and Flowers",2019-02-01,103.848
EUA,9.3.3,"Gardens, Plants, and Flowers",2019-03-01,103.546
EUA,9.3.3,"Gardens, Plants, and Flowers",2019-04-01,102.101
EUA,9.3.3,"Gardens, Plants, and Flowers",2019-05-01,102.231
EUA,9.3.3,"Gardens, Plants, and Flowers",2019-06-01,102.566
EUA,9.3.3,"Gardens, Plants, and Flowers",2019-07-01,102.724
EUA,9.3.3,"Gardens, Plants, and Flowers",2019-08-01,102.572
EUA,9.3.3,"Gardens, Plants, and Flowers",2019-09-01,103.013
EUA,9.3.3,"Gardens, Plants, and Flowers",2019-10-01,102.933
EUA,9.3.3,"Gardens, Plants, and Flowers",2019-11-01,102.24
EUA,9.3.3,"Gardens, Plants, and Flowers",2019-12-01,102.672
EUA,9.3.3,"Gardens, Plants, and Flowers",2020-01-01,102.418
EUA,9.3.3,"Gardens, Plants, and Flowers",2020-02-01,103.029
EUA,9.3.3,"Gardens, Plants, and Flowers",2020-03-01,103.81
EUA,9.3.3,"Gardens, Plants, and Flowers",2020-04-01,104.098
EUA,9.3.3,"Gardens, Plants, and Flowers",2020-05-01,104.625
EUA,9.3.3,"Gardens, Plants, and Flowers",2020-06-01,105.432
EUA,9.3.3,"Gardens, Plants, and Flowers",2020-07-01,105.046
EUA,9.3.3,"Gardens, Plants, and Flowers",2020-08-01,104.387
EUA,9.3.3,"Gardens, Plants, and Flowers",2020-09-01,104.764
EUA,9.3.3,"Gardens, Plants, and Flowers",2020-10-01,105.06
EUA,9.3.3,"Gardens, Plants, and Flowers",2020-11-01,105.813
EUA,9.3.3,"Gardens, Plants, and Flowers",2020-12-01,106.741
EUA,9.3.3,"Gardens, Plants, and Flowers",2021-01-01,105.781
EUA,9.3.3,"Gardens, Plants, and Flowers",2021-02-01,107.154
EUA,9.3.3,"Gardens, Plants, and Flowers",2021-03-01,107.352
EUA,9.3.3,"Gardens, Plants, and Flowers",2021-04-01,106.372
EUA,9.3.3,"Gardens, Plants, and Flowers",2021-05-01,108.143
EUA,9.3.3,"Gardens, Plants, and Flowers",2021-06-01,108.198
EUA,9.3.3,"Gardens, Plants, and Flowers",2021-07-01,107.69
EUA,9.3.3,"Gardens, Plants, and Flowers",2021-08-01,107.47
EUA,9.3.3,"Gardens, Plants, and Flowers",2021-09-01,107.661
EUA,9.3.3,"Gardens, Plants, and Flowers",2021-10-01,112.012
EUA,9.3.3,"Gardens, Plants, and Flowers",2021-11-01,113.364
EUA,9.3.3,"Gardens, Plants, and Flowers",2021-12-01,114.169
EUA,9.3.3,"Gardens, Plants, and Flowers",2022-01-01,115.657
EUA,9.3.3,"Gardens, Plants, and Flowers",2022-02-01,117.372
EUA,9.3.3,"Gardens, Plants, and Flowers",2022-03-01,118.226
EUA,9.3.3,"Gardens, Plants, and Flowers",2022-04-01,116.718
EUA,9.3.3,"Gardens, Plants, and Flowers",2022-05-01,118.171
EUA,9.3.3,"Gardens, Plants, and Flowers",2022-06-01,118.262
EUA,9.3.3,"Gardens, Plants, and Flowers",2022-07-01,118.014
EUA,9.3.3,"Gardens, Plants, and Flowers",2022-08-01,119.085
EUA,9.3.3,"Gardens, Plants, and Flowers",2022-09-01,120.206
EUA,9.3.3,"Gardens, Plants, and Flowers",2022-10-01,121.2
EUA,9.3.3,"Gardens, Plants, and Flowers",2022-11-01,122.645
EUA,9.3.3,"Gardens, Plants, and Flowers",2022-12-01,123.866
EUA,9.3.3,"Gardens, Plants, and Flowers",2023-01-01,124.675
EUA,9.3.3,"Gardens, Plants, and Flowers",2023-02-01,129.031
EUA,9.3.3,"Gardens, Plants, and Flowers",2023-03-01,129.738
EUA,9.3.3,"Gardens, Plants, and Flowers",2023-04-01,128.134
EUA,9.3.3,"Gardens, Plants, and Flowers",2023-05-01,127.383
EUA,9.3.3,"Gardens, Plants, and Flowers",2023-06-01,127.627
EUA,9.3.3,"Gardens, Plants, and Flowers",2023-07-01,125.116
EUA,9.3.3,"Gardens, Plants, and Flowers",2023-08-01,127.071
EUA,9.3.3,"Gardens, Plants, and Flowers",2023-09-01,127.876
EUA,9.3.3,"Gardens, Plants, and Flowers",2023-10-01,127.214
EUA,9.3.3,"Gardens, Plants, and Flowers",2023-11-01,126.865
EUA,9.3.3,"Gardens, Plants, and Flowers",2023-12-01,125.495
EUA,9.3.3,"Gardens, Plants, and Flowers",2024-01-01,124.985
EUA,9.3.3,"Gardens, Plants, and Flowers",2024-02-01,125.109
EUA,9.3.3,"Gardens, Plants, and Flowers",2024-03-01,124.218
EUA,9.3.3,"Gardens, Plants, and Flowers",2024-04-01,122.582
EUA,9.3.3,"Gardens, Plants, and Flowers",2024-05-01,123.618
EUA,9.3.3,"Gardens, Plants, and Flowers",2024-06-01,124.445
EUA,9.3.3,"Gardens, Plants, and Flowers",2024-07-01,124.921
EUA,9.3.3,"Gardens, Plants, and Flowers",2024-08-01,124.292
EUA,9.3.3,"Gardens, Plants, and Flowers",2024-09-01,123.057
EUA,9.3.3,"Gardens, Plants, and Flowers",2024-10-01,123.777
EUA,9.3.3,"Gardens, Plants, and Flowers",2024-11-01,123.612
EUA,9.3.3,"Gardens, Plants, and Flowers",2024-12-01,122.673
EUA,9.3.4,Pets and Related Products,2013-12-01,100.0
EUA,9.3.4,Pets and Related Products,2014-01-01,99.699
EUA,9.3.4,Pets and Related Products,2014-02-01,99.436
EUA,9.3.4,Pets and Related Products,2014-03-01,98.836
EUA,9.3.4,Pets and Related Products,2014-04-01,99.177
EUA,9.3.4,Pets and Related Products,2014-05-01,99.708
EUA,9.3.4,Pets and Related Products,2014-06-01,99.984
EUA,9.3.4,Pets and Related Products,2014-07-01,99.133
EUA,9.3.4,Pets and Related Products,2014-08-01,98.972
EUA,9.3.4,Pets and Related Products,2014-09-01,99.832
EUA,9.3.4,Pets and Related Products,2014-10-01,99.997
EUA,9.3.4,Pets and Related Products,2014-11-01,100.143
EUA,9.3.4,Pets and Related Products,2014-12-01,100.257
EUA,9.3.4,Pets and Related Products,2015-01-01,99.424
EUA,9.3.4,Pets and Related Products,2015-02-01,99.464
EUA,9.3.4,Pets and Related Products,2015-03-01,99.715
EUA,9.3.4,Pets and Related Products,2015-04-01,99.067
EUA,9.3.4,Pets and Related Products,2015-05-01,99.333
EUA,9.3.4,Pets and Related Products,2015-06-01,99.681
EUA,9.3.4,Pets and Related Products,2015-07-01,98.532
EUA,9.3.4,Pets and Related Products,2015-08-01,98.482
EUA,9.3.4,Pets and Related Products,2015-09-01,99.061
EUA,9.3.4,Pets and Related Products,2015-10-01,99.061
EUA,9.3.4,Pets and Related Products,2015-11-01,98.274
EUA,9.3.4,Pets and Related Products,2015-12-01,98.416
EUA,9.3.4,Pets and Related Products,2016-01-01,98.93
EUA,9.3.4,Pets and Related Products,2016-02-01,98.859
EUA,9.3.4,Pets and Related Products,2016-03-01,98.922
EUA,9.3.4,Pets and Related Products,2016-04-01,99.332
EUA,9.3.4,Pets and Related Products,2016-05-01,99.419
EUA,9.3.4,Pets and Related Products,2016-06-01,99.169
EUA,9.3.4,Pets and Related Products,2016-07-01,98.805
EUA,9.3.4,Pets and Related Products,2016-08-01,99.198
EUA,9.3.4,Pets and Related Products,2016-09-01,99.434
EUA,9.3.4,Pets and Related Products,2016-10-01,99.041
EUA,9.3.4,Pets and Related Products,2016-11-01,99.186
EUA,9.3.4,Pets and Related Products,2016-12-01,99.141
EUA,9.3.4,Pets and Related Products,2017-01-01,98.958
EUA,9.3.4,Pets and Related Products,2017-02-01,98.776
EUA,9.3.4,Pets and Related Products,2017-03-01,98.75
EUA,9.3.4,Pets and Related Products,2017-04-01,98.843
EUA,9.3.4,Pets and Related Products,2017-05-01,98.757
EUA,9.3.4,Pets and Related Products,2017-06-01,98.447
EUA,9.3.4,Pets and Related Products,2017-07-01,98.675
EUA,9.3.4,Pets and Related Products,2017-08-01,98.631
EUA,9.3.4,Pets and Related Products,2017-09-01,98.226
EUA,9.3.4,Pets and Related Products,2017-10-01,98.324
EUA,9.3.4,Pets and Related Products,2017-11-01,97.626
EUA,9.3.4,Pets and Related Products,2017-12-01,97.55
EUA,9.3.4,Pets and Related Products,2018-01-01,97.983
EUA,9.3.4,Pets and Related Products,2018-02-01,97.922
EUA,9.3.4,Pets and Related Products,2018-03-01,98.067
EUA,9.3.4,Pets and Related Products,2018-04-01,98.744
EUA,9.3.4,Pets and Related Products,2018-05-01,98.999
EUA,9.3.4,Pets and Related Products,2018-06-01,99.101
EUA,9.3.4,Pets and Related Products,2018-07-01,99.032
EUA,9.3.4,Pets and Related Products,2018-08-01,98.981
EUA,9.3.4,Pets and Related Products,2018-09-01,99.255
EUA,9.3.4,Pets and Related Products,2018-10-01,99.215
EUA,9.3.4,Pets and Related Products,2018-11-01,99.278
EUA,9.3.4,Pets and Related Products,2018-12-01,99.701
EUA,9.3.4,Pets and Related Products,2019-01-01,100.149
EUA,9.3.4,Pets and Related Products,2019-02-01,100.7
EUA,9.3.4,Pets and Related Products,2019-03-01,100.957
EUA,9.3.4,Pets and Related Products,2019-04-01,101.352
EUA,9.3.4,Pets and Related Products,2019-05-01,101.904
EUA,9.3.4,Pets and Related Products,2019-06-01,101.913
EUA,9.3.4,Pets and Related Products,2019-07-01,102.485
EUA,9.3.4,Pets and Related Products,2019-08-01,102.114
EUA,9.3.4,Pets and Related Products,2019-09-01,102.033
EUA,9.3.4,Pets and Related Products,2019-10-01,102.469
EUA,9.3.4,Pets and Related Products,2019-11-01,102.531
EUA,9.3.4,Pets and Related Products,2019-12-01,102.779
EUA,9.3.4,Pets and Related Products,2020-01-01,102.668
EUA,9.3.4,Pets and Related Products,2020-02-01,103.149
EUA,9.3.4,Pets and Related Products,2020-03-01,102.541
EUA,9.3.4,Pets and Related Products,2020-04-01,101.311
EUA,9.3.4,Pets and Related Products,2020-05-01,101.142
EUA,9.3.4,Pets and Related Products,2020-06-01,100.177
EUA,9.3.4,Pets and Related Products,2020-07-01,100.302
EUA,9.3.4,Pets and Related Products,2020-08-01,101.579
EUA,9.3.4,Pets and Related Products,2020-09-01,100.355
EUA,9.3.4,Pets and Related Products,2020-10-01,99.532
EUA,9.3.4,Pets and Related Products,2020-11-01,100.388
EUA,9.3.4,Pets and Related Products,2020-12-01,100.936
EUA,9.3.4,Pets and Related Products,2021-01-01,100.959
EUA,9.3.4,Pets and Related Products,2021-02-01,101.028
EUA,9.3.4,Pets and Related Products,2021-03-01,101.125
EUA,9.3.4,Pets and Related Products,2021-04-01,101.588
EUA,9.3.4,Pets and Related Products,2021-05-01,101.562
EUA,9.3.4,Pets and Related Products,2021-06-01,101.302
EUA,9.3.4,Pets and Related Products,2021-07-01,102.756
EUA,9.3.4,Pets and Related Products,2021-08-01,102.685
EUA,9.3.4,Pets and Related Products,2021-09-01,103.161
EUA,9.3.4,Pets and Related Products,2021-10-01,103.181
EUA,9.3.4,Pets and Related Products,2021-11-01,103.236
EUA,9.3.4,Pets and Related Products,2021-12-01,103.695
EUA,9.3.4,Pets and Related Products,2022-01-01,104.657
EUA,9.3.4,Pets and Related Products,2022-02-01,106.282
EUA,9.3.4,Pets and Related Products,2022-03-01,108.079
EUA,9.3.4,Pets and Related Products,2022-04-01,108.912
EUA,9.3.4,Pets and Related Products,2022-05-01,110.038
EUA,9.3.4,Pets and Related Products,2022-06-01,111.168
EUA,9.3.4,Pets and Related Products,2022-07-01,111.855
EUA,9.3.4,Pets and Related Products,2022-08-01,113.639
EUA,9.3.4,Pets and Related Products,2022-09-01,114.643
EUA,9.3.4,Pets and Related Products,2022-10-01,116.123
EUA,9.3.4,Pets and Related Products,2022-11-01,116.646
EUA,9.3.4,Pets and Related Products,2022-12-01,116.812
EUA,9.3.4,Pets and Related Products,2023-01-01,117.095
EUA,9.3.4,Pets and Related Products,2023-02-01,118.329
EUA,9.3.4,Pets and Related Products,2023-03-01,119.249
EUA,9.3.4,Pets and Related Products,2023-04-01,120.511
EUA,9.3.4,Pets and Related Products,2023-05-01,121.704
EUA,9.3.4,Pets and Related Products,2023-06-01,121.12
EUA,9.3.4,Pets and Related Products,2023-07-01,120.612
EUA,9.3.4,Pets and Related Products,2023-08-01,119.391
EUA,9.3.4,Pets and Related Products,2023-09-01,120.148
EUA,9.3.4,Pets and Related Products,2023-10-01,120.154
EUA,9.3.4,Pets and Related Products,2023-11-01,119.804
EUA,9.3.4,Pets and Related Products,2023-12-01,120.389
EUA,9.3.4,Pets and Related Products,2024-01-01,120.522
EUA,9.3.4,Pets and Related Products,2024-02-01,120.356
EUA,9.3.4,Pets and Related Products,2024-03-01,120.792
EUA,9.3.4,Pets and Related Products,2024-04-01,119.946
EUA,9.3.4,Pets and Related Products,2024-05-01,119.931
EUA,9.3.4,Pets and Related Products,2024-06-01,120.925
EUA,9.3.4,Pets and Related Products,2024-07-01,120.512
EUA,9.3.4,Pets and Related Products,2024-08-01,120.223
EUA,9.3.4,Pets and Related Products,2024-09-01,119.746
EUA,9.3.4,Pets and Related Products,2024-10-01,119.295
EUA,9.3.4,Pets and Related Products,2024-11-01,119.815
EUA,9.3.4,Pets and Related Products,2024-12-01,119.283
EUA,9.3.5,Veterinary and Other Services for Pets,2013-12-01,100.0
EUA,9.3.5,Veterinary and Other Services for Pets,2014-01-01,100.432
EUA,9.3.5,Veterinary and Other Services for Pets,2014-02-01,101.023
EUA,9.3.5,Veterinary and Other Services for Pets,2014-03-01,101.308
EUA,9.3.5,Veterinary and Other Services for Pets,2014-04-01,101.66
EUA,9.3.5,Veterinary and Other Services for Pets,2014-05-01,101.716
EUA,9.3.5,Veterinary and Other Services for Pets,2014-06-01,102.0
EUA,9.3.5,Veterinary and Other Services for Pets,2014-07-01,102.075
EUA,9.3.5,Veterinary and Other Services for Pets,2014-08-01,102.039
EUA,9.3.5,Veterinary and Other Services for Pets,2014-09-01,102.211
EUA,9.3.5,Veterinary and Other Services for Pets,2014-10-01,102.309
EUA,9.3.5,Veterinary and Other Services for Pets,2014-11-01,102.523
EUA,9.3.5,Veterinary and Other Services for Pets,2014-12-01,102.71
EUA,9.3.5,Veterinary and Other Services for Pets,2015-01-01,103.385
EUA,9.3.5,Veterinary and Other Services for Pets,2015-02-01,103.77
EUA,9.3.5,Veterinary and Other Services for Pets,2015-03-01,104.053
EUA,9.3.5,Veterinary and Other Services for Pets,2015-04-01,104.412
EUA,9.3.5,Veterinary and Other Services for Pets,2015-05-01,105.198
EUA,9.3.5,Veterinary and Other Services for Pets,2015-06-01,105.543
EUA,9.3.5,Veterinary and Other Services for Pets,2015-07-01,105.727
EUA,9.3.5,Veterinary and Other Services for Pets,2015-08-01,106.153
EUA,9.3.5,Veterinary and Other Services for Pets,2015-09-01,106.386
EUA,9.3.5,Veterinary and Other Services for Pets,2015-10-01,106.501
EUA,9.3.5,Veterinary and Other Services for Pets,2015-11-01,106.65
EUA,9.3.5,Veterinary and Other Services for Pets,2015-12-01,107.023
EUA,9.3.5,Veterinary and Other Services for Pets,2016-01-01,107.197
EUA,9.3.5,Veterinary and Other Services for Pets,2016-02-01,107.923
EUA,9.3.5,Veterinary and Other Services for Pets,2016-03-01,108.288
EUA,9.3.5,Veterinary and Other Services for Pets,2016-04-01,108.727
EUA,9.3.5,Veterinary and Other Services for Pets,2016-05-01,109.155
EUA,9.3.5,Veterinary and Other Services for Pets,2016-06-01,109.239
EUA,9.3.5,Veterinary and Other Services for Pets,2016-07-01,109.567
EUA,9.3.5,Veterinary and Other Services for Pets,2016-08-01,109.614
EUA,9.3.5,Veterinary and Other Services for Pets,2016-09-01,109.811
EUA,9.3.5,Veterinary and Other Services for Pets,2016-10-01,109.957
EUA,9.3.5,Veterinary and Other Services for Pets,2016-11-01,110.189
EUA,9.3.5,Veterinary and Other Services for Pets,2016-12-01,109.425
EUA,9.3.5,Veterinary and Other Services for Pets,2017-01-01,110.005
EUA,9.3.5,Veterinary and Other Services for Pets,2017-02-01,110.589
EUA,9.3.5,Veterinary and Other Services for Pets,2017-03-01,110.687
EUA,9.3.5,Veterinary and Other Services for Pets,2017-04-01,110.987
EUA,9.3.5,Veterinary and Other Services for Pets,2017-05-01,110.942
EUA,9.3.5,Veterinary and Other Services for Pets,2017-06-01,110.877
EUA,9.3.5,Veterinary and Other Services for Pets,2017-07-01,111.495
EUA,9.3.5,Veterinary and Other Services for Pets,2017-08-01,111.833
EUA,9.3.5,Veterinary and Other Services for Pets,2017-09-01,112.115
EUA,9.3.5,Veterinary and Other Services for Pets,2017-10-01,112.035
EUA,9.3.5,Veterinary and Other Services for Pets,2017-11-01,112.048
EUA,9.3.5,Veterinary and Other Services for Pets,2017-12-01,112.469
EUA,9.3.5,Veterinary and Other Services for Pets,2018-01-01,113.077
EUA,9.3.5,Veterinary and Other Services for Pets,2018-02-01,112.991
EUA,9.3.5,Veterinary and Other Services for Pets,2018-03-01,113.245
EUA,9.3.5,Veterinary and Other Services for Pets,2018-04-01,113.358
EUA,9.3.5,Veterinary and Other Services for Pets,2018-05-01,113.995
EUA,9.3.5,Veterinary and Other Services for Pets,2018-06-01,114.245
EUA,9.3.5,Veterinary and Other Services for Pets,2018-07-01,114.369
EUA,9.3.5,Veterinary and Other Services for Pets,2018-08-01,114.19
EUA,9.3.5,Veterinary and Other Services for Pets,2018-09-01,114.883
EUA,9.3.5,Veterinary and Other Services for Pets,2018-10-01,115.279
EUA,9.3.5,Veterinary and Other Services for Pets,2018-11-01,115.236
EUA,9.3.5,Veterinary and Other Services for Pets,2018-12-01,115.541
EUA,9.3.5,Veterinary and Other Services for Pets,2019-01-01,116.097
EUA,9.3.5,Veterinary and Other Services for Pets,2019-02-01,117.063
EUA,9.3.5,Veterinary and Other Services for Pets,2019-03-01,117.304
EUA,9.3.5,Veterinary and Other Services for Pets,2019-04-01,117.575
EUA,9.3.5,Veterinary and Other Services for Pets,2019-05-01,117.944
EUA,9.3.5,Veterinary and Other Services for Pets,2019-06-01,118.241
EUA,9.3.5,Veterinary and Other Services for Pets,2019-07-01,118.892
EUA,9.3.5,Veterinary and Other Services for Pets,2019-08-01,119.027
EUA,9.3.5,Veterinary and Other Services for Pets,2019-09-01,119.12
EUA,9.3.5,Veterinary and Other Services for Pets,2019-10-01,119.39
EUA,9.3.5,Veterinary and Other Services for Pets,2019-11-01,119.68
EUA,9.3.5,Veterinary and Other Services for Pets,2019-12-01,120.442
EUA,9.3.5,Veterinary and Other Services for Pets,2020-01-01,120.792
EUA,9.3.5,Veterinary and Other Services for Pets,2020-02-01,120.674
EUA,9.3.5,Veterinary and Other Services for Pets,2020-03-01,120.983
EUA,9.3.5,Veterinary and Other Services for Pets,2020-04-01,121.382
EUA,9.3.5,Veterinary and Other Services for Pets,2020-05-01,121.956
EUA,9.3.5,Veterinary and Other Services for Pets,2020-06-01,122.123
EUA,9.3.5,Veterinary and Other Services for Pets,2020-07-01,122.76
EUA,9.3.5,Veterinary and Other Services for Pets,2020-08-01,123.14
EUA,9.3.5,Veterinary and Other Services for Pets,2020-09-01,123.393
EUA,9.3.5,Veterinary and Other Services for Pets,2020-10-01,123.943
EUA,9.3.5,Veterinary and Other Services for Pets,2020-11-01,123.915
EUA,9.3.5,Veterinary and Other Services for Pets,2020-12-01,124.107
EUA,9.3.5,Veterinary and Other Services for Pets,2021-01-01,126.067
EUA,9.3.5,Veterinary and Other Services for Pets,2021-02-01,126.633
EUA,9.3.5,Veterinary and Other Services for Pets,2021-03-01,126.777
EUA,9.3.5,Veterinary and Other Services for Pets,2021-04-01,127.166
EUA,9.3.5,Veterinary and Other Services for Pets,2021-05-01,128.044
EUA,9.3.5,Veterinary and Other Services for Pets,2021-06-01,128.078
EUA,9.3.5,Veterinary and Other Services for Pets,2021-07-01,127.756
EUA,9.3.5,Veterinary and Other Services for Pets,2021-08-01,128.058
EUA,9.3.5,Veterinary and Other Services for Pets,2021-09-01,128.282
EUA,9.3.5,Veterinary and Other Services for Pets,2021-10-01,128.81
EUA,9.3.5,Veterinary and Other Services for Pets,2021-11-01,129.129
EUA,9.3.5,Veterinary and Other Services for Pets,2021-12-01,131.122
EUA,9.3.5,Veterinary and Other Services for Pets,2022-01-01,132.624
EUA,9.3.5,Veterinary and Other Services for Pets,2022-02-01,133.951
EUA,9.3.5,Veterinary and Other Services for Pets,2022-03-01,137.172
EUA,9.3.5,Veterinary and Other Services for Pets,2022-04-01,138.646
EUA,9.3.5,Veterinary and Other Services for Pets,2022-05-01,138.051
EUA,9.3.5,Veterinary and Other Services for Pets,2022-06-01,138.142
EUA,9.3.5,Veterinary and Other Services for Pets,2022-07-01,139.688
EUA,9.3.5,Veterinary and Other Services for Pets,2022-08-01,140.352
EUA,9.3.5,Veterinary and Other Services for Pets,2022-09-01,142.342
EUA,9.3.5,Veterinary and Other Services for Pets,2022-10-01,142.553
EUA,9.3.5,Veterinary and Other Services for Pets,2022-11-01,143.268
EUA,9.3.5,Veterinary and Other Services for Pets,2022-12-01,143.007
EUA,9.3.5,Veterinary and Other Services for Pets,2023-01-01,145.067
EUA,9.3.5,Veterinary and Other Services for Pets,2023-02-01,148.059
EUA,9.3.5,Veterinary and Other Services for Pets,2023-03-01,148.928
EUA,9.3.5,Veterinary and Other Services for Pets,2023-04-01,153.033
EUA,9.3.5,Veterinary and Other Services for Pets,2023-05-01,152.151
EUA,9.3.5,Veterinary and Other Services for Pets,2023-06-01,152.53
EUA,9.3.5,Veterinary and Other Services for Pets,2023-07-01,153.412
EUA,9.3.5,Veterinary and Other Services for Pets,2023-08-01,152.255
EUA,9.3.5,Veterinary and Other Services for Pets,2023-09-01,152.285
EUA,9.3.5,Veterinary and Other Services for Pets,2023-10-01,152.946
EUA,9.3.5,Veterinary and Other Services for Pets,2023-11-01,152.421
EUA,9.3.5,Veterinary and Other Services for Pets,2023-12-01,153.81
EUA,9.3.5,Veterinary and Other Services for Pets,2024-01-01,155.238
EUA,9.3.5,Veterinary and Other Services for Pets,2024-02-01,156.763
EUA,9.3.5,Veterinary and Other Services for Pets,2024-03-01,159.757
EUA,9.3.5,Veterinary and Other Services for Pets,2024-04-01,160.534
EUA,9.3.5,Veterinary and Other Services for Pets,2024-05-01,161.14
EUA,9.3.5,Veterinary and Other Services for Pets,2024-06-01,160.349
EUA,9.3.5,Veterinary and Other Services for Pets,2024-07-01,160.886
EUA,9.3.5,Veterinary and Other Services for Pets,2024-08-01,161.348
EUA,9.3.5,Veterinary and Other Services for Pets,2024-09-01,160.798
EUA,9.3.5,Veterinary and Other Services for Pets,2024-10-01,162.239
EUA,9.3.5,Veterinary and Other Services for Pets,2024-11-01,163.185
EUA,9.3.5,Veterinary and Other Services for Pets,2024-12-01,163.418
EUA,9.4.1,Recreational and Sporting Services,2013-12-01,100.0
EUA,9.4.1,Recreational and Sporting Services,2014-01-01,100.662
EUA,9.4.1,Recreational and Sporting Services,2014-02-01,100.816
EUA,9.4.1,Recreational and Sporting Services,2014-03-01,100.614
EUA,9.4.1,Recreational and Sporting Services,2014-04-01,100.785
EUA,9.4.1,Recreational and Sporting Services,2014-05-01,100.932
EUA,9.4.1,Recreational and Sporting Services,2014-06-01,101.058
EUA,9.4.1,Recreational and Sporting Services,2014-07-01,101.612
EUA,9.4.1,Recreational and Sporting Services,2014-08-01,101.128
EUA,9.4.1,Recreational and Sporting Services,2014-09-01,100.968
EUA,9.4.1,Recreational and Sporting Services,2014-10-01,101.077
EUA,9.4.1,Recreational and Sporting Services,2014-11-01,101.075
EUA,9.4.1,Recreational and Sporting Services,2014-12-01,100.9
EUA,9.4.1,Recreational and Sporting Services,2015-01-01,101.746
EUA,9.4.1,Recreational and Sporting Services,2015-02-01,101.321
EUA,9.4.1,Recreational and Sporting Services,2015-03-01,101.499
EUA,9.4.1,Recreational and Sporting Services,2015-04-01,101.732
EUA,9.4.1,Recreational and Sporting Services,2015-05-01,102.298
EUA,9.4.1,Recreational and Sporting Services,2015-06-01,103.459
EUA,9.4.1,Recreational and Sporting Services,2015-07-01,103.691
EUA,9.4.1,Recreational and Sporting Services,2015-08-01,103.537
EUA,9.4.1,Recreational and Sporting Services,2015-09-01,103.433
EUA,9.4.1,Recreational and Sporting Services,2015-10-01,103.287
EUA,9.4.1,Recreational and Sporting Services,2015-11-01,102.939
EUA,9.4.1,Recreational and Sporting Services,2015-12-01,102.959
EUA,9.4.1,Recreational and Sporting Services,2016-01-01,103.402
EUA,9.4.1,Recreational and Sporting Services,2016-02-01,103.877
EUA,9.4.1,Recreational and Sporting Services,2016-03-01,104.268
EUA,9.4.1,Recreational and Sporting Services,2016-04-01,104.748
EUA,9.4.1,Recreational and Sporting Services,2016-05-01,104.653
EUA,9.4.1,Recreational and Sporting Services,2016-06-01,105.145
EUA,9.4.1,Recreational and Sporting Services,2016-07-01,105.016
EUA,9.4.1,Recreational and Sporting Services,2016-08-01,104.93
EUA,9.4.1,Recreational and Sporting Services,2016-09-01,105.459
EUA,9.4.1,Recreational and Sporting Services,2016-10-01,105.316
EUA,9.4.1,Recreational and Sporting Services,2016-11-01,105.097
EUA,9.4.1,Recreational and Sporting Services,2016-12-01,105.017
EUA,9.4.1,Recreational and Sporting Services,2017-01-01,105.786
EUA,9.4.1,Recreational and Sporting Services,2017-02-01,106.85
EUA,9.4.1,Recreational and Sporting Services,2017-03-01,107.029
EUA,9.4.1,Recreational and Sporting Services,2017-04-01,107.007
EUA,9.4.1,Recreational and Sporting Services,2017-05-01,106.96
EUA,9.4.1,Recreational and Sporting Services,2017-06-01,107.084
EUA,9.4.1,Recreational and Sporting Services,2017-07-01,107.805
EUA,9.4.1,Recreational and Sporting Services,2017-08-01,107.996
EUA,9.4.1,Recreational and Sporting Services,2017-09-01,107.872
EUA,9.4.1,Recreational and Sporting Services,2017-10-01,107.995
EUA,9.4.1,Recreational and Sporting Services,2017-11-01,108.083
EUA,9.4.1,Recreational and Sporting Services,2017-12-01,108.974
EUA,9.4.1,Recreational and Sporting Services,2018-01-01,109.275
EUA,9.4.1,Recreational and Sporting Services,2018-02-01,109.262
EUA,9.4.1,Recreational and Sporting Services,2018-03-01,109.551
EUA,9.4.1,Recreational and Sporting Services,2018-04-01,109.074
EUA,9.4.1,Recreational and Sporting Services,2018-05-01,109.325
EUA,9.4.1,Recreational and Sporting Services,2018-06-01,109.913
EUA,9.4.1,Recreational and Sporting Services,2018-07-01,110.016
EUA,9.4.1,Recreational and Sporting Services,2018-08-01,109.984
EUA,9.4.1,Recreational and Sporting Services,2018-09-01,110.389
EUA,9.4.1,Recreational and Sporting Services,2018-10-01,110.518
EUA,9.4.1,Recreational and Sporting Services,2018-11-01,111.642
EUA,9.4.1,Recreational and Sporting Services,2018-12-01,111.649
EUA,9.4.1,Recreational and Sporting Services,2019-01-01,112.051
EUA,9.4.1,Recreational and Sporting Services,2019-02-01,112.316
EUA,9.4.1,Recreational and Sporting Services,2019-03-01,112.85
EUA,9.4.1,Recreational and Sporting Services,2019-04-01,113.396
EUA,9.4.1,Recreational and Sporting Services,2019-05-01,111.921
EUA,9.4.1,Recreational and Sporting Services,2019-06-01,111.777
EUA,9.4.1,Recreational and Sporting Services,2019-07-01,112.341
EUA,9.4.1,Recreational and Sporting Services,2019-08-01,112.657
EUA,9.4.1,Recreational and Sporting Services,2019-09-01,111.901
EUA,9.4.1,Recreational and Sporting Services,2019-10-01,112.791
EUA,9.4.1,Recreational and Sporting Services,2019-11-01,113.792
EUA,9.4.1,Recreational and Sporting Services,2019-12-01,114.19
EUA,9.4.1,Recreational and Sporting Services,2020-01-01,114.627
EUA,9.4.1,Recreational and Sporting Services,2020-02-01,114.442
EUA,9.4.1,Recreational and Sporting Services,2020-03-01,115.322
EUA,9.4.1,Recreational and Sporting Services,2020-04-01,115.39
EUA,9.4.1,Recreational and Sporting Services,2020-05-01,117.48
EUA,9.4.1,Recreational and Sporting Services,2020-06-01,115.304
EUA,9.4.1,Recreational and Sporting Services,2020-07-01,111.658
EUA,9.4.1,Recreational and Sporting Services,2020-08-01,112.138
EUA,9.4.1,Recreational and Sporting Services,2020-09-01,113.542
EUA,9.4.1,Recreational and Sporting Services,2020-10-01,114.484
EUA,9.4.1,Recreational and Sporting Services,2020-11-01,115.381
EUA,9.4.1,Recreational and Sporting Services,2020-12-01,114.764
EUA,9.4.1,Recreational and Sporting Services,2021-01-01,113.764
EUA,9.4.1,Recreational and Sporting Services,2021-02-01,114.231
EUA,9.4.1,Recreational and Sporting Services,2021-03-01,115.134
EUA,9.4.1,Recreational and Sporting Services,2021-04-01,116.004
EUA,9.4.1,Recreational and Sporting Services,2021-05-01,115.885
EUA,9.4.1,Recreational and Sporting Services,2021-06-01,116.707
EUA,9.4.1,Recreational and Sporting Services,2021-07-01,117.415
EUA,9.4.1,Recreational and Sporting Services,2021-08-01,117.609
EUA,9.4.1,Recreational and Sporting Services,2021-09-01,117.595
EUA,9.4.1,Recreational and Sporting Services,2021-10-01,118.727
EUA,9.4.1,Recreational and Sporting Services,2021-11-01,118.331
EUA,9.4.1,Recreational and Sporting Services,2021-12-01,118.613
EUA,9.4.1,Recreational and Sporting Services,2022-01-01,119.319
EUA,9.4.1,Recreational and Sporting Services,2022-02-01,119.991
EUA,9.4.1,Recreational and Sporting Services,2022-03-01,119.908
EUA,9.4.1,Recreational and Sporting Services,2022-04-01,119.877
EUA,9.4.1,Recreational and Sporting Services,2022-05-01,120.267
EUA,9.4.1,Recreational and Sporting Services,2022-06-01,120.498
EUA,9.4.1,Recreational and Sporting Services,2022-07-01,121.263
EUA,9.4.1,Recreational and Sporting Services,2022-08-01,121.526
EUA,9.4.1,Recreational and Sporting Services,2022-09-01,121.961
EUA,9.4.1,Recreational and Sporting Services,2022-10-01,123.106
EUA,9.4.1,Recreational and Sporting Services,2022-11-01,123.942
EUA,9.4.1,Recreational and Sporting Services,2022-12-01,125.272
EUA,9.4.1,Recreational and Sporting Services,2023-01-01,126.084
EUA,9.4.1,Recreational and Sporting Services,2023-02-01,126.799
EUA,9.4.1,Recreational and Sporting Services,2023-03-01,126.139
EUA,9.4.1,Recreational and Sporting Services,2023-04-01,126.944
EUA,9.4.1,Recreational and Sporting Services,2023-05-01,127.092
EUA,9.4.1,Recreational and Sporting Services,2023-06-01,127.585
EUA,9.4.1,Recreational and Sporting Services,2023-07-01,128.742
EUA,9.4.1,Recreational and Sporting Services,2023-08-01,128.162
EUA,9.4.1,Recreational and Sporting Services,2023-09-01,128.596
EUA,9.4.1,Recreational and Sporting Services,2023-10-01,128.529
EUA,9.4.1,Recreational and Sporting Services,2023-11-01,128.766
EUA,9.4.1,Recreational and Sporting Services,2023-12-01,130.636
EUA,9.4.1,Recreational and Sporting Services,2024-01-01,131.466
EUA,9.4.1,Recreational and Sporting Services,2024-02-01,131.405
EUA,9.4.1,Recreational and Sporting Services,2024-03-01,131.497
EUA,9.4.1,Recreational and Sporting Services,2024-04-01,131.751
EUA,9.4.1,Recreational and Sporting Services,2024-05-01,132.14
EUA,9.4.1,Recreational and Sporting Services,2024-06-01,132.062
EUA,9.4.1,Recreational and Sporting Services,2024-07-01,132.724
EUA,9.4.1,Recreational and Sporting Services,2024-08-01,133.284
EUA,9.4.1,Recreational and Sporting Services,2024-09-01,130.981
EUA,9.4.1,Recreational and Sporting Services,2024-10-01,132.968
EUA,9.4.1,Recreational and Sporting Services,2024-11-01,135.827
EUA,9.4.1,Recreational and Sporting Services,2024-12-01,135.815
EUA,9.4.2,Cultural Services,2013-12-01,100.0
EUA,9.4.2,Cultural Services,2014-01-01,100.456
EUA,9.4.2,Cultural Services,2014-02-01,100.962
EUA,9.4.2,Cultural Services,2014-03-01,101.492
EUA,9.4.2,Cultural Services,2014-04-01,101.823
EUA,9.4.2,Cultural Services,2014-05-01,101.901
EUA,9.4.2,Cultural Services,2014-06-01,102.043
EUA,9.4.2,Cultural Services,2014-07-01,102.155
EUA,9.4.2,Cultural Services,2014-08-01,101.539
EUA,9.4.2,Cultural Services,2014-09-01,101.494
EUA,9.4.2,Cultural Services,2014-10-01,101.685
EUA,9.4.2,Cultural Services,2014-11-01,101.48
EUA,9.4.2,Cultural Services,2014-12-01,101.654
EUA,9.4.2,Cultural Services,2015-01-01,102.167
EUA,9.4.2,Cultural Services,2015-02-01,103.031
EUA,9.4.2,Cultural Services,2015-03-01,103.582
EUA,9.4.2,Cultural Services,2015-04-01,103.953
EUA,9.4.2,Cultural Services,2015-05-01,104.048
EUA,9.4.2,Cultural Services,2015-06-01,104.023
EUA,9.4.2,Cultural Services,2015-07-01,104.086
EUA,9.4.2,Cultural Services,2015-08-01,103.865
EUA,9.4.2,Cultural Services,2015-09-01,103.551
EUA,9.4.2,Cultural Services,2015-10-01,104.02
EUA,9.4.2,Cultural Services,2015-11-01,104.092
EUA,9.4.2,Cultural Services,2015-12-01,104.291
EUA,9.4.2,Cultural Services,2016-01-01,104.797
EUA,9.4.2,Cultural Services,2016-02-01,105.875
EUA,9.4.2,Cultural Services,2016-03-01,106.872
EUA,9.4.2,Cultural Services,2016-04-01,107.318
EUA,9.4.2,Cultural Services,2016-05-01,107.462
EUA,9.4.2,Cultural Services,2016-06-01,108.146
EUA,9.4.2,Cultural Services,2016-07-01,108.206
EUA,9.4.2,Cultural Services,2016-08-01,107.727
EUA,9.4.2,Cultural Services,2016-09-01,107.397
EUA,9.4.2,Cultural Services,2016-10-01,107.344
EUA,9.4.2,Cultural Services,2016-11-01,107.785
EUA,9.4.2,Cultural Services,2016-12-01,107.954
EUA,9.4.2,Cultural Services,2017-01-01,109.112
EUA,9.4.2,Cultural Services,2017-02-01,110.644
EUA,9.4.2,Cultural Services,2017-03-01,111.382
EUA,9.4.2,Cultural Services,2017-04-01,111.636
EUA,9.4.2,Cultural Services,2017-05-01,111.786
EUA,9.4.2,Cultural Services,2017-06-01,111.887
EUA,9.4.2,Cultural Services,2017-07-01,112.519
EUA,9.4.2,Cultural Services,2017-08-01,112.718
EUA,9.4.2,Cultural Services,2017-09-01,112.718
EUA,9.4.2,Cultural Services,2017-10-01,112.295
EUA,9.4.2,Cultural Services,2017-11-01,112.502
EUA,9.4.2,Cultural Services,2017-12-01,112.281
EUA,9.4.2,Cultural Services,2018-01-01,112.518
EUA,9.4.2,Cultural Services,2018-02-01,113.548
EUA,9.4.2,Cultural Services,2018-03-01,113.608
EUA,9.4.2,Cultural Services,2018-04-01,113.146
EUA,9.4.2,Cultural Services,2018-05-01,113.305
EUA,9.4.2,Cultural Services,2018-06-01,113.879
EUA,9.4.2,Cultural Services,2018-07-01,113.961
EUA,9.4.2,Cultural Services,2018-08-01,113.862
EUA,9.4.2,Cultural Services,2018-09-01,114.339
EUA,9.4.2,Cultural Services,2018-10-01,113.742
EUA,9.4.2,Cultural Services,2018-11-01,114.116
EUA,9.4.2,Cultural Services,2018-12-01,114.56
EUA,9.4.2,Cultural Services,2019-01-01,114.927
EUA,9.4.2,Cultural Services,2019-02-01,115.097
EUA,9.4.2,Cultural Services,2019-03-01,115.854
EUA,9.4.2,Cultural Services,2019-04-01,115.805
EUA,9.4.2,Cultural Services,2019-05-01,115.36
EUA,9.4.2,Cultural Services,2019-06-01,115.162
EUA,9.4.2,Cultural Services,2019-07-01,115.127
EUA,9.4.2,Cultural Services,2019-08-01,115.661
EUA,9.4.2,Cultural Services,2019-09-01,115.561
EUA,9.4.2,Cultural Services,2019-10-01,116.253
EUA,9.4.2,Cultural Services,2019-11-01,116.792
EUA,9.4.2,Cultural Services,2019-12-01,117.414
EUA,9.4.2,Cultural Services,2020-01-01,117.835
EUA,9.4.2,Cultural Services,2020-02-01,118.045
EUA,9.4.2,Cultural Services,2020-03-01,118.912
EUA,9.4.2,Cultural Services,2020-04-01,118.887
EUA,9.4.2,Cultural Services,2020-05-01,120.074
EUA,9.4.2,Cultural Services,2020-06-01,119.41
EUA,9.4.2,Cultural Services,2020-07-01,118.962
EUA,9.4.2,Cultural Services,2020-08-01,119.737
EUA,9.4.2,Cultural Services,2020-09-01,119.525
EUA,9.4.2,Cultural Services,2020-10-01,120.057
EUA,9.4.2,Cultural Services,2020-11-01,120.728
EUA,9.4.2,Cultural Services,2020-12-01,120.003
EUA,9.4.2,Cultural Services,2021-01-01,117.96
EUA,9.4.2,Cultural Services,2021-02-01,119.14
EUA,9.4.2,Cultural Services,2021-03-01,120.45
EUA,9.4.2,Cultural Services,2021-04-01,121.44
EUA,9.4.2,Cultural Services,2021-05-01,121.569
EUA,9.4.2,Cultural Services,2021-06-01,122.105
EUA,9.4.2,Cultural Services,2021-07-01,123.089
EUA,9.4.2,Cultural Services,2021-08-01,123.391
EUA,9.4.2,Cultural Services,2021-09-01,124.021
EUA,9.4.2,Cultural Services,2021-10-01,125.117
EUA,9.4.2,Cultural Services,2021-11-01,124.307
EUA,9.4.2,Cultural Services,2021-12-01,123.645
EUA,9.4.2,Cultural Services,2022-01-01,124.66
EUA,9.4.2,Cultural Services,2022-02-01,125.862
EUA,9.4.2,Cultural Services,2022-03-01,126.162
EUA,9.4.2,Cultural Services,2022-04-01,126.431
EUA,9.4.2,Cultural Services,2022-05-01,127.473
EUA,9.4.2,Cultural Services,2022-06-01,127.83
EUA,9.4.2,Cultural Services,2022-07-01,127.838
EUA,9.4.2,Cultural Services,2022-08-01,127.321
EUA,9.4.2,Cultural Services,2022-09-01,126.728
EUA,9.4.2,Cultural Services,2022-10-01,127.719
EUA,9.4.2,Cultural Services,2022-11-01,129.255
EUA,9.4.2,Cultural Services,2022-12-01,129.098
EUA,9.4.2,Cultural Services,2023-01-01,129.968
EUA,9.4.2,Cultural Services,2023-02-01,132.173
EUA,9.4.2,Cultural Services,2023-03-01,132.851
EUA,9.4.2,Cultural Services,2023-04-01,132.896
EUA,9.4.2,Cultural Services,2023-05-01,132.845
EUA,9.4.2,Cultural Services,2023-06-01,133.409
EUA,9.4.2,Cultural Services,2023-07-01,134.109
EUA,9.4.2,Cultural Services,2023-08-01,134.598
EUA,9.4.2,Cultural Services,2023-09-01,135.392
EUA,9.4.2,Cultural Services,2023-10-01,135.295
EUA,9.4.2,Cultural Services,2023-11-01,135.199
EUA,9.4.2,Cultural Services,2023-12-01,136.247
EUA,9.4.2,Cultural Services,2024-01-01,137.527
EUA,9.4.2,Cultural Services,2024-02-01,137.687
EUA,9.4.2,Cultural Services,2024-03-01,137.683
EUA,9.4.2,Cultural Services,2024-04-01,137.981
EUA,9.4.2,Cultural Services,2024-05-01,137.688
EUA,9.4.2,Cultural Services,2024-06-01,137.595
EUA,9.4.2,Cultural Services,2024-07-01,137.867
EUA,9.4.2,Cultural Services,2024-08-01,137.691
EUA,9.4.2,Cultural Services,2024-09-01,137.596
EUA,9.4.2,Cultural Services,2024-10-01,138.787
EUA,9.4.2,Cultural Services,2024-11-01,139.775
EUA,9.4.2,Cultural Services,2024-12-01,140.136
EUA,9.5.1,Books,2013-12-01,100.0
EUA,9.5.1,Books,2014-01-01,99.492
EUA,9.5.1,Books,2014-02-01,99.717
EUA,9.5.1,Books,2014-03-01,99.535
EUA,9.5.1,Books,2014-04-01,100.149
EUA,9.5.1,Books,2014-05-01,100.25
EUA,9.5.1,Books,2014-06-01,99.82
EUA,9.5.1,Books,2014-07-01,99.904
EUA,9.5.1,Books,2014-08-01,101.257
EUA,9.5.1,Books,2014-09-01,101.88
EUA,9.5.1,Books,2014-10-01,102.623
EUA,9.5.1,Books,2014-11-01,102.6
EUA,9.5.1,Books,2014-12-01,102.768
EUA,9.5.1,Books,2015-01-01,103.493
EUA,9.5.1,Books,2015-02-01,103.371
EUA,9.5.1,Books,2015-03-01,103.716
EUA,9.5.1,Books,2015-04-01,103.914
EUA,9.5.1,Books,2015-05-01,103.835
EUA,9.5.1,Books,2015-06-01,103.442
EUA,9.5.1,Books,2015-07-01,103.656
EUA,9.5.1,Books,2015-08-01,104.794
EUA,9.5.1,Books,2015-09-01,105.733
EUA,9.5.1,Books,2015-10-01,105.734
EUA,9.5.1,Books,2015-11-01,106.29
EUA,9.5.1,Books,2015-12-01,107.098
EUA,9.5.1,Books,2016-01-01,106.675
EUA,9.5.1,Books,2016-02-01,106.605
EUA,9.5.1,Books,2016-03-01,104.904
EUA,9.5.1,Books,2016-04-01,105.759
EUA,9.5.1,Books,2016-05-01,105.503
EUA,9.5.1,Books,2016-06-01,106.424
EUA,9.5.1,Books,2016-07-01,106.44
EUA,9.5.1,Books,2016-08-01,109.095
EUA,9.5.1,Books,2016-09-01,109.282
EUA,9.5.1,Books,2016-10-01,109.207
EUA,9.5.1,Books,2016-11-01,110.001
EUA,9.5.1,Books,2016-12-01,110.144
EUA,9.5.1,Books,2017-01-01,109.028
EUA,9.5.1,Books,2017-02-01,108.92
EUA,9.5.1,Books,2017-03-01,109.193
EUA,9.5.1,Books,2017-04-01,107.761
EUA,9.5.1,Books,2017-05-01,106.676
EUA,9.5.1,Books,2017-06-01,106.129
EUA,9.5.1,Books,2017-07-01,107.591
EUA,9.5.1,Books,2017-08-01,107.488
EUA,9.5.1,Books,2017-09-01,106.88
EUA,9.5.1,Books,2017-10-01,107.389
EUA,9.5.1,Books,2017-11-01,108.471
EUA,9.5.1,Books,2017-12-01,107.708
EUA,9.5.1,Books,2018-01-01,107.61
EUA,9.5.1,Books,2018-02-01,108.338
EUA,9.5.1,Books,2018-03-01,108.299
EUA,9.5.1,Books,2018-04-01,108.336
EUA,9.5.1,Books,2018-05-01,110.761
EUA,9.5.1,Books,2018-06-01,109.333
EUA,9.5.1,Books,2018-07-01,109.824
EUA,9.5.1,Books,2018-08-01,108.938
EUA,9.5.1,Books,2018-09-01,108.27
EUA,9.5.1,Books,2018-10-01,107.84
EUA,9.5.1,Books,2018-11-01,107.633
EUA,9.5.1,Books,2018-12-01,108.333
EUA,9.5.1,Books,2019-01-01,107.881
EUA,9.5.1,Books,2019-02-01,108.278
EUA,9.5.1,Books,2019-03-01,107.756
EUA,9.5.1,Books,2019-04-01,107.807
EUA,9.5.1,Books,2019-05-01,106.792
EUA,9.5.1,Books,2019-06-01,106.709
EUA,9.5.1,Books,2019-07-01,106.742
EUA,9.5.1,Books,2019-08-01,108.111
EUA,9.5.1,Books,2019-09-01,106.335
EUA,9.5.1,Books,2019-10-01,106.527
EUA,9.5.1,Books,2019-11-01,106.822
EUA,9.5.1,Books,2019-12-01,106.75
EUA,9.5.1,Books,2020-01-01,104.968
EUA,9.5.1,Books,2020-02-01,106.561
EUA,9.5.1,Books,2020-03-01,106.157
EUA,9.5.1,Books,2020-04-01,106.385
EUA,9.5.1,Books,2020-05-01,106.929
EUA,9.5.1,Books,2020-06-01,107.34
EUA,9.5.1,Books,2020-07-01,107.368
EUA,9.5.1,Books,2020-08-01,108.331
EUA,9.5.1,Books,2020-09-01,107.717
EUA,9.5.1,Books,2020-10-01,108.465
EUA,9.5.1,Books,2020-11-01,107.935
EUA,9.5.1,Books,2020-12-01,108.841
EUA,9.5.1,Books,2021-01-01,108.538
EUA,9.5.1,Books,2021-02-01,109.059
EUA,9.5.1,Books,2021-03-01,106.818
EUA,9.5.1,Books,2021-04-01,108.387
EUA,9.5.1,Books,2021-05-01,108.969
EUA,9.5.1,Books,2021-06-01,108.681
EUA,9.5.1,Books,2021-07-01,109.308
EUA,9.5.1,Books,2021-08-01,108.466
EUA,9.5.1,Books,2021-09-01,108.232
EUA,9.5.1,Books,2021-10-01,108.06
EUA,9.5.1,Books,2021-11-01,108.178
EUA,9.5.1,Books,2021-12-01,107.719
EUA,9.5.1,Books,2022-01-01,110.028
EUA,9.5.1,Books,2022-02-01,110.106
EUA,9.5.1,Books,2022-03-01,109.953
EUA,9.5.1,Books,2022-04-01,110.213
EUA,9.5.1,Books,2022-05-01,111.649
EUA,9.5.1,Books,2022-06-01,112.249
EUA,9.5.1,Books,2022-07-01,111.622
EUA,9.5.1,Books,2022-08-01,112.291
EUA,9.5.1,Books,2022-09-01,112.073
EUA,9.5.1,Books,2022-10-01,111.428
EUA,9.5.1,Books,2022-11-01,112.007
EUA,9.5.1,Books,2022-12-01,112.131
EUA,9.5.1,Books,2023-01-01,111.46
EUA,9.5.1,Books,2023-02-01,111.689
EUA,9.5.1,Books,2023-03-01,110.916
EUA,9.5.1,Books,2023-04-01,111.219
EUA,9.5.1,Books,2023-05-01,111.344
EUA,9.5.1,Books,2023-06-01,109.221
EUA,9.5.1,Books,2023-07-01,109.413
EUA,9.5.1,Books,2023-08-01,109.208
EUA,9.5.1,Books,2023-09-01,110.565
EUA,9.5.1,Books,2023-10-01,110.017
EUA,9.5.1,Books,2023-11-01,108.939
EUA,9.5.1,Books,2023-12-01,109.213
EUA,9.5.1,Books,2024-01-01,109.321
EUA,9.5.1,Books,2024-02-01,107.876
EUA,9.5.1,Books,2024-03-01,109.395
EUA,9.5.1,Books,2024-04-01,109.942
EUA,9.5.1,Books,2024-05-01,109.901
EUA,9.5.1,Books,2024-06-01,110.424
EUA,9.5.1,Books,2024-07-01,108.873
EUA,9.5.1,Books,2024-08-01,109.306
EUA,9.5.1,Books,2024-09-01,112.628
EUA,9.5.1,Books,2024-10-01,111.246
EUA,9.5.1,Books,2024-11-01,113.161
EUA,9.5.1,Books,2024-12-01,113.863
EUA,9.5.2,Newspapers and Periodicals,2013-12-01,100.0
EUA,9.5.2,Newspapers and Periodicals,2014-01-01,99.849
EUA,9.5.2,Newspapers and Periodicals,2014-02-01,99.876
EUA,9.5.2,Newspapers and Periodicals,2014-03-01,100.926
EUA,9.5.2,Newspapers and Periodicals,2014-04-01,102.532
EUA,9.5.2,Newspapers and Periodicals,2014-05-01,104.019
EUA,9.5.2,Newspapers and Periodicals,2014-06-01,102.976
EUA,9.5.2,Newspapers and Periodicals,2014-07-01,102.977
EUA,9.5.2,Newspapers and Periodicals,2014-08-01,102.49
EUA,9.5.2,Newspapers and Periodicals,2014-09-01,102.381
EUA,9.5.2,Newspapers and Periodicals,2014-10-01,104.259
EUA,9.5.2,Newspapers and Periodicals,2014-11-01,103.841
EUA,9.5.2,Newspapers and Periodicals,2014-12-01,104.778
EUA,9.5.2,Newspapers and Periodicals,2015-01-01,104.381
EUA,9.5.2,Newspapers and Periodicals,2015-02-01,103.834
EUA,9.5.2,Newspapers and Periodicals,2015-03-01,104.085
EUA,9.5.2,Newspapers and Periodicals,2015-04-01,104.307
EUA,9.5.2,Newspapers and Periodicals,2015-05-01,106.047
EUA,9.5.2,Newspapers and Periodicals,2015-06-01,104.755
EUA,9.5.2,Newspapers and Periodicals,2015-07-01,106.007
EUA,9.5.2,Newspapers and Periodicals,2015-08-01,105.937
EUA,9.5.2,Newspapers and Periodicals,2015-09-01,106.165
EUA,9.5.2,Newspapers and Periodicals,2015-10-01,106.395
EUA,9.5.2,Newspapers and Periodicals,2015-11-01,105.992
EUA,9.5.2,Newspapers and Periodicals,2015-12-01,105.329
EUA,9.5.2,Newspapers and Periodicals,2016-01-01,105.008
EUA,9.5.2,Newspapers and Periodicals,2016-02-01,105.829
EUA,9.5.2,Newspapers and Periodicals,2016-03-01,106.842
EUA,9.5.2,Newspapers and Periodicals,2016-04-01,105.71
EUA,9.5.2,Newspapers and Periodicals,2016-05-01,106.972
EUA,9.5.2,Newspapers and Periodicals,2016-06-01,106.568
EUA,9.5.2,Newspapers and Periodicals,2016-07-01,106.294
EUA,9.5.2,Newspapers and Periodicals,2016-08-01,105.342
EUA,9.5.2,Newspapers and Periodicals,2016-09-01,108.03
EUA,9.5.2,Newspapers and Periodicals,2016-10-01,106.119
EUA,9.5.2,Newspapers and Periodicals,2016-11-01,107.139
EUA,9.5.2,Newspapers and Periodicals,2016-12-01,109.383
EUA,9.5.2,Newspapers and Periodicals,2017-01-01,108.3
EUA,9.5.2,Newspapers and Periodicals,2017-02-01,109.614
EUA,9.5.2,Newspapers and Periodicals,2017-03-01,109.691
EUA,9.5.2,Newspapers and Periodicals,2017-04-01,110.493
EUA,9.5.2,Newspapers and Periodicals,2017-05-01,111.654
EUA,9.5.2,Newspapers and Periodicals,2017-06-01,111.403
EUA,9.5.2,Newspapers and Periodicals,2017-07-01,110.366
EUA,9.5.2,Newspapers and Periodicals,2017-08-01,109.285
EUA,9.5.2,Newspapers and Periodicals,2017-09-01,110.518
EUA,9.5.2,Newspapers and Periodicals,2017-10-01,106.795
EUA,9.5.2,Newspapers and Periodicals,2017-11-01,109.165
EUA,9.5.2,Newspapers and Periodicals,2017-12-01,108.2
EUA,9.5.2,Newspapers and Periodicals,2018-01-01,108.12
EUA,9.5.2,Newspapers and Periodicals,2018-02-01,108.536
EUA,9.5.2,Newspapers and Periodicals,2018-03-01,112.449
EUA,9.5.2,Newspapers and Periodicals,2018-04-01,112.023
EUA,9.5.2,Newspapers and Periodicals,2018-05-01,111.398
EUA,9.5.2,Newspapers and Periodicals,2018-06-01,111.638
EUA,9.5.2,Newspapers and Periodicals,2018-07-01,114.56
EUA,9.5.2,Newspapers and Periodicals,2018-08-01,114.931
EUA,9.5.2,Newspapers and Periodicals,2018-09-01,113.123
EUA,9.5.2,Newspapers and Periodicals,2018-10-01,115.952
EUA,9.5.2,Newspapers and Periodicals,2018-11-01,116.861
EUA,9.5.2,Newspapers and Periodicals,2018-12-01,116.471
EUA,9.5.2,Newspapers and Periodicals,2019-01-01,119.455
EUA,9.5.2,Newspapers and Periodicals,2019-02-01,115.014
EUA,9.5.2,Newspapers and Periodicals,2019-03-01,115.604
EUA,9.5.2,Newspapers and Periodicals,2019-04-01,117.383
EUA,9.5.2,Newspapers and Periodicals,2019-05-01,120.006
EUA,9.5.2,Newspapers and Periodicals,2019-06-01,120.625
EUA,9.5.2,Newspapers and Periodicals,2019-07-01,121.201
EUA,9.5.2,Newspapers and Periodicals,2019-08-01,122.899
EUA,9.5.2,Newspapers and Periodicals,2019-09-01,120.559
EUA,9.5.2,Newspapers and Periodicals,2019-10-01,124.286
EUA,9.5.2,Newspapers and Periodicals,2019-11-01,125.206
EUA,9.5.2,Newspapers and Periodicals,2019-12-01,123.567
EUA,9.5.2,Newspapers and Periodicals,2020-01-01,126.57
EUA,9.5.2,Newspapers and Periodicals,2020-02-01,124.593
EUA,9.5.2,Newspapers and Periodicals,2020-03-01,125.476
EUA,9.5.2,Newspapers and Periodicals,2020-04-01,124.785
EUA,9.5.2,Newspapers and Periodicals,2020-05-01,125.596
EUA,9.5.2,Newspapers and Periodicals,2020-06-01,127.477
EUA,9.5.2,Newspapers and Periodicals,2020-07-01,128.389
EUA,9.5.2,Newspapers and Periodicals,2020-08-01,129.316
EUA,9.5.2,Newspapers and Periodicals,2020-09-01,127.357
EUA,9.5.2,Newspapers and Periodicals,2020-10-01,127.713
EUA,9.5.2,Newspapers and Periodicals,2020-11-01,128.878
EUA,9.5.2,Newspapers and Periodicals,2020-12-01,129.226
EUA,9.5.2,Newspapers and Periodicals,2021-01-01,131.92
EUA,9.5.2,Newspapers and Periodicals,2021-02-01,131.824
EUA,9.5.2,Newspapers and Periodicals,2021-03-01,132.018
EUA,9.5.2,Newspapers and Periodicals,2021-04-01,133.964
EUA,9.5.2,Newspapers and Periodicals,2021-05-01,132.379
EUA,9.5.2,Newspapers and Periodicals,2021-06-01,130.289
EUA,9.5.2,Newspapers and Periodicals,2021-07-01,131.573
EUA,9.5.2,Newspapers and Periodicals,2021-08-01,132.687
EUA,9.5.2,Newspapers and Periodicals,2021-09-01,132.585
EUA,9.5.2,Newspapers and Periodicals,2021-10-01,133.456
EUA,9.5.2,Newspapers and Periodicals,2021-11-01,133.444
EUA,9.5.2,Newspapers and Periodicals,2021-12-01,132.232
EUA,9.5.2,Newspapers and Periodicals,2022-01-01,133.113
EUA,9.5.2,Newspapers and Periodicals,2022-02-01,140.145
EUA,9.5.2,Newspapers and Periodicals,2022-03-01,134.726
EUA,9.5.2,Newspapers and Periodicals,2022-04-01,138.395
EUA,9.5.2,Newspapers and Periodicals,2022-05-01,138.729
EUA,9.5.2,Newspapers and Periodicals,2022-06-01,144.495
EUA,9.5.2,Newspapers and Periodicals,2022-07-01,143.795
EUA,9.5.2,Newspapers and Periodicals,2022-08-01,147.615
EUA,9.5.2,Newspapers and Periodicals,2022-09-01,144.132
EUA,9.5.2,Newspapers and Periodicals,2022-10-01,144.005
EUA,9.5.2,Newspapers and Periodicals,2022-11-01,140.841
EUA,9.5.2,Newspapers and Periodicals,2022-12-01,140.828
EUA,9.5.2,Newspapers and Periodicals,2023-01-01,140.823
EUA,9.5.2,Newspapers and Periodicals,2023-02-01,141.051
EUA,9.5.2,Newspapers and Periodicals,2023-03-01,143.112
EUA,9.5.2,Newspapers and Periodicals,2023-04-01,140.666
EUA,9.5.2,Newspapers and Periodicals,2023-05-01,145.042
EUA,9.5.2,Newspapers and Periodicals,2023-06-01,145.444
EUA,9.5.2,Newspapers and Periodicals,2023-07-01,141.362
EUA,9.5.2,Newspapers and Periodicals,2023-08-01,139.166
EUA,9.5.2,Newspapers and Periodicals,2023-09-01,140.298
EUA,9.5.2,Newspapers and Periodicals,2023-10-01,142.85
EUA,9.5.2,Newspapers and Periodicals,2023-11-01,142.436
EUA,9.5.2,Newspapers and Periodicals,2023-12-01,143.072
EUA,9.5.2,Newspapers and Periodicals,2024-01-01,140.804
EUA,9.5.2,Newspapers and Periodicals,2024-02-01,145.145
EUA,9.5.2,Newspapers and Periodicals,2024-03-01,143.697
EUA,9.5.2,Newspapers and Periodicals,2024-04-01,144.262
EUA,9.5.2,Newspapers and Periodicals,2024-05-01,142.893
EUA,9.5.2,Newspapers and Periodicals,2024-06-01,145.282
EUA,9.5.2,Newspapers and Periodicals,2024-07-01,148.354
EUA,9.5.2,Newspapers and Periodicals,2024-08-01,145.501
EUA,9.5.2,Newspapers and Periodicals,2024-09-01,140.722
EUA,9.5.2,Newspapers and Periodicals,2024-10-01,153.351
EUA,9.5.2,Newspapers and Periodicals,2024-11-01,144.756
EUA,9.5.2,Newspapers and Periodicals,2024-12-01,142.446
EUA,9.5.3,Miscellaneous Printed Matter,2013-12-01,100.0
EUA,9.5.3,Miscellaneous Printed Matter,2014-01-01,99.699
EUA,9.5.3,Miscellaneous Printed Matter,2014-02-01,99.928
EUA,9.5.3,Miscellaneous Printed Matter,2014-03-01,100.494
EUA,9.5.3,Miscellaneous Printed Matter,2014-04-01,100.472
EUA,9.5.3,Miscellaneous Printed Matter,2014-05-01,100.49
EUA,9.5.3,Miscellaneous Printed Matter,2014-06-01,100.44
EUA,9.5.3,Miscellaneous Printed Matter,2014-07-01,100.431
EUA,9.5.3,Miscellaneous Printed Matter,2014-08-01,99.238
EUA,9.5.3,Miscellaneous Printed Matter,2014-09-01,99.195
EUA,9.5.3,Miscellaneous Printed Matter,2014-10-01,99.84
EUA,9.5.3,Miscellaneous Printed Matter,2014-11-01,99.544
EUA,9.5.3,Miscellaneous Printed Matter,2014-12-01,99.446
EUA,9.5.3,Miscellaneous Printed Matter,2015-01-01,99.12
EUA,9.5.3,Miscellaneous Printed Matter,2015-02-01,98.853
EUA,9.5.3,Miscellaneous Printed Matter,2015-03-01,98.556
EUA,9.5.3,Miscellaneous Printed Matter,2015-04-01,98.023
EUA,9.5.3,Miscellaneous Printed Matter,2015-05-01,98.284
EUA,9.5.3,Miscellaneous Printed Matter,2015-06-01,97.268
EUA,9.5.3,Miscellaneous Printed Matter,2015-07-01,96.375
EUA,9.5.3,Miscellaneous Printed Matter,2015-08-01,95.636
EUA,9.5.3,Miscellaneous Printed Matter,2015-09-01,95.258
EUA,9.5.3,Miscellaneous Printed Matter,2015-10-01,96.436
EUA,9.5.3,Miscellaneous Printed Matter,2015-11-01,95.908
EUA,9.5.3,Miscellaneous Printed Matter,2015-12-01,94.776
EUA,9.5.3,Miscellaneous Printed Matter,2016-01-01,94.629
EUA,9.5.3,Miscellaneous Printed Matter,2016-02-01,95.139
EUA,9.5.3,Miscellaneous Printed Matter,2016-03-01,95.845
EUA,9.5.3,Miscellaneous Printed Matter,2016-04-01,96.02
EUA,9.5.3,Miscellaneous Printed Matter,2016-05-01,95.047
EUA,9.5.3,Miscellaneous Printed Matter,2016-06-01,94.186
EUA,9.5.3,Miscellaneous Printed Matter,2016-07-01,92.155
EUA,9.5.3,Miscellaneous Printed Matter,2016-08-01,90.766
EUA,9.5.3,Miscellaneous Printed Matter,2016-09-01,93.012
EUA,9.5.3,Miscellaneous Printed Matter,2016-10-01,93.465
EUA,9.5.3,Miscellaneous Printed Matter,2016-11-01,94.674
EUA,9.5.3,Miscellaneous Printed Matter,2016-12-01,93.936
EUA,9.5.3,Miscellaneous Printed Matter,2017-01-01,92.837
EUA,9.5.3,Miscellaneous Printed Matter,2017-02-01,92.96
EUA,9.5.3,Miscellaneous Printed Matter,2017-03-01,91.489
EUA,9.5.3,Miscellaneous Printed Matter,2017-04-01,91.262
EUA,9.5.3,Miscellaneous Printed Matter,2017-05-01,92.281
EUA,9.5.3,Miscellaneous Printed Matter,2017-06-01,92.236
EUA,9.5.3,Miscellaneous Printed Matter,2017-07-01,92.463
EUA,9.5.3,Miscellaneous Printed Matter,2017-08-01,91.106
EUA,9.5.3,Miscellaneous Printed Matter,2017-09-01,91.674
EUA,9.5.3,Miscellaneous Printed Matter,2017-10-01,93.616
EUA,9.5.3,Miscellaneous Printed Matter,2017-11-01,92.516
EUA,9.5.3,Miscellaneous Printed Matter,2017-12-01,91.668
EUA,9.5.3,Miscellaneous Printed Matter,2018-01-01,92.675
EUA,9.5.3,Miscellaneous Printed Matter,2018-02-01,91.923
EUA,9.5.3,Miscellaneous Printed Matter,2018-03-01,91.382
EUA,9.5.3,Miscellaneous Printed Matter,2018-04-01,91.832
EUA,9.5.3,Miscellaneous Printed Matter,2018-05-01,91.205
EUA,9.5.3,Miscellaneous Printed Matter,2018-06-01,90.289
EUA,9.5.3,Miscellaneous Printed Matter,2018-07-01,89.694
EUA,9.5.3,Miscellaneous Printed Matter,2018-08-01,88.103
EUA,9.5.3,Miscellaneous Printed Matter,2018-09-01,88.109
EUA,9.5.3,Miscellaneous Printed Matter,2018-10-01,84.108
EUA,9.5.3,Miscellaneous Printed Matter,2018-11-01,85.114
EUA,9.5.3,Miscellaneous Printed Matter,2018-12-01,83.142
EUA,9.5.3,Miscellaneous Printed Matter,2019-01-01,84.423
EUA,9.5.3,Miscellaneous Printed Matter,2019-02-01,87.624
EUA,9.5.3,Miscellaneous Printed Matter,2019-03-01,87.597
EUA,9.5.3,Miscellaneous Printed Matter,2019-04-01,87.768
EUA,9.5.3,Miscellaneous Printed Matter,2019-05-01,89.151
EUA,9.5.3,Miscellaneous Printed Matter,2019-06-01,87.343
EUA,9.5.3,Miscellaneous Printed Matter,2019-07-01,86.807
EUA,9.5.3,Miscellaneous Printed Matter,2019-08-01,88.701
EUA,9.5.3,Miscellaneous Printed Matter,2019-09-01,88.075
EUA,9.5.3,Miscellaneous Printed Matter,2019-10-01,90.566
EUA,9.5.3,Miscellaneous Printed Matter,2019-11-01,90.426
EUA,9.5.3,Miscellaneous Printed Matter,2019-12-01,88.826
EUA,9.5.3,Miscellaneous Printed Matter,2020-01-01,92.374
EUA,9.5.3,Miscellaneous Printed Matter,2020-02-01,91.54
EUA,9.5.3,Miscellaneous Printed Matter,2020-03-01,91.308
EUA,9.5.3,Miscellaneous Printed Matter,2020-04-01,92.544
EUA,9.5.3,Miscellaneous Printed Matter,2020-05-01,92.161
EUA,9.5.3,Miscellaneous Printed Matter,2020-06-01,92.449
EUA,9.5.3,Miscellaneous Printed Matter,2020-07-01,88.359
EUA,9.5.3,Miscellaneous Printed Matter,2020-08-01,85.285
EUA,9.5.3,Miscellaneous Printed Matter,2020-09-01,85.97
EUA,9.5.3,Miscellaneous Printed Matter,2020-10-01,87.066
EUA,9.5.3,Miscellaneous Printed Matter,2020-11-01,88.745
EUA,9.5.3,Miscellaneous Printed Matter,2020-12-01,88.637
EUA,9.5.3,Miscellaneous Printed Matter,2021-01-01,89.149
EUA,9.5.3,Miscellaneous Printed Matter,2021-02-01,88.775
EUA,9.5.3,Miscellaneous Printed Matter,2021-03-01,89.112
EUA,9.5.3,Miscellaneous Printed Matter,2021-04-01,90.996
EUA,9.5.3,Miscellaneous Printed Matter,2021-05-01,90.871
EUA,9.5.3,Miscellaneous Printed Matter,2021-06-01,90.694
EUA,9.5.3,Miscellaneous Printed Matter,2021-07-01,91.059
EUA,9.5.3,Miscellaneous Printed Matter,2021-08-01,91.658
EUA,9.5.3,Miscellaneous Printed Matter,2021-09-01,90.563
EUA,9.5.3,Miscellaneous Printed Matter,2021-10-01,93.024
EUA,9.5.3,Miscellaneous Printed Matter,2021-11-01,94.06
EUA,9.5.3,Miscellaneous Printed Matter,2021-12-01,94.17
EUA,9.5.3,Miscellaneous Printed Matter,2022-01-01,97.462
EUA,9.5.3,Miscellaneous Printed Matter,2022-02-01,99.667
EUA,9.5.3,Miscellaneous Printed Matter,2022-03-01,98.812
EUA,9.5.3,Miscellaneous Printed Matter,2022-04-01,99.012
EUA,9.5.3,Miscellaneous Printed Matter,2022-05-01,101.426
EUA,9.5.3,Miscellaneous Printed Matter,2022-06-01,101.046
EUA,9.5.3,Miscellaneous Printed Matter,2022-07-01,99.254
EUA,9.5.3,Miscellaneous Printed Matter,2022-08-01,99.255
EUA,9.5.3,Miscellaneous Printed Matter,2022-09-01,100.221
EUA,9.5.3,Miscellaneous Printed Matter,2022-10-01,102.15
EUA,9.5.3,Miscellaneous Printed Matter,2022-11-01,104.209
EUA,9.5.3,Miscellaneous Printed Matter,2022-12-01,104.298
EUA,9.5.3,Miscellaneous Printed Matter,2023-01-01,107.509
EUA,9.5.3,Miscellaneous Printed Matter,2023-02-01,108.383
EUA,9.5.3,Miscellaneous Printed Matter,2023-03-01,106.987
EUA,9.5.3,Miscellaneous Printed Matter,2023-04-01,106.472
EUA,9.5.3,Miscellaneous Printed Matter,2023-05-01,105.351
EUA,9.5.3,Miscellaneous Printed Matter,2023-06-01,104.921
EUA,9.5.3,Miscellaneous Printed Matter,2023-07-01,103.899
EUA,9.5.3,Miscellaneous Printed Matter,2023-08-01,101.472
EUA,9.5.3,Miscellaneous Printed Matter,2023-09-01,103.172
EUA,9.5.3,Miscellaneous Printed Matter,2023-10-01,104.426
EUA,9.5.3,Miscellaneous Printed Matter,2023-11-01,103.81
EUA,9.5.3,Miscellaneous Printed Matter,2023-12-01,103.349
EUA,9.5.3,Miscellaneous Printed Matter,2024-01-01,105.439
EUA,9.5.3,Miscellaneous Printed Matter,2024-02-01,104.701
EUA,9.5.3,Miscellaneous Printed Matter,2024-03-01,103.412
EUA,9.5.3,Miscellaneous Printed Matter,2024-04-01,103.435
EUA,9.5.3,Miscellaneous Printed Matter,2024-05-01,103.003
EUA,9.5.3,Miscellaneous Printed Matter,2024-06-01,102.431
EUA,9.5.3,Miscellaneous Printed Matter,2024-07-01,101.498
EUA,9.5.3,Miscellaneous Printed Matter,2024-08-01,99.818
EUA,9.5.3,Miscellaneous Printed Matter,2024-09-01,100.405
EUA,9.5.3,Miscellaneous Printed Matter,2024-10-01,101.955
EUA,9.5.3,Miscellaneous Printed Matter,2024-11-01,101.309
EUA,9.5.3,Miscellaneous Printed Matter,2024-12-01,101.932
EUA,9.5.4,Stationery and Drawing Materials,2013-12-01,100.0
EUA,9.5.4,Stationery and Drawing Materials,2014-01-01,99.686
EUA,9.5.4,Stationery and Drawing Materials,2014-02-01,99.921
EUA,9.5.4,Stationery and Drawing Materials,2014-03-01,100.465
EUA,9.5.4,Stationery and Drawing Materials,2014-04-01,100.458
EUA,9.5.4,Stationery and Drawing Materials,2014-05-01,100.487
EUA,9.5.4,Stationery and Drawing Materials,2014-06-01,100.427
EUA,9.5.4,Stationery and Drawing Materials,2014-07-01,100.431
EUA,9.5.4,Stationery and Drawing Materials,2014-08-01,99.342
EUA,9.5.4,Stationery and Drawing Materials,2014-09-01,99.319
EUA,9.5.4,Stationery and Drawing Materials,2014-10-01,99.961
EUA,9.5.4,Stationery and Drawing Materials,2014-11-01,99.676
EUA,9.5.4,Stationery and Drawing Materials,2014-12-01,99.59
EUA,9.5.4,Stationery and Drawing Materials,2015-01-01,99.29
EUA,9.5.4,Stationery and Drawing Materials,2015-02-01,99.038
EUA,9.5.4,Stationery and Drawing Materials,2015-03-01,98.759
EUA,9.5.4,Stationery and Drawing Materials,2015-04-01,98.244
EUA,9.5.4,Stationery and Drawing Materials,2015-05-01,98.495
EUA,9.5.4,Stationery and Drawing Materials,2015-06-01,97.487
EUA,9.5.4,Stationery and Drawing Materials,2015-07-01,96.631
EUA,9.5.4,Stationery and Drawing Materials,2015-08-01,95.96
EUA,9.5.4,Stationery and Drawing Materials,2015-09-01,95.606
EUA,9.5.4,Stationery and Drawing Materials,2015-10-01,96.777
EUA,9.5.4,Stationery and Drawing Materials,2015-11-01,96.272
EUA,9.5.4,Stationery and Drawing Materials,2015-12-01,95.185
EUA,9.5.4,Stationery and Drawing Materials,2016-01-01,95.025
EUA,9.5.4,Stationery and Drawing Materials,2016-02-01,95.513
EUA,9.5.4,Stationery and Drawing Materials,2016-03-01,96.201
EUA,9.5.4,Stationery and Drawing Materials,2016-04-01,96.409
EUA,9.5.4,Stationery and Drawing Materials,2016-05-01,95.456
EUA,9.5.4,Stationery and Drawing Materials,2016-06-01,94.675
EUA,9.5.4,Stationery and Drawing Materials,2016-07-01,92.719
EUA,9.5.4,Stationery and Drawing Materials,2016-08-01,91.402
EUA,9.5.4,Stationery and Drawing Materials,2016-09-01,93.607
EUA,9.5.4,Stationery and Drawing Materials,2016-10-01,94.061
EUA,9.5.4,Stationery and Drawing Materials,2016-11-01,95.247
EUA,9.5.4,Stationery and Drawing Materials,2016-12-01,94.542
EUA,9.5.4,Stationery and Drawing Materials,2017-01-01,93.449
EUA,9.5.4,Stationery and Drawing Materials,2017-02-01,93.594
EUA,9.5.4,Stationery and Drawing Materials,2017-03-01,92.167
EUA,9.5.4,Stationery and Drawing Materials,2017-04-01,91.903
EUA,9.5.4,Stationery and Drawing Materials,2017-05-01,92.848
EUA,9.5.4,Stationery and Drawing Materials,2017-06-01,92.807
EUA,9.5.4,Stationery and Drawing Materials,2017-07-01,93.075
EUA,9.5.4,Stationery and Drawing Materials,2017-08-01,91.749
EUA,9.5.4,Stationery and Drawing Materials,2017-09-01,92.278
EUA,9.5.4,Stationery and Drawing Materials,2017-10-01,94.184
EUA,9.5.4,Stationery and Drawing Materials,2017-11-01,93.149
EUA,9.5.4,Stationery and Drawing Materials,2017-12-01,92.285
EUA,9.5.4,Stationery and Drawing Materials,2018-01-01,93.29
EUA,9.5.4,Stationery and Drawing Materials,2018-02-01,92.565
EUA,9.5.4,Stationery and Drawing Materials,2018-03-01,92.036
EUA,9.5.4,Stationery and Drawing Materials,2018-04-01,92.474
EUA,9.5.4,Stationery and Drawing Materials,2018-05-01,91.913
EUA,9.5.4,Stationery and Drawing Materials,2018-06-01,90.952
EUA,9.5.4,Stationery and Drawing Materials,2018-07-01,90.389
EUA,9.5.4,Stationery and Drawing Materials,2018-08-01,88.795
EUA,9.5.4,Stationery and Drawing Materials,2018-09-01,88.784
EUA,9.5.4,Stationery and Drawing Materials,2018-10-01,84.813
EUA,9.5.4,Stationery and Drawing Materials,2018-11-01,85.822
EUA,9.5.4,Stationery and Drawing Materials,2018-12-01,83.894
EUA,9.5.4,Stationery and Drawing Materials,2019-01-01,85.119
EUA,9.5.4,Stationery and Drawing Materials,2019-02-01,88.294
EUA,9.5.4,Stationery and Drawing Materials,2019-03-01,88.261
EUA,9.5.4,Stationery and Drawing Materials,2019-04-01,88.418
EUA,9.5.4,Stationery and Drawing Materials,2019-05-01,89.785
EUA,9.5.4,Stationery and Drawing Materials,2019-06-01,88.011
EUA,9.5.4,Stationery and Drawing Materials,2019-07-01,87.487
EUA,9.5.4,Stationery and Drawing Materials,2019-08-01,89.37
EUA,9.5.4,Stationery and Drawing Materials,2019-09-01,88.72
EUA,9.5.4,Stationery and Drawing Materials,2019-10-01,91.162
EUA,9.5.4,Stationery and Drawing Materials,2019-11-01,91.046
EUA,9.5.4,Stationery and Drawing Materials,2019-12-01,89.472
EUA,9.5.4,Stationery and Drawing Materials,2020-01-01,92.936
EUA,9.5.4,Stationery and Drawing Materials,2020-02-01,92.119
EUA,9.5.4,Stationery and Drawing Materials,2020-03-01,91.883
EUA,9.5.4,Stationery and Drawing Materials,2020-04-01,93.121
EUA,9.5.4,Stationery and Drawing Materials,2020-05-01,92.741
EUA,9.5.4,Stationery and Drawing Materials,2020-06-01,93.012
EUA,9.5.4,Stationery and Drawing Materials,2020-07-01,89.005
EUA,9.5.4,Stationery and Drawing Materials,2020-08-01,86.006
EUA,9.5.4,Stationery and Drawing Materials,2020-09-01,86.662
EUA,9.5.4,Stationery and Drawing Materials,2020-10-01,87.741
EUA,9.5.4,Stationery and Drawing Materials,2020-11-01,89.395
EUA,9.5.4,Stationery and Drawing Materials,2020-12-01,89.307
EUA,9.5.4,Stationery and Drawing Materials,2021-01-01,89.794
EUA,9.5.4,Stationery and Drawing Materials,2021-02-01,89.444
EUA,9.5.4,Stationery and Drawing Materials,2021-03-01,89.732
EUA,9.5.4,Stationery and Drawing Materials,2021-04-01,91.619
EUA,9.5.4,Stationery and Drawing Materials,2021-05-01,91.504
EUA,9.5.4,Stationery and Drawing Materials,2021-06-01,91.309
EUA,9.5.4,Stationery and Drawing Materials,2021-07-01,91.676
EUA,9.5.4,Stationery and Drawing Materials,2021-08-01,92.25
EUA,9.5.4,Stationery and Drawing Materials,2021-09-01,91.163
EUA,9.5.4,Stationery and Drawing Materials,2021-10-01,93.584
EUA,9.5.4,Stationery and Drawing Materials,2021-11-01,94.601
EUA,9.5.4,Stationery and Drawing Materials,2021-12-01,94.708
EUA,9.5.4,Stationery and Drawing Materials,2022-01-01,97.829
EUA,9.5.4,Stationery and Drawing Materials,2022-02-01,99.522
EUA,9.5.4,Stationery and Drawing Materials,2022-03-01,98.964
EUA,9.5.4,Stationery and Drawing Materials,2022-04-01,99.032
EUA,9.5.4,Stationery and Drawing Materials,2022-05-01,101.567
EUA,9.5.4,Stationery and Drawing Materials,2022-06-01,101.242
EUA,9.5.4,Stationery and Drawing Materials,2022-07-01,99.653
EUA,9.5.4,Stationery and Drawing Materials,2022-08-01,99.88
EUA,9.5.4,Stationery and Drawing Materials,2022-09-01,100.458
EUA,9.5.4,Stationery and Drawing Materials,2022-10-01,102.06
EUA,9.5.4,Stationery and Drawing Materials,2022-11-01,103.735
EUA,9.5.4,Stationery and Drawing Materials,2022-12-01,104.01
EUA,9.5.4,Stationery and Drawing Materials,2023-01-01,103.598
EUA,9.5.4,Stationery and Drawing Materials,2023-02-01,103.589
EUA,9.5.4,Stationery and Drawing Materials,2023-03-01,101.735
EUA,9.5.4,Stationery and Drawing Materials,2023-04-01,101.188
EUA,9.5.4,Stationery and Drawing Materials,2023-05-01,101.655
EUA,9.5.4,Stationery and Drawing Materials,2023-06-01,100.705
EUA,9.5.4,Stationery and Drawing Materials,2023-07-01,100.399
EUA,9.5.4,Stationery and Drawing Materials,2023-08-01,100.515
EUA,9.5.4,Stationery and Drawing Materials,2023-09-01,101.17
EUA,9.5.4,Stationery and Drawing Materials,2023-10-01,100.376
EUA,9.5.4,Stationery and Drawing Materials,2023-11-01,99.005
EUA,9.5.4,Stationery and Drawing Materials,2023-12-01,100.414
EUA,9.5.4,Stationery and Drawing Materials,2024-01-01,101.702
EUA,9.5.4,Stationery and Drawing Materials,2024-02-01,101.321
EUA,9.5.4,Stationery and Drawing Materials,2024-03-01,100.154
EUA,9.5.4,Stationery and Drawing Materials,2024-04-01,100.48
EUA,9.5.4,Stationery and Drawing Materials,2024-05-01,100.283
EUA,9.5.4,Stationery and Drawing Materials,2024-06-01,99.565
EUA,9.5.4,Stationery and Drawing Materials,2024-07-01,98.559
EUA,9.5.4,Stationery and Drawing Materials,2024-08-01,97.408
EUA,9.5.4,Stationery and Drawing Materials,2024-09-01,98.542
EUA,9.5.4,Stationery and Drawing Materials,2024-10-01,99.711
EUA,9.5.4,Stationery and Drawing Materials,2024-11-01,100.898
EUA,9.5.4,Stationery and Drawing Materials,2024-12-01,101.26
EUA,10,Education,2013-12-01,100.0
EUA,10,Education,2014-01-01,99.979
EUA,10,Education,2014-02-01,100.161
EUA,10,Education,2014-03-01,100.289
EUA,10,Education,2014-04-01,100.332
EUA,10,Education,2014-05-01,100.47
EUA,10,Education,2014-06-01,100.673
EUA,10,Education,2014-07-01,101.032
EUA,10,Education,2014-08-01,102.202
EUA,10,Education,2014-09-01,102.957
EUA,10,Education,2014-10-01,103.163
EUA,10,Education,2014-11-01,103.246
EUA,10,Education,2014-12-01,103.188
EUA,10,Education,2015-01-01,103.497
EUA,10,Education,2015-02-01,103.502
EUA,10,Education,2015-03-01,103.762
EUA,10,Education,2015-04-01,104.017
EUA,10,Education,2015-05-01,104.119
EUA,10,Education,2015-06-01,104.377
EUA,10,Education,2015-07-01,104.812
EUA,10,Education,2015-08-01,105.821
EUA,10,Education,2015-09-01,106.841
EUA,10,Education,2015-10-01,106.974
EUA,10,Education,2015-11-01,107.03
EUA,10,Education,2015-12-01,106.956
EUA,10,Education,2016-01-01,106.928
EUA,10,Education,2016-02-01,107.03
EUA,10,Education,2016-03-01,107.046
EUA,10,Education,2016-04-01,107.131
EUA,10,Education,2016-05-01,107.232
EUA,10,Education,2016-06-01,107.385
EUA,10,Education,2016-07-01,107.619
EUA,10,Education,2016-08-01,108.506
EUA,10,Education,2016-09-01,109.322
EUA,10,Education,2016-10-01,109.633
EUA,10,Education,2016-11-01,109.582
EUA,10,Education,2016-12-01,109.725
EUA,10,Education,2017-01-01,109.649
EUA,10,Education,2017-02-01,109.706
EUA,10,Education,2017-03-01,109.577
EUA,10,Education,2017-04-01,109.607
EUA,10,Education,2017-05-01,109.643
EUA,10,Education,2017-06-01,109.961
EUA,10,Education,2017-07-01,110.092
EUA,10,Education,2017-08-01,110.886
EUA,10,Education,2017-09-01,111.859
EUA,10,Education,2017-10-01,112.126
EUA,10,Education,2017-11-01,112.173
EUA,10,Education,2017-12-01,112.134
EUA,10,Education,2018-01-01,112.002
EUA,10,Education,2018-02-01,112.013
EUA,10,Education,2018-03-01,111.685
EUA,10,Education,2018-04-01,111.695
EUA,10,Education,2018-05-01,111.781
EUA,10,Education,2018-06-01,112.132
EUA,10,Education,2018-07-01,112.469
EUA,10,Education,2018-08-01,113.955
EUA,10,Education,2018-09-01,114.755
EUA,10,Education,2018-10-01,115.063
EUA,10,Education,2018-11-01,115.148
EUA,10,Education,2018-12-01,115.153
EUA,10,Education,2019-01-01,115.184
EUA,10,Education,2019-02-01,115.365
EUA,10,Education,2019-03-01,115.517
EUA,10,Education,2019-04-01,115.541
EUA,10,Education,2019-05-01,115.701
EUA,10,Education,2019-06-01,115.865
EUA,10,Education,2019-07-01,116.01
EUA,10,Education,2019-08-01,116.895
EUA,10,Education,2019-09-01,117.621
EUA,10,Education,2019-10-01,117.893
EUA,10,Education,2019-11-01,117.869
EUA,10,Education,2019-12-01,117.78
EUA,10,Education,2020-01-01,117.95
EUA,10,Education,2020-02-01,118.152
EUA,10,Education,2020-03-01,118.188
EUA,10,Education,2020-04-01,118.223
EUA,10,Education,2020-05-01,118.274
EUA,10,Education,2020-06-01,118.413
EUA,10,Education,2020-07-01,118.695
EUA,10,Education,2020-08-01,119.085
EUA,10,Education,2020-09-01,119.378
EUA,10,Education,2020-10-01,119.48
EUA,10,Education,2020-11-01,119.441
EUA,10,Education,2020-12-01,119.447
EUA,10,Education,2021-01-01,119.363
EUA,10,Education,2021-02-01,119.442
EUA,10,Education,2021-03-01,119.106
EUA,10,Education,2021-04-01,119.168
EUA,10,Education,2021-05-01,119.463
EUA,10,Education,2021-06-01,119.744
EUA,10,Education,2021-07-01,120.015
EUA,10,Education,2021-08-01,120.777
EUA,10,Education,2021-09-01,121.784
EUA,10,Education,2021-10-01,122.006
EUA,10,Education,2021-11-01,122.048
EUA,10,Education,2021-12-01,121.957
EUA,10,Education,2022-01-01,121.926
EUA,10,Education,2022-02-01,122.078
EUA,10,Education,2022-03-01,122.06
EUA,10,Education,2022-04-01,122.184
EUA,10,Education,2022-05-01,122.413
EUA,10,Education,2022-06-01,122.955
EUA,10,Education,2022-07-01,123.143
EUA,10,Education,2022-08-01,124.438
EUA,10,Education,2022-09-01,125.483
EUA,10,Education,2022-10-01,125.612
EUA,10,Education,2022-11-01,125.76
EUA,10,Education,2022-12-01,125.924
EUA,10,Education,2023-01-01,126.1
EUA,10,Education,2023-02-01,126.164
EUA,10,Education,2023-03-01,126.521
EUA,10,Education,2023-04-01,126.709
EUA,10,Education,2023-05-01,126.79
EUA,10,Education,2023-06-01,127.113
EUA,10,Education,2023-07-01,127.464
EUA,10,Education,2023-08-01,128.364
EUA,10,Education,2023-09-01,129.414
EUA,10,Education,2023-10-01,129.318
EUA,10,Education,2023-11-01,129.21
EUA,10,Education,2023-12-01,129.295
EUA,10,Education,2024-01-01,129.573
EUA,10,Education,2024-02-01,129.963
EUA,10,Education,2024-03-01,129.915
EUA,10,Education,2024-04-01,130.039
EUA,10,Education,2024-05-01,130.438
EUA,10,Education,2024-06-01,130.824
EUA,10,Education,2024-07-01,131.292
EUA,10,Education,2024-08-01,132.532
EUA,10,Education,2024-09-01,134.116
EUA,10,Education,2024-10-01,134.24
EUA,10,Education,2024-11-01,134.279
EUA,10,Education,2024-12-01,134.225
EUA,10.1.0,Pre-Primary and Primary Education,2013-12-01,100.0
EUA,10.1.0,Pre-Primary and Primary Education,2014-01-01,99.896
EUA,10.1.0,Pre-Primary and Primary Education,2014-02-01,99.944
EUA,10.1.0,Pre-Primary and Primary Education,2014-03-01,100.339
EUA,10.1.0,Pre-Primary and Primary Education,2014-04-01,100.343
EUA,10.1.0,Pre-Primary and Primary Education,2014-05-01,100.561
EUA,10.1.0,Pre-Primary and Primary Education,2014-06-01,100.715
EUA,10.1.0,Pre-Primary and Primary Education,2014-07-01,100.986
EUA,10.1.0,Pre-Primary and Primary Education,2014-08-01,101.741
EUA,10.1.0,Pre-Primary and Primary Education,2014-09-01,102.662
EUA,10.1.0,Pre-Primary and Primary Education,2014-10-01,102.687
EUA,10.1.0,Pre-Primary and Primary Education,2014-11-01,102.781
EUA,10.1.0,Pre-Primary and Primary Education,2014-12-01,102.659
EUA,10.1.0,Pre-Primary and Primary Education,2015-01-01,103.163
EUA,10.1.0,Pre-Primary and Primary Education,2015-02-01,103.213
EUA,10.1.0,Pre-Primary and Primary Education,2015-03-01,103.913
EUA,10.1.0,Pre-Primary and Primary Education,2015-04-01,104.52
EUA,10.1.0,Pre-Primary and Primary Education,2015-05-01,104.723
EUA,10.1.0,Pre-Primary and Primary Education,2015-06-01,104.986
EUA,10.1.0,Pre-Primary and Primary Education,2015-07-01,105.336
EUA,10.1.0,Pre-Primary and Primary Education,2015-08-01,105.908
EUA,10.1.0,Pre-Primary and Primary Education,2015-09-01,106.815
EUA,10.1.0,Pre-Primary and Primary Education,2015-10-01,106.894
EUA,10.1.0,Pre-Primary and Primary Education,2015-11-01,106.982
EUA,10.1.0,Pre-Primary and Primary Education,2015-12-01,106.745
EUA,10.1.0,Pre-Primary and Primary Education,2016-01-01,107.044
EUA,10.1.0,Pre-Primary and Primary Education,2016-02-01,107.224
EUA,10.1.0,Pre-Primary and Primary Education,2016-03-01,107.378
EUA,10.1.0,Pre-Primary and Primary Education,2016-04-01,107.488
EUA,10.1.0,Pre-Primary and Primary Education,2016-05-01,107.595
EUA,10.1.0,Pre-Primary and Primary Education,2016-06-01,107.763
EUA,10.1.0,Pre-Primary and Primary Education,2016-07-01,108.099
EUA,10.1.0,Pre-Primary and Primary Education,2016-08-01,108.906
EUA,10.1.0,Pre-Primary and Primary Education,2016-09-01,109.528
EUA,10.1.0,Pre-Primary and Primary Education,2016-10-01,109.97
EUA,10.1.0,Pre-Primary and Primary Education,2016-11-01,109.914
EUA,10.1.0,Pre-Primary and Primary Education,2016-12-01,109.954
EUA,10.1.0,Pre-Primary and Primary Education,2017-01-01,110.527
EUA,10.1.0,Pre-Primary and Primary Education,2017-02-01,110.691
EUA,10.1.0,Pre-Primary and Primary Education,2017-03-01,110.789
EUA,10.1.0,Pre-Primary and Primary Education,2017-04-01,110.812
EUA,10.1.0,Pre-Primary and Primary Education,2017-05-01,110.904
EUA,10.1.0,Pre-Primary and Primary Education,2017-06-01,111.091
EUA,10.1.0,Pre-Primary and Primary Education,2017-07-01,111.049
EUA,10.1.0,Pre-Primary and Primary Education,2017-08-01,111.65
EUA,10.1.0,Pre-Primary and Primary Education,2017-09-01,112.299
EUA,10.1.0,Pre-Primary and Primary Education,2017-10-01,112.467
EUA,10.1.0,Pre-Primary and Primary Education,2017-11-01,112.448
EUA,10.1.0,Pre-Primary and Primary Education,2017-12-01,112.321
EUA,10.1.0,Pre-Primary and Primary Education,2018-01-01,112.568
EUA,10.1.0,Pre-Primary and Primary Education,2018-02-01,112.797
EUA,10.1.0,Pre-Primary and Primary Education,2018-03-01,112.825
EUA,10.1.0,Pre-Primary and Primary Education,2018-04-01,112.87
EUA,10.1.0,Pre-Primary and Primary Education,2018-05-01,113.029
EUA,10.1.0,Pre-Primary and Primary Education,2018-06-01,113.342
EUA,10.1.0,Pre-Primary and Primary Education,2018-07-01,113.288
EUA,10.1.0,Pre-Primary and Primary Education,2018-08-01,114.609
EUA,10.1.0,Pre-Primary and Primary Education,2018-09-01,115.383
EUA,10.1.0,Pre-Primary and Primary Education,2018-10-01,114.991
EUA,10.1.0,Pre-Primary and Primary Education,2018-11-01,115.072
EUA,10.1.0,Pre-Primary and Primary Education,2018-12-01,115.118
EUA,10.1.0,Pre-Primary and Primary Education,2019-01-01,115.53
EUA,10.1.0,Pre-Primary and Primary Education,2019-02-01,115.865
EUA,10.1.0,Pre-Primary and Primary Education,2019-03-01,116.002
EUA,10.1.0,Pre-Primary and Primary Education,2019-04-01,116.043
EUA,10.1.0,Pre-Primary and Primary Education,2019-05-01,116.483
EUA,10.1.0,Pre-Primary and Primary Education,2019-06-01,116.902
EUA,10.1.0,Pre-Primary and Primary Education,2019-07-01,117.281
EUA,10.1.0,Pre-Primary and Primary Education,2019-08-01,117.762
EUA,10.1.0,Pre-Primary and Primary Education,2019-09-01,118.453
EUA,10.1.0,Pre-Primary and Primary Education,2019-10-01,118.684
EUA,10.1.0,Pre-Primary and Primary Education,2019-11-01,118.704
EUA,10.1.0,Pre-Primary and Primary Education,2019-12-01,118.808
EUA,10.1.0,Pre-Primary and Primary Education,2020-01-01,119.102
EUA,10.1.0,Pre-Primary and Primary Education,2020-02-01,119.609
EUA,10.1.0,Pre-Primary and Primary Education,2020-03-01,119.732
EUA,10.1.0,Pre-Primary and Primary Education,2020-04-01,119.847
EUA,10.1.0,Pre-Primary and Primary Education,2020-05-01,119.955
EUA,10.1.0,Pre-Primary and Primary Education,2020-06-01,120.196
EUA,10.1.0,Pre-Primary and Primary Education,2020-07-01,120.381
EUA,10.1.0,Pre-Primary and Primary Education,2020-08-01,120.823
EUA,10.1.0,Pre-Primary and Primary Education,2020-09-01,121.403
EUA,10.1.0,Pre-Primary and Primary Education,2020-10-01,121.466
EUA,10.1.0,Pre-Primary and Primary Education,2020-11-01,121.43
EUA,10.1.0,Pre-Primary and Primary Education,2020-12-01,121.496
EUA,10.1.0,Pre-Primary and Primary Education,2021-01-01,121.671
EUA,10.1.0,Pre-Primary and Primary Education,2021-02-01,121.91
EUA,10.1.0,Pre-Primary and Primary Education,2021-03-01,121.218
EUA,10.1.0,Pre-Primary and Primary Education,2021-04-01,121.461
EUA,10.1.0,Pre-Primary and Primary Education,2021-05-01,122.144
EUA,10.1.0,Pre-Primary and Primary Education,2021-06-01,122.541
EUA,10.1.0,Pre-Primary and Primary Education,2021-07-01,123.014
EUA,10.1.0,Pre-Primary and Primary Education,2021-08-01,123.381
EUA,10.1.0,Pre-Primary and Primary Education,2021-09-01,124.332
EUA,10.1.0,Pre-Primary and Primary Education,2021-10-01,124.624
EUA,10.1.0,Pre-Primary and Primary Education,2021-11-01,124.663
EUA,10.1.0,Pre-Primary and Primary Education,2021-12-01,124.639
EUA,10.1.0,Pre-Primary and Primary Education,2022-01-01,124.788
EUA,10.1.0,Pre-Primary and Primary Education,2022-02-01,125.156
EUA,10.1.0,Pre-Primary and Primary Education,2022-03-01,125.113
EUA,10.1.0,Pre-Primary and Primary Education,2022-04-01,125.451
EUA,10.1.0,Pre-Primary and Primary Education,2022-05-01,125.956
EUA,10.1.0,Pre-Primary and Primary Education,2022-06-01,126.864
EUA,10.1.0,Pre-Primary and Primary Education,2022-07-01,126.89
EUA,10.1.0,Pre-Primary and Primary Education,2022-08-01,127.719
EUA,10.1.0,Pre-Primary and Primary Education,2022-09-01,130.141
EUA,10.1.0,Pre-Primary and Primary Education,2022-10-01,130.251
EUA,10.1.0,Pre-Primary and Primary Education,2022-11-01,130.61
EUA,10.1.0,Pre-Primary and Primary Education,2022-12-01,130.813
EUA,10.1.0,Pre-Primary and Primary Education,2023-01-01,131.385
EUA,10.1.0,Pre-Primary and Primary Education,2023-02-01,131.56
EUA,10.1.0,Pre-Primary and Primary Education,2023-03-01,132.498
EUA,10.1.0,Pre-Primary and Primary Education,2023-04-01,132.998
EUA,10.1.0,Pre-Primary and Primary Education,2023-05-01,133.068
EUA,10.1.0,Pre-Primary and Primary Education,2023-06-01,133.696
EUA,10.1.0,Pre-Primary and Primary Education,2023-07-01,134.204
EUA,10.1.0,Pre-Primary and Primary Education,2023-08-01,134.754
EUA,10.1.0,Pre-Primary and Primary Education,2023-09-01,136.478
EUA,10.1.0,Pre-Primary and Primary Education,2023-10-01,136.652
EUA,10.1.0,Pre-Primary and Primary Education,2023-11-01,136.68
EUA,10.1.0,Pre-Primary and Primary Education,2023-12-01,136.88
EUA,10.1.0,Pre-Primary and Primary Education,2024-01-01,137.703
EUA,10.1.0,Pre-Primary and Primary Education,2024-02-01,138.734
EUA,10.1.0,Pre-Primary and Primary Education,2024-03-01,138.621
EUA,10.1.0,Pre-Primary and Primary Education,2024-04-01,138.936
EUA,10.1.0,Pre-Primary and Primary Education,2024-05-01,139.721
EUA,10.1.0,Pre-Primary and Primary Education,2024-06-01,140.273
EUA,10.1.0,Pre-Primary and Primary Education,2024-07-01,140.925
EUA,10.1.0,Pre-Primary and Primary Education,2024-08-01,142.603
EUA,10.1.0,Pre-Primary and Primary Education,2024-09-01,144.3
EUA,10.1.0,Pre-Primary and Primary Education,2024-10-01,144.382
EUA,10.1.0,Pre-Primary and Primary Education,2024-11-01,144.759
EUA,10.1.0,Pre-Primary and Primary Education,2024-12-01,144.617
EUA,10.2.0,Secondary Education,2013-12-01,100.0
EUA,10.2.0,Secondary Education,2014-01-01,99.996
EUA,10.2.0,Secondary Education,2014-02-01,99.976
EUA,10.2.0,Secondary Education,2014-03-01,99.977
EUA,10.2.0,Secondary Education,2014-04-01,99.977
EUA,10.2.0,Secondary Education,2014-05-01,100.273
EUA,10.2.0,Secondary Education,2014-06-01,100.674
EUA,10.2.0,Secondary Education,2014-07-01,101.534
EUA,10.2.0,Secondary Education,2014-08-01,102.841
EUA,10.2.0,Secondary Education,2014-09-01,103.857
EUA,10.2.0,Secondary Education,2014-10-01,103.887
EUA,10.2.0,Secondary Education,2014-11-01,103.959
EUA,10.2.0,Secondary Education,2014-12-01,103.959
EUA,10.2.0,Secondary Education,2015-01-01,103.959
EUA,10.2.0,Secondary Education,2015-02-01,103.962
EUA,10.2.0,Secondary Education,2015-03-01,104.02
EUA,10.2.0,Secondary Education,2015-04-01,104.02
EUA,10.2.0,Secondary Education,2015-05-01,104.377
EUA,10.2.0,Secondary Education,2015-06-01,104.746
EUA,10.2.0,Secondary Education,2015-07-01,105.419
EUA,10.2.0,Secondary Education,2015-08-01,106.51
EUA,10.2.0,Secondary Education,2015-09-01,107.564
EUA,10.2.0,Secondary Education,2015-10-01,107.7
EUA,10.2.0,Secondary Education,2015-11-01,107.883
EUA,10.2.0,Secondary Education,2015-12-01,107.844
EUA,10.2.0,Secondary Education,2016-01-01,107.862
EUA,10.2.0,Secondary Education,2016-02-01,107.894
EUA,10.2.0,Secondary Education,2016-03-01,107.978
EUA,10.2.0,Secondary Education,2016-04-01,108.058
EUA,10.2.0,Secondary Education,2016-05-01,108.16
EUA,10.2.0,Secondary Education,2016-06-01,108.309
EUA,10.2.0,Secondary Education,2016-07-01,108.779
EUA,10.2.0,Secondary Education,2016-08-01,110.0
EUA,10.2.0,Secondary Education,2016-09-01,110.835
EUA,10.2.0,Secondary Education,2016-10-01,111.475
EUA,10.2.0,Secondary Education,2016-11-01,111.599
EUA,10.2.0,Secondary Education,2016-12-01,111.599
EUA,10.2.0,Secondary Education,2017-01-01,111.599
EUA,10.2.0,Secondary Education,2017-02-01,111.593
EUA,10.2.0,Secondary Education,2017-03-01,111.531
EUA,10.2.0,Secondary Education,2017-04-01,111.601
EUA,10.2.0,Secondary Education,2017-05-01,111.963
EUA,10.2.0,Secondary Education,2017-06-01,112.367
EUA,10.2.0,Secondary Education,2017-07-01,112.815
EUA,10.2.0,Secondary Education,2017-08-01,114.137
EUA,10.2.0,Secondary Education,2017-09-01,115.175
EUA,10.2.0,Secondary Education,2017-10-01,115.465
EUA,10.2.0,Secondary Education,2017-11-01,115.681
EUA,10.2.0,Secondary Education,2017-12-01,115.679
EUA,10.2.0,Secondary Education,2018-01-01,115.679
EUA,10.2.0,Secondary Education,2018-02-01,115.747
EUA,10.2.0,Secondary Education,2018-03-01,115.786
EUA,10.2.0,Secondary Education,2018-04-01,115.877
EUA,10.2.0,Secondary Education,2018-05-01,116.017
EUA,10.2.0,Secondary Education,2018-06-01,116.399
EUA,10.2.0,Secondary Education,2018-07-01,117.257
EUA,10.2.0,Secondary Education,2018-08-01,119.598
EUA,10.2.0,Secondary Education,2018-09-01,120.861
EUA,10.2.0,Secondary Education,2018-10-01,120.873
EUA,10.2.0,Secondary Education,2018-11-01,120.836
EUA,10.2.0,Secondary Education,2018-12-01,120.73
EUA,10.2.0,Secondary Education,2019-01-01,120.73
EUA,10.2.0,Secondary Education,2019-02-01,120.858
EUA,10.2.0,Secondary Education,2019-03-01,120.872
EUA,10.2.0,Secondary Education,2019-04-01,120.931
EUA,10.2.0,Secondary Education,2019-05-01,120.839
EUA,10.2.0,Secondary Education,2019-06-01,121.182
EUA,10.2.0,Secondary Education,2019-07-01,122.033
EUA,10.2.0,Secondary Education,2019-08-01,123.139
EUA,10.2.0,Secondary Education,2019-09-01,123.493
EUA,10.2.0,Secondary Education,2019-10-01,124.067
EUA,10.2.0,Secondary Education,2019-11-01,124.038
EUA,10.2.0,Secondary Education,2019-12-01,124.046
EUA,10.2.0,Secondary Education,2020-01-01,124.046
EUA,10.2.0,Secondary Education,2020-02-01,124.047
EUA,10.2.0,Secondary Education,2020-03-01,124.153
EUA,10.2.0,Secondary Education,2020-04-01,124.461
EUA,10.2.0,Secondary Education,2020-05-01,124.876
EUA,10.2.0,Secondary Education,2020-06-01,124.607
EUA,10.2.0,Secondary Education,2020-07-01,124.732
EUA,10.2.0,Secondary Education,2020-08-01,126.079
EUA,10.2.0,Secondary Education,2020-09-01,126.992
EUA,10.2.0,Secondary Education,2020-10-01,127.006
EUA,10.2.0,Secondary Education,2020-11-01,126.922
EUA,10.2.0,Secondary Education,2020-12-01,126.914
EUA,10.2.0,Secondary Education,2021-01-01,126.914
EUA,10.2.0,Secondary Education,2021-02-01,126.944
EUA,10.2.0,Secondary Education,2021-03-01,127.049
EUA,10.2.0,Secondary Education,2021-04-01,127.126
EUA,10.2.0,Secondary Education,2021-05-01,127.963
EUA,10.2.0,Secondary Education,2021-06-01,128.44
EUA,10.2.0,Secondary Education,2021-07-01,129.131
EUA,10.2.0,Secondary Education,2021-08-01,129.986
EUA,10.2.0,Secondary Education,2021-09-01,130.09
EUA,10.2.0,Secondary Education,2021-10-01,130.057
EUA,10.2.0,Secondary Education,2021-11-01,130.073
EUA,10.2.0,Secondary Education,2021-12-01,129.833
EUA,10.2.0,Secondary Education,2022-01-01,129.833
EUA,10.2.0,Secondary Education,2022-02-01,129.833
EUA,10.2.0,Secondary Education,2022-03-01,129.983
EUA,10.2.0,Secondary Education,2022-04-01,130.033
EUA,10.2.0,Secondary Education,2022-05-01,131.692
EUA,10.2.0,Secondary Education,2022-06-01,132.414
EUA,10.2.0,Secondary Education,2022-07-01,133.174
EUA,10.2.0,Secondary Education,2022-08-01,134.128
EUA,10.2.0,Secondary Education,2022-09-01,134.679
EUA,10.2.0,Secondary Education,2022-10-01,134.631
EUA,10.2.0,Secondary Education,2022-11-01,134.653
EUA,10.2.0,Secondary Education,2022-12-01,134.653
EUA,10.2.0,Secondary Education,2023-01-01,134.664
EUA,10.2.0,Secondary Education,2023-02-01,134.691
EUA,10.2.0,Secondary Education,2023-03-01,134.826
EUA,10.2.0,Secondary Education,2023-04-01,134.835
EUA,10.2.0,Secondary Education,2023-05-01,136.463
EUA,10.2.0,Secondary Education,2023-06-01,138.45
EUA,10.2.0,Secondary Education,2023-07-01,139.867
EUA,10.2.0,Secondary Education,2023-08-01,140.875
EUA,10.2.0,Secondary Education,2023-09-01,141.308
EUA,10.2.0,Secondary Education,2023-10-01,141.52
EUA,10.2.0,Secondary Education,2023-11-01,141.213
EUA,10.2.0,Secondary Education,2023-12-01,141.206
EUA,10.2.0,Secondary Education,2024-01-01,141.206
EUA,10.2.0,Secondary Education,2024-02-01,141.206
EUA,10.2.0,Secondary Education,2024-03-01,141.262
EUA,10.2.0,Secondary Education,2024-04-01,141.338
EUA,10.2.0,Secondary Education,2024-05-01,143.117
EUA,10.2.0,Secondary Education,2024-06-01,145.244
EUA,10.2.0,Secondary Education,2024-07-01,146.629
EUA,10.2.0,Secondary Education,2024-08-01,147.77
EUA,10.2.0,Secondary Education,2024-09-01,148.228
EUA,10.2.0,Secondary Education,2024-10-01,148.1
EUA,10.2.0,Secondary Education,2024-11-01,148.019
EUA,10.2.0,Secondary Education,2024-12-01,147.834
EUA,10.4.0,Tertiary Education,2013-12-01,100.0
EUA,10.4.0,Tertiary Education,2014-01-01,100.021
EUA,10.4.0,Tertiary Education,2014-02-01,100.29
EUA,10.4.0,Tertiary Education,2014-03-01,100.289
EUA,10.4.0,Tertiary Education,2014-04-01,100.354
EUA,10.4.0,Tertiary Education,2014-05-01,100.437
EUA,10.4.0,Tertiary Education,2014-06-01,100.65
EUA,10.4.0,Tertiary Education,2014-07-01,101.019
EUA,10.4.0,Tertiary Education,2014-08-01,102.399
EUA,10.4.0,Tertiary Education,2014-09-01,103.056
EUA,10.4.0,Tertiary Education,2014-10-01,103.367
EUA,10.4.0,Tertiary Education,2014-11-01,103.445
EUA,10.4.0,Tertiary Education,2014-12-01,103.414
EUA,10.4.0,Tertiary Education,2015-01-01,103.648
EUA,10.4.0,Tertiary Education,2015-02-01,103.63
EUA,10.4.0,Tertiary Education,2015-03-01,103.681
EUA,10.4.0,Tertiary Education,2015-04-01,103.779
EUA,10.4.0,Tertiary Education,2015-05-01,103.808
EUA,10.4.0,Tertiary Education,2015-06-01,104.057
EUA,10.4.0,Tertiary Education,2015-07-01,104.519
EUA,10.4.0,Tertiary Education,2015-08-01,105.755
EUA,10.4.0,Tertiary Education,2015-09-01,106.84
EUA,10.4.0,Tertiary Education,2015-10-01,107.001
EUA,10.4.0,Tertiary Education,2015-11-01,107.031
EUA,10.4.0,Tertiary Education,2015-12-01,107.037
EUA,10.4.0,Tertiary Education,2016-01-01,106.834
EUA,10.4.0,Tertiary Education,2016-02-01,106.9
EUA,10.4.0,Tertiary Education,2016-03-01,106.84
EUA,10.4.0,Tertiary Education,2016-04-01,106.914
EUA,10.4.0,Tertiary Education,2016-05-01,107.011
EUA,10.4.0,Tertiary Education,2016-06-01,107.157
EUA,10.4.0,Tertiary Education,2016-07-01,107.323
EUA,10.4.0,Tertiary Education,2016-08-01,108.234
EUA,10.4.0,Tertiary Education,2016-09-01,109.154
EUA,10.4.0,Tertiary Education,2016-10-01,109.38
EUA,10.4.0,Tertiary Education,2016-11-01,109.318
EUA,10.4.0,Tertiary Education,2016-12-01,109.525
EUA,10.4.0,Tertiary Education,2017-01-01,109.089
EUA,10.4.0,Tertiary Education,2017-02-01,109.094
EUA,10.4.0,Tertiary Education,2017-03-01,108.842
EUA,10.4.0,Tertiary Education,2017-04-01,108.871
EUA,10.4.0,Tertiary Education,2017-05-01,108.862
EUA,10.4.0,Tertiary Education,2017-06-01,109.248
EUA,10.4.0,Tertiary Education,2017-07-01,109.445
EUA,10.4.0,Tertiary Education,2017-08-01,110.299
EUA,10.4.0,Tertiary Education,2017-09-01,111.445
EUA,10.4.0,Tertiary Education,2017-10-01,111.765
EUA,10.4.0,Tertiary Education,2017-11-01,111.834
EUA,10.4.0,Tertiary Education,2017-12-01,111.839
EUA,10.4.0,Tertiary Education,2018-01-01,111.453
EUA,10.4.0,Tertiary Education,2018-02-01,111.321
EUA,10.4.0,Tertiary Education,2018-03-01,110.741
EUA,10.4.0,Tertiary Education,2018-04-01,110.725
EUA,10.4.0,Tertiary Education,2018-05-01,110.758
EUA,10.4.0,Tertiary Education,2018-06-01,111.134
EUA,10.4.0,Tertiary Education,2018-07-01,111.693
EUA,10.4.0,Tertiary Education,2018-08-01,113.256
EUA,10.4.0,Tertiary Education,2018-09-01,114.063
EUA,10.4.0,Tertiary Education,2018-10-01,114.835
EUA,10.4.0,Tertiary Education,2018-11-01,114.929
EUA,10.4.0,Tertiary Education,2018-12-01,114.912
EUA,10.4.0,Tertiary Education,2019-01-01,114.704
EUA,10.4.0,Tertiary Education,2019-02-01,114.789
EUA,10.4.0,Tertiary Education,2019-03-01,114.966
EUA,10.4.0,Tertiary Education,2019-04-01,114.971
EUA,10.4.0,Tertiary Education,2019-05-01,114.957
EUA,10.4.0,Tertiary Education,2019-06-01,114.946
EUA,10.4.0,Tertiary Education,2019-07-01,114.898
EUA,10.4.0,Tertiary Education,2019-08-01,116.063
EUA,10.4.0,Tertiary Education,2019-09-01,116.825
EUA,10.4.0,Tertiary Education,2019-10-01,117.111
EUA,10.4.0,Tertiary Education,2019-11-01,117.059
EUA,10.4.0,Tertiary Education,2019-12-01,116.839
EUA,10.4.0,Tertiary Education,2020-01-01,116.934
EUA,10.4.0,Tertiary Education,2020-02-01,116.943
EUA,10.4.0,Tertiary Education,2020-03-01,116.917
EUA,10.4.0,Tertiary Education,2020-04-01,116.874
EUA,10.4.0,Tertiary Education,2020-05-01,116.865
EUA,10.4.0,Tertiary Education,2020-06-01,116.954
EUA,10.4.0,Tertiary Education,2020-07-01,117.305
EUA,10.4.0,Tertiary Education,2020-08-01,117.608
EUA,10.4.0,Tertiary Education,2020-09-01,117.68
EUA,10.4.0,Tertiary Education,2020-10-01,117.807
EUA,10.4.0,Tertiary Education,2020-11-01,117.766
EUA,10.4.0,Tertiary Education,2020-12-01,117.734
EUA,10.4.0,Tertiary Education,2021-01-01,117.47
EUA,10.4.0,Tertiary Education,2021-02-01,117.446
EUA,10.4.0,Tertiary Education,2021-03-01,117.322
EUA,10.4.0,Tertiary Education,2021-04-01,117.259
EUA,10.4.0,Tertiary Education,2021-05-01,117.266
EUA,10.4.0,Tertiary Education,2021-06-01,117.46
EUA,10.4.0,Tertiary Education,2021-07-01,117.563
EUA,10.4.0,Tertiary Education,2021-08-01,118.588
EUA,10.4.0,Tertiary Education,2021-09-01,119.704
EUA,10.4.0,Tertiary Education,2021-10-01,119.891
EUA,10.4.0,Tertiary Education,2021-11-01,119.938
EUA,10.4.0,Tertiary Education,2021-12-01,119.811
EUA,10.4.0,Tertiary Education,2022-01-01,119.683
EUA,10.4.0,Tertiary Education,2022-02-01,119.722
EUA,10.4.0,Tertiary Education,2022-03-01,119.716
EUA,10.4.0,Tertiary Education,2022-04-01,119.72
EUA,10.4.0,Tertiary Education,2022-05-01,119.725
EUA,10.4.0,Tertiary Education,2022-06-01,120.053
EUA,10.4.0,Tertiary Education,2022-07-01,120.302
EUA,10.4.0,Tertiary Education,2022-08-01,121.877
EUA,10.4.0,Tertiary Education,2022-09-01,122.182
EUA,10.4.0,Tertiary Education,2022-10-01,122.328
EUA,10.4.0,Tertiary Education,2022-11-01,122.368
EUA,10.4.0,Tertiary Education,2022-12-01,122.514
EUA,10.4.0,Tertiary Education,2023-01-01,122.452
EUA,10.4.0,Tertiary Education,2023-02-01,122.448
EUA,10.4.0,Tertiary Education,2023-03-01,122.462
EUA,10.4.0,Tertiary Education,2023-04-01,122.466
EUA,10.4.0,Tertiary Education,2023-05-01,122.468
EUA,10.4.0,Tertiary Education,2023-06-01,122.509
EUA,10.4.0,Tertiary Education,2023-07-01,122.703
EUA,10.4.0,Tertiary Education,2023-08-01,123.826
EUA,10.4.0,Tertiary Education,2023-09-01,124.504
EUA,10.4.0,Tertiary Education,2023-10-01,124.213
EUA,10.4.0,Tertiary Education,2023-11-01,124.027
EUA,10.4.0,Tertiary Education,2023-12-01,124.045
EUA,10.4.0,Tertiary Education,2024-01-01,124.015
EUA,10.4.0,Tertiary Education,2024-02-01,124.017
EUA,10.4.0,Tertiary Education,2024-03-01,124.001
EUA,10.4.0,Tertiary Education,2024-04-01,124.004
EUA,10.4.0,Tertiary Education,2024-05-01,124.098
EUA,10.4.0,Tertiary Education,2024-06-01,124.3
EUA,10.4.0,Tertiary Education,2024-07-01,124.614
EUA,10.4.0,Tertiary Education,2024-08-01,125.59
EUA,10.4.0,Tertiary Education,2024-09-01,127.184
EUA,10.4.0,Tertiary Education,2024-10-01,127.349
EUA,10.4.0,Tertiary Education,2024-11-01,127.176
EUA,10.4.0,Tertiary Education,2024-12-01,127.184
EUA,10.5.0,Education Not Definable by Level,2013-12-01,100.0
EUA,10.5.0,Education Not Definable by Level,2014-01-01,99.829
EUA,10.5.0,Education Not Definable by Level,2014-02-01,99.709
EUA,10.5.0,Education Not Definable by Level,2014-03-01,99.827
EUA,10.5.0,Education Not Definable by Level,2014-04-01,99.99
EUA,10.5.0,Education Not Definable by Level,2014-05-01,100.306
EUA,10.5.0,Education Not Definable by Level,2014-06-01,100.456
EUA,10.5.0,Education Not Definable by Level,2014-07-01,100.702
EUA,10.5.0,Education Not Definable by Level,2014-08-01,101.257
EUA,10.5.0,Education Not Definable by Level,2014-09-01,101.361
EUA,10.5.0,Education Not Definable by Level,2014-10-01,101.718
EUA,10.5.0,Education Not Definable by Level,2014-11-01,101.762
EUA,10.5.0,Education Not Definable by Level,2014-12-01,101.79
EUA,10.5.0,Education Not Definable by Level,2015-01-01,101.828
EUA,10.5.0,Education Not Definable by Level,2015-02-01,101.787
EUA,10.5.0,Education Not Definable by Level,2015-03-01,101.808
EUA,10.5.0,Education Not Definable by Level,2015-04-01,101.521
EUA,10.5.0,Education Not Definable by Level,2015-05-01,101.855
EUA,10.5.0,Education Not Definable by Level,2015-06-01,102.02
EUA,10.5.0,Education Not Definable by Level,2015-07-01,102.327
EUA,10.5.0,Education Not Definable by Level,2015-08-01,102.546
EUA,10.5.0,Education Not Definable by Level,2015-09-01,102.748
EUA,10.5.0,Education Not Definable by Level,2015-10-01,102.842
EUA,10.5.0,Education Not Definable by Level,2015-11-01,102.874
EUA,10.5.0,Education Not Definable by Level,2015-12-01,103.0
EUA,10.5.0,Education Not Definable by Level,2016-01-01,103.364
EUA,10.5.0,Education Not Definable by Level,2016-02-01,103.317
EUA,10.5.0,Education Not Definable by Level,2016-03-01,103.414
EUA,10.5.0,Education Not Definable by Level,2016-04-01,103.466
EUA,10.5.0,Education Not Definable by Level,2016-05-01,103.476
EUA,10.5.0,Education Not Definable by Level,2016-06-01,103.61
EUA,10.5.0,Education Not Definable by Level,2016-07-01,103.925
EUA,10.5.0,Education Not Definable by Level,2016-08-01,104.381
EUA,10.5.0,Education Not Definable by Level,2016-09-01,104.672
EUA,10.5.0,Education Not Definable by Level,2016-10-01,104.718
EUA,10.5.0,Education Not Definable by Level,2016-11-01,104.715
EUA,10.5.0,Education Not Definable by Level,2016-12-01,104.728
EUA,10.5.0,Education Not Definable by Level,2017-01-01,106.414
EUA,10.5.0,Education Not Definable by Level,2017-02-01,106.495
EUA,10.5.0,Education Not Definable by Level,2017-03-01,106.717
EUA,10.5.0,Education Not Definable by Level,2017-04-01,106.908
EUA,10.5.0,Education Not Definable by Level,2017-05-01,106.504
EUA,10.5.0,Education Not Definable by Level,2017-06-01,106.441
EUA,10.5.0,Education Not Definable by Level,2017-07-01,106.778
EUA,10.5.0,Education Not Definable by Level,2017-08-01,107.999
EUA,10.5.0,Education Not Definable by Level,2017-09-01,108.19
EUA,10.5.0,Education Not Definable by Level,2017-10-01,108.228
EUA,10.5.0,Education Not Definable by Level,2017-11-01,108.366
EUA,10.5.0,Education Not Definable by Level,2017-12-01,108.327
EUA,10.5.0,Education Not Definable by Level,2018-01-01,108.44
EUA,10.5.0,Education Not Definable by Level,2018-02-01,108.495
EUA,10.5.0,Education Not Definable by Level,2018-03-01,108.579
EUA,10.5.0,Education Not Definable by Level,2018-04-01,108.602
EUA,10.5.0,Education Not Definable by Level,2018-05-01,108.979
EUA,10.5.0,Education Not Definable by Level,2018-06-01,109.181
EUA,10.5.0,Education Not Definable by Level,2018-07-01,110.046
EUA,10.5.0,Education Not Definable by Level,2018-08-01,110.469
EUA,10.5.0,Education Not Definable by Level,2018-09-01,110.137
EUA,10.5.0,Education Not Definable by Level,2018-10-01,110.68
EUA,10.5.0,Education Not Definable by Level,2018-11-01,110.652
EUA,10.5.0,Education Not Definable by Level,2018-12-01,110.63
EUA,10.5.0,Education Not Definable by Level,2019-01-01,110.252
EUA,10.5.0,Education Not Definable by Level,2019-02-01,110.238
EUA,10.5.0,Education Not Definable by Level,2019-03-01,109.637
EUA,10.5.0,Education Not Definable by Level,2019-04-01,110.197
EUA,10.5.0,Education Not Definable by Level,2019-05-01,110.707
EUA,10.5.0,Education Not Definable by Level,2019-06-01,111.174
EUA,10.5.0,Education Not Definable by Level,2019-07-01,112.093
EUA,10.5.0,Education Not Definable by Level,2019-08-01,110.117
EUA,10.5.0,Education Not Definable by Level,2019-09-01,111.157
EUA,10.5.0,Education Not Definable by Level,2019-10-01,111.355
EUA,10.5.0,Education Not Definable by Level,2019-11-01,111.291
EUA,10.5.0,Education Not Definable by Level,2019-12-01,111.291
EUA,10.5.0,Education Not Definable by Level,2020-01-01,111.73
EUA,10.5.0,Education Not Definable by Level,2020-02-01,111.919
EUA,10.5.0,Education Not Definable by Level,2020-03-01,111.992
EUA,10.5.0,Education Not Definable by Level,2020-04-01,112.654
EUA,10.5.0,Education Not Definable by Level,2020-05-01,112.751
EUA,10.5.0,Education Not Definable by Level,2020-06-01,113.375
EUA,10.5.0,Education Not Definable by Level,2020-07-01,114.192
EUA,10.5.0,Education Not Definable by Level,2020-08-01,114.055
EUA,10.5.0,Education Not Definable by Level,2020-09-01,113.763
EUA,10.5.0,Education Not Definable by Level,2020-10-01,114.467
EUA,10.5.0,Education Not Definable by Level,2020-11-01,114.494
EUA,10.5.0,Education Not Definable by Level,2020-12-01,114.421
EUA,10.5.0,Education Not Definable by Level,2021-01-01,114.557
EUA,10.5.0,Education Not Definable by Level,2021-02-01,114.426
EUA,10.5.0,Education Not Definable by Level,2021-03-01,114.039
EUA,10.5.0,Education Not Definable by Level,2021-04-01,114.351
EUA,10.5.0,Education Not Definable by Level,2021-05-01,114.309
EUA,10.5.0,Education Not Definable by Level,2021-06-01,114.46
EUA,10.5.0,Education Not Definable by Level,2021-07-01,115.467
EUA,10.5.0,Education Not Definable by Level,2021-08-01,115.808
EUA,10.5.0,Education Not Definable by Level,2021-09-01,115.456
EUA,10.5.0,Education Not Definable by Level,2021-10-01,115.913
EUA,10.5.0,Education Not Definable by Level,2021-11-01,115.853
EUA,10.5.0,Education Not Definable by Level,2021-12-01,115.732
EUA,10.5.0,Education Not Definable by Level,2022-01-01,115.28
EUA,10.5.0,Education Not Definable by Level,2022-02-01,115.293
EUA,10.5.0,Education Not Definable by Level,2022-03-01,114.85
EUA,10.5.0,Education Not Definable by Level,2022-04-01,115.149
EUA,10.5.0,Education Not Definable by Level,2022-05-01,115.496
EUA,10.5.0,Education Not Definable by Level,2022-06-01,115.821
EUA,10.5.0,Education Not Definable by Level,2022-07-01,116.183
EUA,10.5.0,Education Not Definable by Level,2022-08-01,117.183
EUA,10.5.0,Education Not Definable by Level,2022-09-01,117.035
EUA,10.5.0,Education Not Definable by Level,2022-10-01,117.241
EUA,10.5.0,Education Not Definable by Level,2022-11-01,117.089
EUA,10.5.0,Education Not Definable by Level,2022-12-01,117.431
EUA,10.5.0,Education Not Definable by Level,2023-01-01,117.742
EUA,10.5.0,Education Not Definable by Level,2023-02-01,117.763
EUA,10.5.0,Education Not Definable by Level,2023-03-01,117.762
EUA,10.5.0,Education Not Definable by Level,2023-04-01,117.845
EUA,10.5.0,Education Not Definable by Level,2023-05-01,117.982
EUA,10.5.0,Education Not Definable by Level,2023-06-01,118.411
EUA,10.5.0,Education Not Definable by Level,2023-07-01,118.798
EUA,10.5.0,Education Not Definable by Level,2023-08-01,118.741
EUA,10.5.0,Education Not Definable by Level,2023-09-01,118.635
EUA,10.5.0,Education Not Definable by Level,2023-10-01,119.342
EUA,10.5.0,Education Not Definable by Level,2023-11-01,119.624
EUA,10.5.0,Education Not Definable by Level,2023-12-01,119.747
EUA,10.5.0,Education Not Definable by Level,2024-01-01,119.749
EUA,10.5.0,Education Not Definable by Level,2024-02-01,119.813
EUA,10.5.0,Education Not Definable by Level,2024-03-01,120.017
EUA,10.5.0,Education Not Definable by Level,2024-04-01,120.147
EUA,10.5.0,Education Not Definable by Level,2024-05-01,120.16
EUA,10.5.0,Education Not Definable by Level,2024-06-01,120.255
EUA,10.5.0,Education Not Definable by Level,2024-07-01,120.349
EUA,10.5.0,Education Not Definable by Level,2024-08-01,120.919
EUA,10.5.0,Education Not Definable by Level,2024-09-01,120.958
EUA,10.5.0,Education Not Definable by Level,2024-10-01,120.95
EUA,10.5.0,Education Not Definable by Level,2024-11-01,120.987
EUA,10.5.0,Education Not Definable by Level,2024-12-01,121.052
EUA,11,Restaurants and Hotels,2013-12-01,100.0
EUA,11,Restaurants and Hotels,2014-01-01,100.536
EUA,11,Restaurants and Hotels,2014-02-01,101.194
EUA,11,Restaurants and Hotels,2014-03-01,102.052
EUA,11,Restaurants and Hotels,2014-04-01,102.331
EUA,11,Restaurants and Hotels,2014-05-01,103.084
EUA,11,Restaurants and Hotels,2014-06-01,103.36
EUA,11,Restaurants and Hotels,2014-07-01,103.825
EUA,11,Restaurants and Hotels,2014-08-01,103.761
EUA,11,Restaurants and Hotels,2014-09-01,103.671
EUA,11,Restaurants and Hotels,2014-10-01,103.655
EUA,11,Restaurants and Hotels,2014-11-01,103.344
EUA,11,Restaurants and Hotels,2014-12-01,103.307
EUA,11,Restaurants and Hotels,2015-01-01,103.983
EUA,11,Restaurants and Hotels,2015-02-01,104.559
EUA,11,Restaurants and Hotels,2015-03-01,105.269
EUA,11,Restaurants and Hotels,2015-04-01,105.53
EUA,11,Restaurants and Hotels,2015-05-01,105.833
EUA,11,Restaurants and Hotels,2015-06-01,106.068
EUA,11,Restaurants and Hotels,2015-07-01,106.606
EUA,11,Restaurants and Hotels,2015-08-01,106.338
EUA,11,Restaurants and Hotels,2015-09-01,106.478
EUA,11,Restaurants and Hotels,2015-10-01,106.46
EUA,11,Restaurants and Hotels,2015-11-01,106.042
EUA,11,Restaurants and Hotels,2015-12-01,105.782
EUA,11,Restaurants and Hotels,2016-01-01,106.737
EUA,11,Restaurants and Hotels,2016-02-01,107.425
EUA,11,Restaurants and Hotels,2016-03-01,107.969
EUA,11,Restaurants and Hotels,2016-04-01,108.102
EUA,11,Restaurants and Hotels,2016-05-01,108.74
EUA,11,Restaurants and Hotels,2016-06-01,109.389
EUA,11,Restaurants and Hotels,2016-07-01,109.367
EUA,11,Restaurants and Hotels,2016-08-01,109.386
EUA,11,Restaurants and Hotels,2016-09-01,109.224
EUA,11,Restaurants and Hotels,2016-10-01,109.225
EUA,11,Restaurants and Hotels,2016-11-01,108.435
EUA,11,Restaurants and Hotels,2016-12-01,108.325
EUA,11,Restaurants and Hotels,2017-01-01,109.172
EUA,11,Restaurants and Hotels,2017-02-01,109.877
EUA,11,Restaurants and Hotels,2017-03-01,110.22
EUA,11,Restaurants and Hotels,2017-04-01,110.675
EUA,11,Restaurants and Hotels,2017-05-01,111.211
EUA,11,Restaurants and Hotels,2017-06-01,111.415
EUA,11,Restaurants and Hotels,2017-07-01,111.007
EUA,11,Restaurants and Hotels,2017-08-01,111.504
EUA,11,Restaurants and Hotels,2017-09-01,111.548
EUA,11,Restaurants and Hotels,2017-10-01,111.586
EUA,11,Restaurants and Hotels,2017-11-01,110.767
EUA,11,Restaurants and Hotels,2017-12-01,110.744
EUA,11,Restaurants and Hotels,2018-01-01,111.368
EUA,11,Restaurants and Hotels,2018-02-01,112.086
EUA,11,Restaurants and Hotels,2018-03-01,112.966
EUA,11,Restaurants and Hotels,2018-04-01,113.332
EUA,11,Restaurants and Hotels,2018-05-01,114.445
EUA,11,Restaurants and Hotels,2018-06-01,114.364
EUA,11,Restaurants and Hotels,2018-07-01,114.424
EUA,11,Restaurants and Hotels,2018-08-01,114.415
EUA,11,Restaurants and Hotels,2018-09-01,114.118
EUA,11,Restaurants and Hotels,2018-10-01,113.691
EUA,11,Restaurants and Hotels,2018-11-01,113.104
EUA,11,Restaurants and Hotels,2018-12-01,113.508
EUA,11,Restaurants and Hotels,2019-01-01,114.365
EUA,11,Restaurants and Hotels,2019-02-01,115.372
EUA,11,Restaurants and Hotels,2019-03-01,116.204
EUA,11,Restaurants and Hotels,2019-04-01,116.849
EUA,11,Restaurants and Hotels,2019-05-01,117.464
EUA,11,Restaurants and Hotels,2019-06-01,117.89
EUA,11,Restaurants and Hotels,2019-07-01,118.146
EUA,11,Restaurants and Hotels,2019-08-01,117.765
EUA,11,Restaurants and Hotels,2019-09-01,117.931
EUA,11,Restaurants and Hotels,2019-10-01,117.138
EUA,11,Restaurants and Hotels,2019-11-01,116.57
EUA,11,Restaurants and Hotels,2019-12-01,116.443
EUA,11,Restaurants and Hotels,2020-01-01,117.352
EUA,11,Restaurants and Hotels,2020-02-01,118.453
EUA,11,Restaurants and Hotels,2020-03-01,118.121
EUA,11,Restaurants and Hotels,2020-04-01,117.371
EUA,11,Restaurants and Hotels,2020-05-01,117.974
EUA,11,Restaurants and Hotels,2020-06-01,118.772
EUA,11,Restaurants and Hotels,2020-07-01,119.318
EUA,11,Restaurants and Hotels,2020-08-01,119.444
EUA,11,Restaurants and Hotels,2020-09-01,119.623
EUA,11,Restaurants and Hotels,2020-10-01,118.931
EUA,11,Restaurants and Hotels,2020-11-01,118.861
EUA,11,Restaurants and Hotels,2020-12-01,119.019
EUA,11,Restaurants and Hotels,2021-01-01,119.586
EUA,11,Restaurants and Hotels,2021-02-01,119.857
EUA,11,Restaurants and Hotels,2021-03-01,120.869
EUA,11,Restaurants and Hotels,2021-04-01,122.27
EUA,11,Restaurants and Hotels,2021-05-01,123.245
EUA,11,Restaurants and Hotels,2021-06-01,125.188
EUA,11,Restaurants and Hotels,2021-07-01,127.117
EUA,11,Restaurants and Hotels,2021-08-01,126.748
EUA,11,Restaurants and Hotels,2021-09-01,126.939
EUA,11,Restaurants and Hotels,2021-10-01,127.284
EUA,11,Restaurants and Hotels,2021-11-01,127.636
EUA,11,Restaurants and Hotels,2021-12-01,128.285
EUA,11,Restaurants and Hotels,2022-01-01,128.844
EUA,11,Restaurants and Hotels,2022-02-01,130.314
EUA,11,Restaurants and Hotels,2022-03-01,131.897
EUA,11,Restaurants and Hotels,2022-04-01,133.162
EUA,11,Restaurants and Hotels,2022-05-01,134.523
EUA,11,Restaurants and Hotels,2022-06-01,135.439
EUA,11,Restaurants and Hotels,2022-07-01,135.824
EUA,11,Restaurants and Hotels,2022-08-01,136.422
EUA,11,Restaurants and Hotels,2022-09-01,136.788
EUA,11,Restaurants and Hotels,2022-10-01,137.825
EUA,11,Restaurants and Hotels,2022-11-01,137.606
EUA,11,Restaurants and Hotels,2022-12-01,137.996
EUA,11,Restaurants and Hotels,2023-01-01,138.813
EUA,11,Restaurants and Hotels,2023-02-01,139.581
EUA,11,Restaurants and Hotels,2023-03-01,140.363
EUA,11,Restaurants and Hotels,2023-04-01,140.924
EUA,11,Restaurants and Hotels,2023-05-01,141.552
EUA,11,Restaurants and Hotels,2023-06-01,142.104
EUA,11,Restaurants and Hotels,2023-07-01,142.388
EUA,11,Restaurants and Hotels,2023-08-01,142.887
EUA,11,Restaurants and Hotels,2023-09-01,143.508
EUA,11,Restaurants and Hotels,2023-10-01,144.013
EUA,11,Restaurants and Hotels,2023-11-01,144.596
EUA,11,Restaurants and Hotels,2023-12-01,145.029
EUA,11,Restaurants and Hotels,2024-01-01,145.623
EUA,11,Restaurants and Hotels,2024-02-01,145.692
EUA,11,Restaurants and Hotels,2024-03-01,146.051
EUA,11,Restaurants and Hotels,2024-04-01,146.555
EUA,11,Restaurants and Hotels,2024-05-01,147.0
EUA,11,Restaurants and Hotels,2024-06-01,147.625
EUA,11,Restaurants and Hotels,2024-07-01,147.928
EUA,11,Restaurants and Hotels,2024-08-01,148.347
EUA,11,Restaurants and Hotels,2024-09-01,148.834
EUA,11,Restaurants and Hotels,2024-10-01,149.271
EUA,11,Restaurants and Hotels,2024-11-01,149.689
EUA,11,Restaurants and Hotels,2024-12-01,150.05
EUA,11.1.1,"Restaurants, Cafes and the Like",2013-12-01,100.0
EUA,11.1.1,"Restaurants, Cafes and the Like",2014-01-01,100.057
EUA,11.1.1,"Restaurants, Cafes and the Like",2014-02-01,100.366
EUA,11.1.1,"Restaurants, Cafes and the Like",2014-03-01,100.629
EUA,11.1.1,"Restaurants, Cafes and the Like",2014-04-01,100.889
EUA,11.1.1,"Restaurants, Cafes and the Like",2014-05-01,101.06
EUA,11.1.1,"Restaurants, Cafes and the Like",2014-06-01,101.268
EUA,11.1.1,"Restaurants, Cafes and the Like",2014-07-01,101.579
EUA,11.1.1,"Restaurants, Cafes and the Like",2014-08-01,101.823
EUA,11.1.1,"Restaurants, Cafes and the Like",2014-09-01,102.083
EUA,11.1.1,"Restaurants, Cafes and the Like",2014-10-01,102.314
EUA,11.1.1,"Restaurants, Cafes and the Like",2014-11-01,102.71
EUA,11.1.1,"Restaurants, Cafes and the Like",2014-12-01,102.966
EUA,11.1.1,"Restaurants, Cafes and the Like",2015-01-01,103.109
EUA,11.1.1,"Restaurants, Cafes and the Like",2015-02-01,103.383
EUA,11.1.1,"Restaurants, Cafes and the Like",2015-03-01,103.534
EUA,11.1.1,"Restaurants, Cafes and the Like",2015-04-01,103.793
EUA,11.1.1,"Restaurants, Cafes and the Like",2015-05-01,104.047
EUA,11.1.1,"Restaurants, Cafes and the Like",2015-06-01,104.25
EUA,11.1.1,"Restaurants, Cafes and the Like",2015-07-01,104.444
EUA,11.1.1,"Restaurants, Cafes and the Like",2015-08-01,104.616
EUA,11.1.1,"Restaurants, Cafes and the Like",2015-09-01,104.901
EUA,11.1.1,"Restaurants, Cafes and the Like",2015-10-01,105.09
EUA,11.1.1,"Restaurants, Cafes and the Like",2015-11-01,105.271
EUA,11.1.1,"Restaurants, Cafes and the Like",2015-12-01,105.395
EUA,11.1.1,"Restaurants, Cafes and the Like",2016-01-01,105.713
EUA,11.1.1,"Restaurants, Cafes and the Like",2016-02-01,105.875
EUA,11.1.1,"Restaurants, Cafes and the Like",2016-03-01,106.101
EUA,11.1.1,"Restaurants, Cafes and the Like",2016-04-01,106.371
EUA,11.1.1,"Restaurants, Cafes and the Like",2016-05-01,106.609
EUA,11.1.1,"Restaurants, Cafes and the Like",2016-06-01,106.796
EUA,11.1.1,"Restaurants, Cafes and the Like",2016-07-01,106.996
EUA,11.1.1,"Restaurants, Cafes and the Like",2016-08-01,107.205
EUA,11.1.1,"Restaurants, Cafes and the Like",2016-09-01,107.372
EUA,11.1.1,"Restaurants, Cafes and the Like",2016-10-01,107.528
EUA,11.1.1,"Restaurants, Cafes and the Like",2016-11-01,107.639
EUA,11.1.1,"Restaurants, Cafes and the Like",2016-12-01,107.811
EUA,11.1.1,"Restaurants, Cafes and the Like",2017-01-01,108.173
EUA,11.1.1,"Restaurants, Cafes and the Like",2017-02-01,108.415
EUA,11.1.1,"Restaurants, Cafes and the Like",2017-03-01,108.592
EUA,11.1.1,"Restaurants, Cafes and the Like",2017-04-01,108.832
EUA,11.1.1,"Restaurants, Cafes and the Like",2017-05-01,109.04
EUA,11.1.1,"Restaurants, Cafes and the Like",2017-06-01,109.225
EUA,11.1.1,"Restaurants, Cafes and the Like",2017-07-01,109.423
EUA,11.1.1,"Restaurants, Cafes and the Like",2017-08-01,109.601
EUA,11.1.1,"Restaurants, Cafes and the Like",2017-09-01,109.864
EUA,11.1.1,"Restaurants, Cafes and the Like",2017-10-01,110.077
EUA,11.1.1,"Restaurants, Cafes and the Like",2017-11-01,110.289
EUA,11.1.1,"Restaurants, Cafes and the Like",2017-12-01,110.475
EUA,11.1.1,"Restaurants, Cafes and the Like",2018-01-01,110.858
EUA,11.1.1,"Restaurants, Cafes and the Like",2018-02-01,111.139
EUA,11.1.1,"Restaurants, Cafes and the Like",2018-03-01,111.265
EUA,11.1.1,"Restaurants, Cafes and the Like",2018-04-01,111.526
EUA,11.1.1,"Restaurants, Cafes and the Like",2018-05-01,111.859
EUA,11.1.1,"Restaurants, Cafes and the Like",2018-06-01,112.075
EUA,11.1.1,"Restaurants, Cafes and the Like",2018-07-01,112.202
EUA,11.1.1,"Restaurants, Cafes and the Like",2018-08-01,112.385
EUA,11.1.1,"Restaurants, Cafes and the Like",2018-09-01,112.637
EUA,11.1.1,"Restaurants, Cafes and the Like",2018-10-01,112.739
EUA,11.1.1,"Restaurants, Cafes and the Like",2018-11-01,113.08
EUA,11.1.1,"Restaurants, Cafes and the Like",2018-12-01,113.51
EUA,11.1.1,"Restaurants, Cafes and the Like",2019-01-01,113.875
EUA,11.1.1,"Restaurants, Cafes and the Like",2019-02-01,114.248
EUA,11.1.1,"Restaurants, Cafes and the Like",2019-03-01,114.466
EUA,11.1.1,"Restaurants, Cafes and the Like",2019-04-01,114.843
EUA,11.1.1,"Restaurants, Cafes and the Like",2019-05-01,115.059
EUA,11.1.1,"Restaurants, Cafes and the Like",2019-06-01,115.437
EUA,11.1.1,"Restaurants, Cafes and the Like",2019-07-01,115.676
EUA,11.1.1,"Restaurants, Cafes and the Like",2019-08-01,115.9
EUA,11.1.1,"Restaurants, Cafes and the Like",2019-09-01,116.178
EUA,11.1.1,"Restaurants, Cafes and the Like",2019-10-01,116.375
EUA,11.1.1,"Restaurants, Cafes and the Like",2019-11-01,116.568
EUA,11.1.1,"Restaurants, Cafes and the Like",2019-12-01,116.939
EUA,11.1.1,"Restaurants, Cafes and the Like",2020-01-01,117.34
EUA,11.1.1,"Restaurants, Cafes and the Like",2020-02-01,117.623
EUA,11.1.1,"Restaurants, Cafes and the Like",2020-03-01,117.786
EUA,11.1.1,"Restaurants, Cafes and the Like",2020-04-01,117.99
EUA,11.1.1,"Restaurants, Cafes and the Like",2020-05-01,118.477
EUA,11.1.1,"Restaurants, Cafes and the Like",2020-06-01,119.239
EUA,11.1.1,"Restaurants, Cafes and the Like",2020-07-01,119.707
EUA,11.1.1,"Restaurants, Cafes and the Like",2020-08-01,120.04
EUA,11.1.1,"Restaurants, Cafes and the Like",2020-09-01,120.645
EUA,11.1.1,"Restaurants, Cafes and the Like",2020-10-01,120.998
EUA,11.1.1,"Restaurants, Cafes and the Like",2020-11-01,121.337
EUA,11.1.1,"Restaurants, Cafes and the Like",2020-12-01,121.796
EUA,11.1.1,"Restaurants, Cafes and the Like",2021-01-01,122.295
EUA,11.1.1,"Restaurants, Cafes and the Like",2021-02-01,122.634
EUA,11.1.1,"Restaurants, Cafes and the Like",2021-03-01,123.055
EUA,11.1.1,"Restaurants, Cafes and the Like",2021-04-01,123.452
EUA,11.1.1,"Restaurants, Cafes and the Like",2021-05-01,124.058
EUA,11.1.1,"Restaurants, Cafes and the Like",2021-06-01,124.942
EUA,11.1.1,"Restaurants, Cafes and the Like",2021-07-01,125.873
EUA,11.1.1,"Restaurants, Cafes and the Like",2021-08-01,126.713
EUA,11.1.1,"Restaurants, Cafes and the Like",2021-09-01,127.475
EUA,11.1.1,"Restaurants, Cafes and the Like",2021-10-01,128.482
EUA,11.1.1,"Restaurants, Cafes and the Like",2021-11-01,129.312
EUA,11.1.1,"Restaurants, Cafes and the Like",2021-12-01,130.242
EUA,11.1.1,"Restaurants, Cafes and the Like",2022-01-01,131.116
EUA,11.1.1,"Restaurants, Cafes and the Like",2022-02-01,131.714
EUA,11.1.1,"Restaurants, Cafes and the Like",2022-03-01,132.101
EUA,11.1.1,"Restaurants, Cafes and the Like",2022-04-01,132.909
EUA,11.1.1,"Restaurants, Cafes and the Like",2022-05-01,133.912
EUA,11.1.1,"Restaurants, Cafes and the Like",2022-06-01,134.954
EUA,11.1.1,"Restaurants, Cafes and the Like",2022-07-01,135.902
EUA,11.1.1,"Restaurants, Cafes and the Like",2022-08-01,136.873
EUA,11.1.1,"Restaurants, Cafes and the Like",2022-09-01,137.554
EUA,11.1.1,"Restaurants, Cafes and the Like",2022-10-01,138.832
EUA,11.1.1,"Restaurants, Cafes and the Like",2022-11-01,139.521
EUA,11.1.1,"Restaurants, Cafes and the Like",2022-12-01,140.05
EUA,11.1.1,"Restaurants, Cafes and the Like",2023-01-01,140.932
EUA,11.1.1,"Restaurants, Cafes and the Like",2023-02-01,141.753
EUA,11.1.1,"Restaurants, Cafes and the Like",2023-03-01,142.577
EUA,11.1.1,"Restaurants, Cafes and the Like",2023-04-01,143.15
EUA,11.1.1,"Restaurants, Cafes and the Like",2023-05-01,143.821
EUA,11.1.1,"Restaurants, Cafes and the Like",2023-06-01,144.362
EUA,11.1.1,"Restaurants, Cafes and the Like",2023-07-01,144.631
EUA,11.1.1,"Restaurants, Cafes and the Like",2023-08-01,145.0
EUA,11.1.1,"Restaurants, Cafes and the Like",2023-09-01,145.593
EUA,11.1.1,"Restaurants, Cafes and the Like",2023-10-01,146.164
EUA,11.1.1,"Restaurants, Cafes and the Like",2023-11-01,146.772
EUA,11.1.1,"Restaurants, Cafes and the Like",2023-12-01,147.235
EUA,11.1.1,"Restaurants, Cafes and the Like",2024-01-01,147.881
EUA,11.1.1,"Restaurants, Cafes and the Like",2024-02-01,147.947
EUA,11.1.1,"Restaurants, Cafes and the Like",2024-03-01,148.31
EUA,11.1.1,"Restaurants, Cafes and the Like",2024-04-01,148.852
EUA,11.1.1,"Restaurants, Cafes and the Like",2024-05-01,149.305
EUA,11.1.1,"Restaurants, Cafes and the Like",2024-06-01,149.956
EUA,11.1.1,"Restaurants, Cafes and the Like",2024-07-01,150.231
EUA,11.1.1,"Restaurants, Cafes and the Like",2024-08-01,150.55
EUA,11.1.1,"Restaurants, Cafes and the Like",2024-09-01,150.992
EUA,11.1.1,"Restaurants, Cafes and the Like",2024-10-01,151.415
EUA,11.1.1,"Restaurants, Cafes and the Like",2024-11-01,151.89
EUA,11.1.1,"Restaurants, Cafes and the Like",2024-12-01,152.269
EUA,11.1.2,Canteens,2013-12-01,100.0
EUA,11.1.2,Canteens,2014-01-01,100.002
EUA,11.1.2,Canteens,2014-02-01,99.499
EUA,11.1.2,Canteens,2014-03-01,99.641
EUA,11.1.2,Canteens,2014-04-01,100.466
EUA,11.1.2,Canteens,2014-05-01,100.543
EUA,11.1.2,Canteens,2014-06-01,100.636
EUA,11.1.2,Canteens,2014-07-01,100.378
EUA,11.1.2,Canteens,2014-08-01,100.229
EUA,11.1.2,Canteens,2014-09-01,101.505
EUA,11.1.2,Canteens,2014-10-01,101.806
EUA,11.1.2,Canteens,2014-11-01,101.865
EUA,11.1.2,Canteens,2014-12-01,101.856
EUA,11.1.2,Canteens,2015-01-01,101.918
EUA,11.1.2,Canteens,2015-02-01,102.135
EUA,11.1.2,Canteens,2015-03-01,102.287
EUA,11.1.2,Canteens,2015-04-01,102.565
EUA,11.1.2,Canteens,2015-05-01,102.771
EUA,11.1.2,Canteens,2015-06-01,102.495
EUA,11.1.2,Canteens,2015-07-01,98.715
EUA,11.1.2,Canteens,2015-08-01,99.515
EUA,11.1.2,Canteens,2015-09-01,105.726
EUA,11.1.2,Canteens,2015-10-01,106.645
EUA,11.1.2,Canteens,2015-11-01,106.673
EUA,11.1.2,Canteens,2015-12-01,106.798
EUA,11.1.2,Canteens,2016-01-01,107.007
EUA,11.1.2,Canteens,2016-02-01,106.927
EUA,11.1.2,Canteens,2016-03-01,107.053
EUA,11.1.2,Canteens,2016-04-01,107.18
EUA,11.1.2,Canteens,2016-05-01,107.234
EUA,11.1.2,Canteens,2016-06-01,107.264
EUA,11.1.2,Canteens,2016-07-01,107.487
EUA,11.1.2,Canteens,2016-08-01,108.059
EUA,11.1.2,Canteens,2016-09-01,108.712
EUA,11.1.2,Canteens,2016-10-01,108.872
EUA,11.1.2,Canteens,2016-11-01,108.946
EUA,11.1.2,Canteens,2016-12-01,109.025
EUA,11.1.2,Canteens,2017-01-01,109.369
EUA,11.1.2,Canteens,2017-02-01,109.318
EUA,11.1.2,Canteens,2017-03-01,109.378
EUA,11.1.2,Canteens,2017-04-01,109.443
EUA,11.1.2,Canteens,2017-05-01,109.424
EUA,11.1.2,Canteens,2017-06-01,106.458
EUA,11.1.2,Canteens,2017-07-01,105.357
EUA,11.1.2,Canteens,2017-08-01,109.49
EUA,11.1.2,Canteens,2017-09-01,111.196
EUA,11.1.2,Canteens,2017-10-01,108.988
EUA,11.1.2,Canteens,2017-11-01,109.018
EUA,11.1.2,Canteens,2017-12-01,111.49
EUA,11.1.2,Canteens,2018-01-01,111.724
EUA,11.1.2,Canteens,2018-02-01,111.758
EUA,11.1.2,Canteens,2018-03-01,111.661
EUA,11.1.2,Canteens,2018-04-01,112.002
EUA,11.1.2,Canteens,2018-05-01,112.596
EUA,11.1.2,Canteens,2018-06-01,112.701
EUA,11.1.2,Canteens,2018-07-01,112.884
EUA,11.1.2,Canteens,2018-08-01,113.491
EUA,11.1.2,Canteens,2018-09-01,113.959
EUA,11.1.2,Canteens,2018-10-01,114.069
EUA,11.1.2,Canteens,2018-11-01,114.144
EUA,11.1.2,Canteens,2018-12-01,114.336
EUA,11.1.2,Canteens,2019-01-01,114.36
EUA,11.1.2,Canteens,2019-02-01,114.386
EUA,11.1.2,Canteens,2019-03-01,114.423
EUA,11.1.2,Canteens,2019-04-01,114.465
EUA,11.1.2,Canteens,2019-05-01,114.195
EUA,11.1.2,Canteens,2019-06-01,114.41
EUA,11.1.2,Canteens,2019-07-01,114.615
EUA,11.1.2,Canteens,2019-08-01,115.039
EUA,11.1.2,Canteens,2019-09-01,115.883
EUA,11.1.2,Canteens,2019-10-01,116.065
EUA,11.1.2,Canteens,2019-11-01,116.139
EUA,11.1.2,Canteens,2019-12-01,116.188
EUA,11.1.2,Canteens,2020-01-01,116.284
EUA,11.1.2,Canteens,2020-02-01,116.291
EUA,11.1.2,Canteens,2020-03-01,116.546
EUA,11.1.2,Canteens,2020-04-01,116.677
EUA,11.1.2,Canteens,2020-05-01,116.831
EUA,11.1.2,Canteens,2020-06-01,112.623
EUA,11.1.2,Canteens,2020-07-01,112.436
EUA,11.1.2,Canteens,2020-08-01,114.023
EUA,11.1.2,Canteens,2020-09-01,114.487
EUA,11.1.2,Canteens,2020-10-01,114.174
EUA,11.1.2,Canteens,2020-11-01,109.683
EUA,11.1.2,Canteens,2020-12-01,109.703
EUA,11.1.2,Canteens,2021-01-01,106.575
EUA,11.1.2,Canteens,2021-02-01,98.821
EUA,11.1.2,Canteens,2021-03-01,91.418
EUA,11.1.2,Canteens,2021-04-01,91.145
EUA,11.1.2,Canteens,2021-05-01,92.15
EUA,11.1.2,Canteens,2021-06-01,92.364
EUA,11.1.2,Canteens,2021-07-01,93.082
EUA,11.1.2,Canteens,2021-08-01,84.768
EUA,11.1.2,Canteens,2021-09-01,82.731
EUA,11.1.2,Canteens,2021-10-01,83.517
EUA,11.1.2,Canteens,2021-11-01,81.355
EUA,11.1.2,Canteens,2021-12-01,78.664
EUA,11.1.2,Canteens,2022-01-01,78.656
EUA,11.1.2,Canteens,2022-02-01,78.71
EUA,11.1.2,Canteens,2022-03-01,79.108
EUA,11.1.2,Canteens,2022-04-01,79.176
EUA,11.1.2,Canteens,2022-05-01,79.565
EUA,11.1.2,Canteens,2022-06-01,85.546
EUA,11.1.2,Canteens,2022-07-01,86.226
EUA,11.1.2,Canteens,2022-08-01,91.196
EUA,11.1.2,Canteens,2022-09-01,105.027
EUA,11.1.2,Canteens,2022-10-01,106.829
EUA,11.1.2,Canteens,2022-11-01,107.635
EUA,11.1.2,Canteens,2022-12-01,108.555
EUA,11.1.2,Canteens,2023-01-01,108.616
EUA,11.1.2,Canteens,2023-02-01,108.881
EUA,11.1.2,Canteens,2023-03-01,109.434
EUA,11.1.2,Canteens,2023-04-01,110.2
EUA,11.1.2,Canteens,2023-05-01,110.419
EUA,11.1.2,Canteens,2023-06-01,111.554
EUA,11.1.2,Canteens,2023-07-01,111.415
EUA,11.1.2,Canteens,2023-08-01,113.462
EUA,11.1.2,Canteens,2023-09-01,114.384
EUA,11.1.2,Canteens,2023-10-01,113.843
EUA,11.1.2,Canteens,2023-11-01,114.268
EUA,11.1.2,Canteens,2023-12-01,114.259
EUA,11.1.2,Canteens,2024-01-01,114.341
EUA,11.1.2,Canteens,2024-02-01,114.486
EUA,11.1.2,Canteens,2024-03-01,115.071
EUA,11.1.2,Canteens,2024-04-01,115.23
EUA,11.1.2,Canteens,2024-05-01,115.936
EUA,11.1.2,Canteens,2024-06-01,116.108
EUA,11.1.2,Canteens,2024-07-01,116.347
EUA,11.1.2,Canteens,2024-08-01,117.205
EUA,11.1.2,Canteens,2024-09-01,118.213
EUA,11.1.2,Canteens,2024-10-01,119.251
EUA,11.1.2,Canteens,2024-11-01,118.842
EUA,11.1.2,Canteens,2024-12-01,118.979
EUA,11.2.0,Accommodation Services,2013-12-01,100.0
EUA,11.2.0,Accommodation Services,2014-01-01,104.282
EUA,11.2.0,Accommodation Services,2014-02-01,107.924
EUA,11.2.0,Accommodation Services,2014-03-01,113.449
EUA,11.2.0,Accommodation Services,2014-04-01,113.688
EUA,11.2.0,Accommodation Services,2014-05-01,119.0
EUA,11.2.0,Accommodation Services,2014-06-01,119.84
EUA,11.2.0,Accommodation Services,2014-07-01,121.685
EUA,11.2.0,Accommodation Services,2014-08-01,119.355
EUA,11.2.0,Accommodation Services,2014-09-01,116.217
EUA,11.2.0,Accommodation Services,2014-10-01,114.254
EUA,11.2.0,Accommodation Services,2014-11-01,108.55
EUA,11.2.0,Accommodation Services,2014-12-01,106.319
EUA,11.2.0,Accommodation Services,2015-01-01,111.17
EUA,11.2.0,Accommodation Services,2015-02-01,114.114
EUA,11.2.0,Accommodation Services,2015-03-01,119.17
EUA,11.2.0,Accommodation Services,2015-04-01,119.438
EUA,11.2.0,Accommodation Services,2015-05-01,120.139
EUA,11.2.0,Accommodation Services,2015-06-01,120.77
EUA,11.2.0,Accommodation Services,2015-07-01,125.258
EUA,11.2.0,Accommodation Services,2015-08-01,121.365
EUA,11.2.0,Accommodation Services,2015-09-01,118.465
EUA,11.2.0,Accommodation Services,2015-10-01,116.604
EUA,11.2.0,Accommodation Services,2015-11-01,111.573
EUA,11.2.0,Accommodation Services,2015-12-01,108.319
EUA,11.2.0,Accommodation Services,2016-01-01,114.138
EUA,11.2.0,Accommodation Services,2016-02-01,118.894
EUA,11.2.0,Accommodation Services,2016-03-01,121.878
EUA,11.2.0,Accommodation Services,2016-04-01,121.01
EUA,11.2.0,Accommodation Services,2016-05-01,124.736
EUA,11.2.0,Accommodation Services,2016-06-01,128.944
EUA,11.2.0,Accommodation Services,2016-07-01,127.225
EUA,11.2.0,Accommodation Services,2016-08-01,125.698
EUA,11.2.0,Accommodation Services,2016-09-01,122.882
EUA,11.2.0,Accommodation Services,2016-10-01,121.704
EUA,11.2.0,Accommodation Services,2016-11-01,114.078
EUA,11.2.0,Accommodation Services,2016-12-01,111.852
EUA,11.2.0,Accommodation Services,2017-01-01,116.39
EUA,11.2.0,Accommodation Services,2017-02-01,120.703
EUA,11.2.0,Accommodation Services,2017-03-01,122.332
EUA,11.2.0,Accommodation Services,2017-04-01,124.479
EUA,11.2.0,Accommodation Services,2017-05-01,127.576
EUA,11.2.0,Accommodation Services,2017-06-01,128.849
EUA,11.2.0,Accommodation Services,2017-07-01,124.217
EUA,11.2.0,Accommodation Services,2017-08-01,125.966
EUA,11.2.0,Accommodation Services,2017-09-01,123.93
EUA,11.2.0,Accommodation Services,2017-10-01,123.356
EUA,11.2.0,Accommodation Services,2017-11-01,114.759
EUA,11.2.0,Accommodation Services,2017-12-01,112.5
EUA,11.2.0,Accommodation Services,2018-01-01,114.916
EUA,11.2.0,Accommodation Services,2018-02-01,118.879
EUA,11.2.0,Accommodation Services,2018-03-01,125.318
EUA,11.2.0,Accommodation Services,2018-04-01,126.426
EUA,11.2.0,Accommodation Services,2018-05-01,133.166
EUA,11.2.0,Accommodation Services,2018-06-01,130.946
EUA,11.2.0,Accommodation Services,2018-07-01,130.507
EUA,11.2.0,Accommodation Services,2018-08-01,128.992
EUA,11.2.0,Accommodation Services,2018-09-01,124.642
EUA,11.2.0,Accommodation Services,2018-10-01,120.356
EUA,11.2.0,Accommodation Services,2018-11-01,113.066
EUA,11.2.0,Accommodation Services,2018-12-01,113.332
EUA,11.2.0,Accommodation Services,2019-01-01,117.861
EUA,11.2.0,Accommodation Services,2019-02-01,123.576
EUA,11.2.0,Accommodation Services,2019-03-01,128.931
EUA,11.2.0,Accommodation Services,2019-04-01,131.613
EUA,11.2.0,Accommodation Services,2019-05-01,135.254
EUA,11.2.0,Accommodation Services,2019-06-01,136.067
EUA,11.2.0,Accommodation Services,2019-07-01,136.464
EUA,11.2.0,Accommodation Services,2019-08-01,131.617
EUA,11.2.0,Accommodation Services,2019-09-01,130.824
EUA,11.2.0,Accommodation Services,2019-10-01,122.818
EUA,11.2.0,Accommodation Services,2019-11-01,116.736
EUA,11.2.0,Accommodation Services,2019-12-01,113.051
EUA,11.2.0,Accommodation Services,2020-01-01,117.602
EUA,11.2.0,Accommodation Services,2020-02-01,124.529
EUA,11.2.0,Accommodation Services,2020-03-01,120.692
EUA,11.2.0,Accommodation Services,2020-04-01,113.248
EUA,11.2.0,Accommodation Services,2020-05-01,114.744
EUA,11.2.0,Accommodation Services,2020-06-01,116.982
EUA,11.2.0,Accommodation Services,2020-07-01,118.229
EUA,11.2.0,Accommodation Services,2020-08-01,116.601
EUA,11.2.0,Accommodation Services,2020-09-01,113.814
EUA,11.2.0,Accommodation Services,2020-10-01,105.936
EUA,11.2.0,Accommodation Services,2020-11-01,104.138
EUA,11.2.0,Accommodation Services,2020-12-01,102.288
EUA,11.2.0,Accommodation Services,2021-01-01,104.2
EUA,11.2.0,Accommodation Services,2021-02-01,105.923
EUA,11.2.0,Accommodation Services,2021-03-01,112.96
EUA,11.2.0,Accommodation Services,2021-04-01,121.59
EUA,11.2.0,Accommodation Services,2021-05-01,125.067
EUA,11.2.0,Accommodation Services,2021-06-01,134.618
EUA,11.2.0,Accommodation Services,2021-07-01,143.612
EUA,11.2.0,Accommodation Services,2021-08-01,136.926
EUA,11.2.0,Accommodation Services,2021-09-01,133.775
EUA,11.2.0,Accommodation Services,2021-10-01,129.51
EUA,11.2.0,Accommodation Services,2021-11-01,127.215
EUA,11.2.0,Accommodation Services,2021-12-01,126.749
EUA,11.2.0,Accommodation Services,2022-01-01,125.597
EUA,11.2.0,Accommodation Services,2022-02-01,132.476
EUA,11.2.0,Accommodation Services,2022-03-01,141.296
EUA,11.2.0,Accommodation Services,2022-04-01,145.499
EUA,11.2.0,Accommodation Services,2022-05-01,149.162
EUA,11.2.0,Accommodation Services,2022-06-01,148.083
EUA,11.2.0,Accommodation Services,2022-07-01,145.113
EUA,11.2.0,Accommodation Services,2022-08-01,142.45
EUA,11.2.0,Accommodation Services,2022-09-01,137.672
EUA,11.2.0,Accommodation Services,2022-10-01,137.097
EUA,11.2.0,Accommodation Services,2022-11-01,131.334
EUA,11.2.0,Accommodation Services,2022-12-01,130.776
EUA,11.2.0,Accommodation Services,2023-01-01,130.796
EUA,11.2.0,Accommodation Services,2023-02-01,130.787
EUA,11.2.0,Accommodation Services,2023-03-01,130.735
EUA,11.2.0,Accommodation Services,2023-04-01,130.735
EUA,11.2.0,Accommodation Services,2023-05-01,130.735
EUA,11.2.0,Accommodation Services,2023-06-01,130.844
EUA,11.2.0,Accommodation Services,2023-07-01,132.182
EUA,11.2.0,Accommodation Services,2023-08-01,134.353
EUA,11.2.0,Accommodation Services,2023-09-01,135.434
EUA,11.2.0,Accommodation Services,2023-10-01,135.481
EUA,11.2.0,Accommodation Services,2023-11-01,135.614
EUA,11.2.0,Accommodation Services,2023-12-01,135.831
EUA,11.2.0,Accommodation Services,2024-01-01,135.922
EUA,11.2.0,Accommodation Services,2024-02-01,135.971
EUA,11.2.0,Accommodation Services,2024-03-01,135.987
EUA,11.2.0,Accommodation Services,2024-04-01,136.099
EUA,11.2.0,Accommodation Services,2024-05-01,136.084
EUA,11.2.0,Accommodation Services,2024-06-01,136.664
EUA,11.2.0,Accommodation Services,2024-07-01,137.652
EUA,11.2.0,Accommodation Services,2024-08-01,139.681
EUA,11.2.0,Accommodation Services,2024-09-01,140.502
EUA,11.2.0,Accommodation Services,2024-10-01,140.529
EUA,11.2.0,Accommodation Services,2024-11-01,140.732
EUA,11.2.0,Accommodation Services,2024-12-01,140.974
EUA,12,Miscellaneous Goods and Services,2013-12-01,100.0
EUA,12,Miscellaneous Goods and Services,2014-01-01,100.254
EUA,12,Miscellaneous Goods and Services,2014-02-01,100.479
EUA,12,Miscellaneous Goods and Services,2014-03-01,100.607
EUA,12,Miscellaneous Goods and Services,2014-04-01,100.826
EUA,12,Miscellaneous Goods and Services,2014-05-01,100.997
EUA,12,Miscellaneous Goods and Services,2014-06-01,101.046
EUA,12,Miscellaneous Goods and Services,2014-07-01,101.291
EUA,12,Miscellaneous Goods and Services,2014-08-01,101.395
EUA,12,Miscellaneous Goods and Services,2014-09-01,101.456
EUA,12,Miscellaneous Goods and Services,2014-10-01,101.973
EUA,12,Miscellaneous Goods and Services,2014-11-01,102.016
EUA,12,Miscellaneous Goods and Services,2014-12-01,102.071
EUA,12,Miscellaneous Goods and Services,2015-01-01,102.649
EUA,12,Miscellaneous Goods and Services,2015-02-01,102.765
EUA,12,Miscellaneous Goods and Services,2015-03-01,102.979
EUA,12,Miscellaneous Goods and Services,2015-04-01,103.192
EUA,12,Miscellaneous Goods and Services,2015-05-01,103.223
EUA,12,Miscellaneous Goods and Services,2015-06-01,103.512
EUA,12,Miscellaneous Goods and Services,2015-07-01,103.889
EUA,12,Miscellaneous Goods and Services,2015-08-01,103.955
EUA,12,Miscellaneous Goods and Services,2015-09-01,104.289
EUA,12,Miscellaneous Goods and Services,2015-10-01,104.729
EUA,12,Miscellaneous Goods and Services,2015-11-01,105.186
EUA,12,Miscellaneous Goods and Services,2015-12-01,105.293
EUA,12,Miscellaneous Goods and Services,2016-01-01,105.753
EUA,12,Miscellaneous Goods and Services,2016-02-01,106.411
EUA,12,Miscellaneous Goods and Services,2016-03-01,106.552
EUA,12,Miscellaneous Goods and Services,2016-04-01,107.045
EUA,12,Miscellaneous Goods and Services,2016-05-01,107.585
EUA,12,Miscellaneous Goods and Services,2016-06-01,107.684
EUA,12,Miscellaneous Goods and Services,2016-07-01,108.029
EUA,12,Miscellaneous Goods and Services,2016-08-01,108.476
EUA,12,Miscellaneous Goods and Services,2016-09-01,108.656
EUA,12,Miscellaneous Goods and Services,2016-10-01,108.967
EUA,12,Miscellaneous Goods and Services,2016-11-01,109.36
EUA,12,Miscellaneous Goods and Services,2016-12-01,109.545
EUA,12,Miscellaneous Goods and Services,2017-01-01,110.076
EUA,12,Miscellaneous Goods and Services,2017-02-01,110.567
EUA,12,Miscellaneous Goods and Services,2017-03-01,110.825
EUA,12,Miscellaneous Goods and Services,2017-04-01,110.871
EUA,12,Miscellaneous Goods and Services,2017-05-01,111.076
EUA,12,Miscellaneous Goods and Services,2017-06-01,111.461
EUA,12,Miscellaneous Goods and Services,2017-07-01,111.68
EUA,12,Miscellaneous Goods and Services,2017-08-01,112.076
EUA,12,Miscellaneous Goods and Services,2017-09-01,112.34
EUA,12,Miscellaneous Goods and Services,2017-10-01,112.787
EUA,12,Miscellaneous Goods and Services,2017-11-01,113.075
EUA,12,Miscellaneous Goods and Services,2017-12-01,113.184
EUA,12,Miscellaneous Goods and Services,2018-01-01,114.082
EUA,12,Miscellaneous Goods and Services,2018-02-01,114.996
EUA,12,Miscellaneous Goods and Services,2018-03-01,115.21
EUA,12,Miscellaneous Goods and Services,2018-04-01,115.351
EUA,12,Miscellaneous Goods and Services,2018-05-01,115.517
EUA,12,Miscellaneous Goods and Services,2018-06-01,115.517
EUA,12,Miscellaneous Goods and Services,2018-07-01,115.654
EUA,12,Miscellaneous Goods and Services,2018-08-01,115.594
EUA,12,Miscellaneous Goods and Services,2018-09-01,116.061
EUA,12,Miscellaneous Goods and Services,2018-10-01,116.783
EUA,12,Miscellaneous Goods and Services,2018-11-01,116.954
EUA,12,Miscellaneous Goods and Services,2018-12-01,116.96
EUA,12,Miscellaneous Goods and Services,2019-01-01,117.499
EUA,12,Miscellaneous Goods and Services,2019-02-01,117.992
EUA,12,Miscellaneous Goods and Services,2019-03-01,118.007
EUA,12,Miscellaneous Goods and Services,2019-04-01,118.196
EUA,12,Miscellaneous Goods and Services,2019-05-01,118.391
EUA,12,Miscellaneous Goods and Services,2019-06-01,118.784
EUA,12,Miscellaneous Goods and Services,2019-07-01,119.283
EUA,12,Miscellaneous Goods and Services,2019-08-01,119.681
EUA,12,Miscellaneous Goods and Services,2019-09-01,119.983
EUA,12,Miscellaneous Goods and Services,2019-10-01,120.85
EUA,12,Miscellaneous Goods and Services,2019-11-01,121.096
EUA,12,Miscellaneous Goods and Services,2019-12-01,121.205
EUA,12,Miscellaneous Goods and Services,2020-01-01,122.048
EUA,12,Miscellaneous Goods and Services,2020-02-01,122.888
EUA,12,Miscellaneous Goods and Services,2020-03-01,123.308
EUA,12,Miscellaneous Goods and Services,2020-04-01,120.858
EUA,12,Miscellaneous Goods and Services,2020-05-01,118.241
EUA,12,Miscellaneous Goods and Services,2020-06-01,120.055
EUA,12,Miscellaneous Goods and Services,2020-07-01,123.342
EUA,12,Miscellaneous Goods and Services,2020-08-01,123.718
EUA,12,Miscellaneous Goods and Services,2020-09-01,122.324
EUA,12,Miscellaneous Goods and Services,2020-10-01,121.444
EUA,12,Miscellaneous Goods and Services,2020-11-01,121.407
EUA,12,Miscellaneous Goods and Services,2020-12-01,121.704
EUA,12,Miscellaneous Goods and Services,2021-01-01,122.341
EUA,12,Miscellaneous Goods and Services,2021-02-01,122.827
EUA,12,Miscellaneous Goods and Services,2021-03-01,123.342
EUA,12,Miscellaneous Goods and Services,2021-04-01,123.398
EUA,12,Miscellaneous Goods and Services,2021-05-01,123.207
EUA,12,Miscellaneous Goods and Services,2021-06-01,123.015
EUA,12,Miscellaneous Goods and Services,2021-07-01,123.131
EUA,12,Miscellaneous Goods and Services,2021-08-01,123.149
EUA,12,Miscellaneous Goods and Services,2021-09-01,122.977
EUA,12,Miscellaneous Goods and Services,2021-10-01,123.467
EUA,12,Miscellaneous Goods and Services,2021-11-01,123.79
EUA,12,Miscellaneous Goods and Services,2021-12-01,124.317
EUA,12,Miscellaneous Goods and Services,2022-01-01,125.943
EUA,12,Miscellaneous Goods and Services,2022-02-01,127.543
EUA,12,Miscellaneous Goods and Services,2022-03-01,128.64
EUA,12,Miscellaneous Goods and Services,2022-04-01,129.328
EUA,12,Miscellaneous Goods and Services,2022-05-01,129.989
EUA,12,Miscellaneous Goods and Services,2022-06-01,131.395
EUA,12,Miscellaneous Goods and Services,2022-07-01,132.57
EUA,12,Miscellaneous Goods and Services,2022-08-01,133.868
EUA,12,Miscellaneous Goods and Services,2022-09-01,135.286
EUA,12,Miscellaneous Goods and Services,2022-10-01,135.644
EUA,12,Miscellaneous Goods and Services,2022-11-01,135.586
EUA,12,Miscellaneous Goods and Services,2022-12-01,135.268
EUA,12,Miscellaneous Goods and Services,2023-01-01,136.326
EUA,12,Miscellaneous Goods and Services,2023-02-01,136.949
EUA,12,Miscellaneous Goods and Services,2023-03-01,137.355
EUA,12,Miscellaneous Goods and Services,2023-04-01,137.838
EUA,12,Miscellaneous Goods and Services,2023-05-01,138.446
EUA,12,Miscellaneous Goods and Services,2023-06-01,138.932
EUA,12,Miscellaneous Goods and Services,2023-07-01,139.531
EUA,12,Miscellaneous Goods and Services,2023-08-01,140.527
EUA,12,Miscellaneous Goods and Services,2023-09-01,141.156
EUA,12,Miscellaneous Goods and Services,2023-10-01,142.789
EUA,12,Miscellaneous Goods and Services,2023-11-01,143.296
EUA,12,Miscellaneous Goods and Services,2023-12-01,144.347
EUA,12,Miscellaneous Goods and Services,2024-01-01,146.55
EUA,12,Miscellaneous Goods and Services,2024-02-01,147.34
EUA,12,Miscellaneous Goods and Services,2024-03-01,149.836
EUA,12,Miscellaneous Goods and Services,2024-04-01,150.999
EUA,12,Miscellaneous Goods and Services,2024-05-01,150.67
EUA,12,Miscellaneous Goods and Services,2024-06-01,151.682
EUA,12,Miscellaneous Goods and Services,2024-07-01,152.281
EUA,12,Miscellaneous Goods and Services,2024-08-01,152.574
EUA,12,Miscellaneous Goods and Services,2024-09-01,153.732
EUA,12,Miscellaneous Goods and Services,2024-10-01,153.909
EUA,12,Miscellaneous Goods and Services,2024-11-01,153.851
EUA,12,Miscellaneous Goods and Services,2024-12-01,153.749
EUA,12.1.1,Hairdressing Salons and Personal Grooming Establishments,2013-12-01,100.0
EUA,12.1.1,Hairdressing Salons and Personal Grooming Establishments,2014-01-01,99.983
EUA,12.1.1,Hairdressing Salons and Personal Grooming Establishments,2014-02-01,100.0
EUA,12.1.1,Hairdressing Salons and Personal Grooming Establishments,2014-03-01,100.15
EUA,12.1.1,Hairdressing Salons and Personal Grooming Establishments,2014-04-01,100.132
EUA,12.1.1,Hairdressing Salons and Personal Grooming Establishments,2014-05-01,100.37
EUA,12.1.1,Hairdressing Salons and Personal Grooming Establishments,2014-06-01,100.445
EUA,12.1.1,Hairdressing Salons and Personal Grooming Establishments,2014-07-01,100.54
EUA,12.1.1,Hairdressing Salons and Personal Grooming Establishments,2014-08-01,100.654
EUA,12.1.1,Hairdressing Salons and Personal Grooming Establishments,2014-09-01,100.615
EUA,12.1.1,Hairdressing Salons and Personal Grooming Establishments,2014-10-01,100.989
EUA,12.1.1,Hairdressing Salons and Personal Grooming Establishments,2014-11-01,101.042
EUA,12.1.1,Hairdressing Salons and Personal Grooming Establishments,2014-12-01,101.51
EUA,12.1.1,Hairdressing Salons and Personal Grooming Establishments,2015-01-01,101.427
EUA,12.1.1,Hairdressing Salons and Personal Grooming Establishments,2015-02-01,100.73
EUA,12.1.1,Hairdressing Salons and Personal Grooming Establishments,2015-03-01,101.365
EUA,12.1.1,Hairdressing Salons and Personal Grooming Establishments,2015-04-01,101.462
EUA,12.1.1,Hairdressing Salons and Personal Grooming Establishments,2015-05-01,101.7
EUA,12.1.1,Hairdressing Salons and Personal Grooming Establishments,2015-06-01,103.3
EUA,12.1.1,Hairdressing Salons and Personal Grooming Establishments,2015-07-01,103.406
EUA,12.1.1,Hairdressing Salons and Personal Grooming Establishments,2015-08-01,103.359
EUA,12.1.1,Hairdressing Salons and Personal Grooming Establishments,2015-09-01,103.639
EUA,12.1.1,Hairdressing Salons and Personal Grooming Establishments,2015-10-01,103.72
EUA,12.1.1,Hairdressing Salons and Personal Grooming Establishments,2015-11-01,104.142
EUA,12.1.1,Hairdressing Salons and Personal Grooming Establishments,2015-12-01,103.948
EUA,12.1.1,Hairdressing Salons and Personal Grooming Establishments,2016-01-01,104.205
EUA,12.1.1,Hairdressing Salons and Personal Grooming Establishments,2016-02-01,104.32
EUA,12.1.1,Hairdressing Salons and Personal Grooming Establishments,2016-03-01,104.536
EUA,12.1.1,Hairdressing Salons and Personal Grooming Establishments,2016-04-01,104.717
EUA,12.1.1,Hairdressing Salons and Personal Grooming Establishments,2016-05-01,104.991
EUA,12.1.1,Hairdressing Salons and Personal Grooming Establishments,2016-06-01,104.992
EUA,12.1.1,Hairdressing Salons and Personal Grooming Establishments,2016-07-01,105.02
EUA,12.1.1,Hairdressing Salons and Personal Grooming Establishments,2016-08-01,105.275
EUA,12.1.1,Hairdressing Salons and Personal Grooming Establishments,2016-09-01,105.407
EUA,12.1.1,Hairdressing Salons and Personal Grooming Establishments,2016-10-01,105.476
EUA,12.1.1,Hairdressing Salons and Personal Grooming Establishments,2016-11-01,105.884
EUA,12.1.1,Hairdressing Salons and Personal Grooming Establishments,2016-12-01,105.953
EUA,12.1.1,Hairdressing Salons and Personal Grooming Establishments,2017-01-01,106.202
EUA,12.1.1,Hairdressing Salons and Personal Grooming Establishments,2017-02-01,106.263
EUA,12.1.1,Hairdressing Salons and Personal Grooming Establishments,2017-03-01,106.557
EUA,12.1.1,Hairdressing Salons and Personal Grooming Establishments,2017-04-01,106.624
EUA,12.1.1,Hairdressing Salons and Personal Grooming Establishments,2017-05-01,106.598
EUA,12.1.1,Hairdressing Salons and Personal Grooming Establishments,2017-06-01,106.562
EUA,12.1.1,Hairdressing Salons and Personal Grooming Establishments,2017-07-01,106.996
EUA,12.1.1,Hairdressing Salons and Personal Grooming Establishments,2017-08-01,107.504
EUA,12.1.1,Hairdressing Salons and Personal Grooming Establishments,2017-09-01,107.385
EUA,12.1.1,Hairdressing Salons and Personal Grooming Establishments,2017-10-01,107.488
EUA,12.1.1,Hairdressing Salons and Personal Grooming Establishments,2017-11-01,107.333
EUA,12.1.1,Hairdressing Salons and Personal Grooming Establishments,2017-12-01,107.568
EUA,12.1.1,Hairdressing Salons and Personal Grooming Establishments,2018-01-01,108.079
EUA,12.1.1,Hairdressing Salons and Personal Grooming Establishments,2018-02-01,108.253
EUA,12.1.1,Hairdressing Salons and Personal Grooming Establishments,2018-03-01,108.613
EUA,12.1.1,Hairdressing Salons and Personal Grooming Establishments,2018-04-01,109.084
EUA,12.1.1,Hairdressing Salons and Personal Grooming Establishments,2018-05-01,109.299
EUA,12.1.1,Hairdressing Salons and Personal Grooming Establishments,2018-06-01,110.15
EUA,12.1.1,Hairdressing Salons and Personal Grooming Establishments,2018-07-01,110.209
EUA,12.1.1,Hairdressing Salons and Personal Grooming Establishments,2018-08-01,110.113
EUA,12.1.1,Hairdressing Salons and Personal Grooming Establishments,2018-09-01,110.21
EUA,12.1.1,Hairdressing Salons and Personal Grooming Establishments,2018-10-01,110.822
EUA,12.1.1,Hairdressing Salons and Personal Grooming Establishments,2018-11-01,110.932
EUA,12.1.1,Hairdressing Salons and Personal Grooming Establishments,2018-12-01,111.431
EUA,12.1.1,Hairdressing Salons and Personal Grooming Establishments,2019-01-01,111.569
EUA,12.1.1,Hairdressing Salons and Personal Grooming Establishments,2019-02-01,111.879
EUA,12.1.1,Hairdressing Salons and Personal Grooming Establishments,2019-03-01,112.029
EUA,12.1.1,Hairdressing Salons and Personal Grooming Establishments,2019-04-01,111.944
EUA,12.1.1,Hairdressing Salons and Personal Grooming Establishments,2019-05-01,111.931
EUA,12.1.1,Hairdressing Salons and Personal Grooming Establishments,2019-06-01,112.144
EUA,12.1.1,Hairdressing Salons and Personal Grooming Establishments,2019-07-01,112.707
EUA,12.1.1,Hairdressing Salons and Personal Grooming Establishments,2019-08-01,113.159
EUA,12.1.1,Hairdressing Salons and Personal Grooming Establishments,2019-09-01,113.267
EUA,12.1.1,Hairdressing Salons and Personal Grooming Establishments,2019-10-01,113.591
EUA,12.1.1,Hairdressing Salons and Personal Grooming Establishments,2019-11-01,114.113
EUA,12.1.1,Hairdressing Salons and Personal Grooming Establishments,2019-12-01,114.437
EUA,12.1.1,Hairdressing Salons and Personal Grooming Establishments,2020-01-01,115.218
EUA,12.1.1,Hairdressing Salons and Personal Grooming Establishments,2020-02-01,115.582
EUA,12.1.1,Hairdressing Salons and Personal Grooming Establishments,2020-03-01,115.676
EUA,12.1.1,Hairdressing Salons and Personal Grooming Establishments,2020-04-01,115.676
EUA,12.1.1,Hairdressing Salons and Personal Grooming Establishments,2020-05-01,115.861
EUA,12.1.1,Hairdressing Salons and Personal Grooming Establishments,2020-06-01,117.165
EUA,12.1.1,Hairdressing Salons and Personal Grooming Establishments,2020-07-01,118.975
EUA,12.1.1,Hairdressing Salons and Personal Grooming Establishments,2020-08-01,118.644
EUA,12.1.1,Hairdressing Salons and Personal Grooming Establishments,2020-09-01,118.98
EUA,12.1.1,Hairdressing Salons and Personal Grooming Establishments,2020-10-01,119.466
EUA,12.1.1,Hairdressing Salons and Personal Grooming Establishments,2020-11-01,119.618
EUA,12.1.1,Hairdressing Salons and Personal Grooming Establishments,2020-12-01,120.835
EUA,12.1.1,Hairdressing Salons and Personal Grooming Establishments,2021-01-01,121.728
EUA,12.1.1,Hairdressing Salons and Personal Grooming Establishments,2021-02-01,122.025
EUA,12.1.1,Hairdressing Salons and Personal Grooming Establishments,2021-03-01,122.546
EUA,12.1.1,Hairdressing Salons and Personal Grooming Establishments,2021-04-01,122.542
EUA,12.1.1,Hairdressing Salons and Personal Grooming Establishments,2021-05-01,121.826
EUA,12.1.1,Hairdressing Salons and Personal Grooming Establishments,2021-06-01,122.101
EUA,12.1.1,Hairdressing Salons and Personal Grooming Establishments,2021-07-01,124.74
EUA,12.1.1,Hairdressing Salons and Personal Grooming Establishments,2021-08-01,125.434
EUA,12.1.1,Hairdressing Salons and Personal Grooming Establishments,2021-09-01,124.98
EUA,12.1.1,Hairdressing Salons and Personal Grooming Establishments,2021-10-01,124.616
EUA,12.1.1,Hairdressing Salons and Personal Grooming Establishments,2021-11-01,124.903
EUA,12.1.1,Hairdressing Salons and Personal Grooming Establishments,2021-12-01,125.875
EUA,12.1.1,Hairdressing Salons and Personal Grooming Establishments,2022-01-01,127.419
EUA,12.1.1,Hairdressing Salons and Personal Grooming Establishments,2022-02-01,128.817
EUA,12.1.1,Hairdressing Salons and Personal Grooming Establishments,2022-03-01,128.243
EUA,12.1.1,Hairdressing Salons and Personal Grooming Establishments,2022-04-01,128.764
EUA,12.1.1,Hairdressing Salons and Personal Grooming Establishments,2022-05-01,129.39
EUA,12.1.1,Hairdressing Salons and Personal Grooming Establishments,2022-06-01,129.833
EUA,12.1.1,Hairdressing Salons and Personal Grooming Establishments,2022-07-01,130.117
EUA,12.1.1,Hairdressing Salons and Personal Grooming Establishments,2022-08-01,130.974
EUA,12.1.1,Hairdressing Salons and Personal Grooming Establishments,2022-09-01,131.334
EUA,12.1.1,Hairdressing Salons and Personal Grooming Establishments,2022-10-01,131.586
EUA,12.1.1,Hairdressing Salons and Personal Grooming Establishments,2022-11-01,133.416
EUA,12.1.1,Hairdressing Salons and Personal Grooming Establishments,2022-12-01,133.779
EUA,12.1.1,Hairdressing Salons and Personal Grooming Establishments,2023-01-01,134.069
EUA,12.1.1,Hairdressing Salons and Personal Grooming Establishments,2023-02-01,134.939
EUA,12.1.1,Hairdressing Salons and Personal Grooming Establishments,2023-03-01,135.142
EUA,12.1.1,Hairdressing Salons and Personal Grooming Establishments,2023-04-01,135.567
EUA,12.1.1,Hairdressing Salons and Personal Grooming Establishments,2023-05-01,135.786
EUA,12.1.1,Hairdressing Salons and Personal Grooming Establishments,2023-06-01,136.274
EUA,12.1.1,Hairdressing Salons and Personal Grooming Establishments,2023-07-01,137.055
EUA,12.1.1,Hairdressing Salons and Personal Grooming Establishments,2023-08-01,137.619
EUA,12.1.1,Hairdressing Salons and Personal Grooming Establishments,2023-09-01,137.624
EUA,12.1.1,Hairdressing Salons and Personal Grooming Establishments,2023-10-01,138.224
EUA,12.1.1,Hairdressing Salons and Personal Grooming Establishments,2023-11-01,138.676
EUA,12.1.1,Hairdressing Salons and Personal Grooming Establishments,2023-12-01,138.792
EUA,12.1.1,Hairdressing Salons and Personal Grooming Establishments,2024-01-01,139.719
EUA,12.1.1,Hairdressing Salons and Personal Grooming Establishments,2024-02-01,140.151
EUA,12.1.1,Hairdressing Salons and Personal Grooming Establishments,2024-03-01,140.237
EUA,12.1.1,Hairdressing Salons and Personal Grooming Establishments,2024-04-01,141.936
EUA,12.1.1,Hairdressing Salons and Personal Grooming Establishments,2024-05-01,142.267
EUA,12.1.1,Hairdressing Salons and Personal Grooming Establishments,2024-06-01,143.121
EUA,12.1.1,Hairdressing Salons and Personal Grooming Establishments,2024-07-01,143.251
EUA,12.1.1,Hairdressing Salons and Personal Grooming Establishments,2024-08-01,144.083
EUA,12.1.1,Hairdressing Salons and Personal Grooming Establishments,2024-09-01,144.189
EUA,12.1.1,Hairdressing Salons and Personal Grooming Establishments,2024-10-01,144.495
EUA,12.1.1,Hairdressing Salons and Personal Grooming Establishments,2024-11-01,145.366
EUA,12.1.1,Hairdressing Salons and Personal Grooming Establishments,2024-12-01,145.414
EUA,12.1.2,Electric Appliances for Personal Care,2013-12-01,100.0
EUA,12.1.2,Electric Appliances for Personal Care,2014-01-01,100.367
EUA,12.1.2,Electric Appliances for Personal Care,2014-02-01,100.355
EUA,12.1.2,Electric Appliances for Personal Care,2014-03-01,100.661
EUA,12.1.2,Electric Appliances for Personal Care,2014-04-01,100.086
EUA,12.1.2,Electric Appliances for Personal Care,2014-05-01,99.059
EUA,12.1.2,Electric Appliances for Personal Care,2014-06-01,99.385
EUA,12.1.2,Electric Appliances for Personal Care,2014-07-01,100.09
EUA,12.1.2,Electric Appliances for Personal Care,2014-08-01,100.519
EUA,12.1.2,Electric Appliances for Personal Care,2014-09-01,100.896
EUA,12.1.2,Electric Appliances for Personal Care,2014-10-01,100.441
EUA,12.1.2,Electric Appliances for Personal Care,2014-11-01,99.875
EUA,12.1.2,Electric Appliances for Personal Care,2014-12-01,99.666
EUA,12.1.2,Electric Appliances for Personal Care,2015-01-01,100.877
EUA,12.1.2,Electric Appliances for Personal Care,2015-02-01,101.489
EUA,12.1.2,Electric Appliances for Personal Care,2015-03-01,101.488
EUA,12.1.2,Electric Appliances for Personal Care,2015-04-01,100.94
EUA,12.1.2,Electric Appliances for Personal Care,2015-05-01,100.942
EUA,12.1.2,Electric Appliances for Personal Care,2015-06-01,100.213
EUA,12.1.2,Electric Appliances for Personal Care,2015-07-01,100.225
EUA,12.1.2,Electric Appliances for Personal Care,2015-08-01,99.564
EUA,12.1.2,Electric Appliances for Personal Care,2015-09-01,99.822
EUA,12.1.2,Electric Appliances for Personal Care,2015-10-01,100.118
EUA,12.1.2,Electric Appliances for Personal Care,2015-11-01,99.93
EUA,12.1.2,Electric Appliances for Personal Care,2015-12-01,99.714
EUA,12.1.2,Electric Appliances for Personal Care,2016-01-01,99.852
EUA,12.1.2,Electric Appliances for Personal Care,2016-02-01,100.612
EUA,12.1.2,Electric Appliances for Personal Care,2016-03-01,100.326
EUA,12.1.2,Electric Appliances for Personal Care,2016-04-01,100.512
EUA,12.1.2,Electric Appliances for Personal Care,2016-05-01,99.789
EUA,12.1.2,Electric Appliances for Personal Care,2016-06-01,99.49
EUA,12.1.2,Electric Appliances for Personal Care,2016-07-01,99.844
EUA,12.1.2,Electric Appliances for Personal Care,2016-08-01,99.691
EUA,12.1.2,Electric Appliances for Personal Care,2016-09-01,99.888
EUA,12.1.2,Electric Appliances for Personal Care,2016-10-01,99.57
EUA,12.1.2,Electric Appliances for Personal Care,2016-11-01,99.287
EUA,12.1.2,Electric Appliances for Personal Care,2016-12-01,99.288
EUA,12.1.2,Electric Appliances for Personal Care,2017-01-01,99.41
EUA,12.1.2,Electric Appliances for Personal Care,2017-02-01,100.149
EUA,12.1.2,Electric Appliances for Personal Care,2017-03-01,99.949
EUA,12.1.2,Electric Appliances for Personal Care,2017-04-01,99.055
EUA,12.1.2,Electric Appliances for Personal Care,2017-05-01,98.832
EUA,12.1.2,Electric Appliances for Personal Care,2017-06-01,99.338
EUA,12.1.2,Electric Appliances for Personal Care,2017-07-01,99.172
EUA,12.1.2,Electric Appliances for Personal Care,2017-08-01,98.04
EUA,12.1.2,Electric Appliances for Personal Care,2017-09-01,99.154
EUA,12.1.2,Electric Appliances for Personal Care,2017-10-01,99.283
EUA,12.1.2,Electric Appliances for Personal Care,2017-11-01,98.639
EUA,12.1.2,Electric Appliances for Personal Care,2017-12-01,98.394
EUA,12.1.2,Electric Appliances for Personal Care,2018-01-01,98.882
EUA,12.1.2,Electric Appliances for Personal Care,2018-02-01,99.438
EUA,12.1.2,Electric Appliances for Personal Care,2018-03-01,99.39
EUA,12.1.2,Electric Appliances for Personal Care,2018-04-01,98.776
EUA,12.1.2,Electric Appliances for Personal Care,2018-05-01,98.668
EUA,12.1.2,Electric Appliances for Personal Care,2018-06-01,98.732
EUA,12.1.2,Electric Appliances for Personal Care,2018-07-01,98.841
EUA,12.1.2,Electric Appliances for Personal Care,2018-08-01,99.298
EUA,12.1.2,Electric Appliances for Personal Care,2018-09-01,99.593
EUA,12.1.2,Electric Appliances for Personal Care,2018-10-01,99.425
EUA,12.1.2,Electric Appliances for Personal Care,2018-11-01,99.144
EUA,12.1.2,Electric Appliances for Personal Care,2018-12-01,99.257
EUA,12.1.2,Electric Appliances for Personal Care,2019-01-01,99.784
EUA,12.1.2,Electric Appliances for Personal Care,2019-02-01,99.605
EUA,12.1.2,Electric Appliances for Personal Care,2019-03-01,99.188
EUA,12.1.2,Electric Appliances for Personal Care,2019-04-01,99.764
EUA,12.1.2,Electric Appliances for Personal Care,2019-05-01,99.966
EUA,12.1.2,Electric Appliances for Personal Care,2019-06-01,99.475
EUA,12.1.2,Electric Appliances for Personal Care,2019-07-01,100.063
EUA,12.1.2,Electric Appliances for Personal Care,2019-08-01,99.665
EUA,12.1.2,Electric Appliances for Personal Care,2019-09-01,99.342
EUA,12.1.2,Electric Appliances for Personal Care,2019-10-01,100.124
EUA,12.1.2,Electric Appliances for Personal Care,2019-11-01,100.516
EUA,12.1.2,Electric Appliances for Personal Care,2019-12-01,99.928
EUA,12.1.3,"Other Appliances, Articles and Products for Personal Care",2013-12-01,100.0
EUA,12.1.3,"Other Appliances, Articles and Products for Personal Care",2014-01-01,100.073
EUA,12.1.3,"Other Appliances, Articles and Products for Personal Care",2014-02-01,100.239
EUA,12.1.3,"Other Appliances, Articles and Products for Personal Care",2014-03-01,100.501
EUA,12.1.3,"Other Appliances, Articles and Products for Personal Care",2014-04-01,100.683
EUA,12.1.3,"Other Appliances, Articles and Products for Personal Care",2014-05-01,100.377
EUA,12.1.3,"Other Appliances, Articles and Products for Personal Care",2014-06-01,100.229
EUA,12.1.3,"Other Appliances, Articles and Products for Personal Care",2014-07-01,100.642
EUA,12.1.3,"Other Appliances, Articles and Products for Personal Care",2014-08-01,100.949
EUA,12.1.3,"Other Appliances, Articles and Products for Personal Care",2014-09-01,101.306
EUA,12.1.3,"Other Appliances, Articles and Products for Personal Care",2014-10-01,101.381
EUA,12.1.3,"Other Appliances, Articles and Products for Personal Care",2014-11-01,100.605
EUA,12.1.3,"Other Appliances, Articles and Products for Personal Care",2014-12-01,100.337
EUA,12.1.3,"Other Appliances, Articles and Products for Personal Care",2015-01-01,101.348
EUA,12.1.3,"Other Appliances, Articles and Products for Personal Care",2015-02-01,101.091
EUA,12.1.3,"Other Appliances, Articles and Products for Personal Care",2015-03-01,101.008
EUA,12.1.3,"Other Appliances, Articles and Products for Personal Care",2015-04-01,100.694
EUA,12.1.3,"Other Appliances, Articles and Products for Personal Care",2015-05-01,100.439
EUA,12.1.3,"Other Appliances, Articles and Products for Personal Care",2015-06-01,100.1
EUA,12.1.3,"Other Appliances, Articles and Products for Personal Care",2015-07-01,99.986
EUA,12.1.3,"Other Appliances, Articles and Products for Personal Care",2015-08-01,100.043
EUA,12.1.3,"Other Appliances, Articles and Products for Personal Care",2015-09-01,100.508
EUA,12.1.3,"Other Appliances, Articles and Products for Personal Care",2015-10-01,101.022
EUA,12.1.3,"Other Appliances, Articles and Products for Personal Care",2015-11-01,100.912
EUA,12.1.3,"Other Appliances, Articles and Products for Personal Care",2015-12-01,100.418
EUA,12.1.3,"Other Appliances, Articles and Products for Personal Care",2016-01-01,100.456
EUA,12.1.3,"Other Appliances, Articles and Products for Personal Care",2016-02-01,100.822
EUA,12.1.3,"Other Appliances, Articles and Products for Personal Care",2016-03-01,100.719
EUA,12.1.3,"Other Appliances, Articles and Products for Personal Care",2016-04-01,100.51
EUA,12.1.3,"Other Appliances, Articles and Products for Personal Care",2016-05-01,100.305
EUA,12.1.3,"Other Appliances, Articles and Products for Personal Care",2016-06-01,99.66
EUA,12.1.3,"Other Appliances, Articles and Products for Personal Care",2016-07-01,100.033
EUA,12.1.3,"Other Appliances, Articles and Products for Personal Care",2016-08-01,100.47
EUA,12.1.3,"Other Appliances, Articles and Products for Personal Care",2016-09-01,100.4
EUA,12.1.3,"Other Appliances, Articles and Products for Personal Care",2016-10-01,100.121
EUA,12.1.3,"Other Appliances, Articles and Products for Personal Care",2016-11-01,99.883
EUA,12.1.3,"Other Appliances, Articles and Products for Personal Care",2016-12-01,99.97
EUA,12.1.3,"Other Appliances, Articles and Products for Personal Care",2017-01-01,99.717
EUA,12.1.3,"Other Appliances, Articles and Products for Personal Care",2017-02-01,99.909
EUA,12.1.3,"Other Appliances, Articles and Products for Personal Care",2017-03-01,99.284
EUA,12.1.3,"Other Appliances, Articles and Products for Personal Care",2017-04-01,99.608
EUA,12.1.3,"Other Appliances, Articles and Products for Personal Care",2017-05-01,98.967
EUA,12.1.3,"Other Appliances, Articles and Products for Personal Care",2017-06-01,99.147
EUA,12.1.3,"Other Appliances, Articles and Products for Personal Care",2017-07-01,99.114
EUA,12.1.3,"Other Appliances, Articles and Products for Personal Care",2017-08-01,98.735
EUA,12.1.3,"Other Appliances, Articles and Products for Personal Care",2017-09-01,99.792
EUA,12.1.3,"Other Appliances, Articles and Products for Personal Care",2017-10-01,99.75
EUA,12.1.3,"Other Appliances, Articles and Products for Personal Care",2017-11-01,99.833
EUA,12.1.3,"Other Appliances, Articles and Products for Personal Care",2017-12-01,99.236
EUA,12.1.3,"Other Appliances, Articles and Products for Personal Care",2018-01-01,99.532
EUA,12.1.3,"Other Appliances, Articles and Products for Personal Care",2018-02-01,99.746
EUA,12.1.3,"Other Appliances, Articles and Products for Personal Care",2018-03-01,99.877
EUA,12.1.3,"Other Appliances, Articles and Products for Personal Care",2018-04-01,99.953
EUA,12.1.3,"Other Appliances, Articles and Products for Personal Care",2018-05-01,99.92
EUA,12.1.3,"Other Appliances, Articles and Products for Personal Care",2018-06-01,99.518
EUA,12.1.3,"Other Appliances, Articles and Products for Personal Care",2018-07-01,99.448
EUA,12.1.3,"Other Appliances, Articles and Products for Personal Care",2018-08-01,99.419
EUA,12.1.3,"Other Appliances, Articles and Products for Personal Care",2018-09-01,99.8
EUA,12.1.3,"Other Appliances, Articles and Products for Personal Care",2018-10-01,99.669
EUA,12.1.3,"Other Appliances, Articles and Products for Personal Care",2018-11-01,99.327
EUA,12.1.3,"Other Appliances, Articles and Products for Personal Care",2018-12-01,99.258
EUA,12.1.3,"Other Appliances, Articles and Products for Personal Care",2019-01-01,99.378
EUA,12.1.3,"Other Appliances, Articles and Products for Personal Care",2019-02-01,99.292
EUA,12.1.3,"Other Appliances, Articles and Products for Personal Care",2019-03-01,98.991
EUA,12.1.3,"Other Appliances, Articles and Products for Personal Care",2019-04-01,99.364
EUA,12.1.3,"Other Appliances, Articles and Products for Personal Care",2019-05-01,99.185
EUA,12.1.3,"Other Appliances, Articles and Products for Personal Care",2019-06-01,98.719
EUA,12.1.3,"Other Appliances, Articles and Products for Personal Care",2019-07-01,99.154
EUA,12.1.3,"Other Appliances, Articles and Products for Personal Care",2019-08-01,99.274
EUA,12.1.3,"Other Appliances, Articles and Products for Personal Care",2019-09-01,99.162
EUA,12.1.3,"Other Appliances, Articles and Products for Personal Care",2019-10-01,99.297
EUA,12.1.3,"Other Appliances, Articles and Products for Personal Care",2019-11-01,99.209
EUA,12.1.3,"Other Appliances, Articles and Products for Personal Care",2019-12-01,98.071
EUA,12.1.3,"Other Appliances, Articles and Products for Personal Care",2020-01-01,98.101
EUA,12.1.3,"Other Appliances, Articles and Products for Personal Care",2020-02-01,99.178
EUA,12.1.3,"Other Appliances, Articles and Products for Personal Care",2020-03-01,98.837
EUA,12.1.3,"Other Appliances, Articles and Products for Personal Care",2020-04-01,98.497
EUA,12.1.3,"Other Appliances, Articles and Products for Personal Care",2020-05-01,98.123
EUA,12.1.3,"Other Appliances, Articles and Products for Personal Care",2020-06-01,97.863
EUA,12.1.3,"Other Appliances, Articles and Products for Personal Care",2020-07-01,98.397
EUA,12.1.3,"Other Appliances, Articles and Products for Personal Care",2020-08-01,98.575
EUA,12.1.3,"Other Appliances, Articles and Products for Personal Care",2020-09-01,98.234
EUA,12.1.3,"Other Appliances, Articles and Products for Personal Care",2020-10-01,97.927
EUA,12.1.3,"Other Appliances, Articles and Products for Personal Care",2020-11-01,98.061
EUA,12.1.3,"Other Appliances, Articles and Products for Personal Care",2020-12-01,97.424
EUA,12.1.3,"Other Appliances, Articles and Products for Personal Care",2021-01-01,97.907
EUA,12.1.3,"Other Appliances, Articles and Products for Personal Care",2021-02-01,98.165
EUA,12.1.3,"Other Appliances, Articles and Products for Personal Care",2021-03-01,97.957
EUA,12.1.3,"Other Appliances, Articles and Products for Personal Care",2021-04-01,98.319
EUA,12.1.3,"Other Appliances, Articles and Products for Personal Care",2021-05-01,98.003
EUA,12.1.3,"Other Appliances, Articles and Products for Personal Care",2021-06-01,97.806
EUA,12.1.3,"Other Appliances, Articles and Products for Personal Care",2021-07-01,97.679
EUA,12.1.3,"Other Appliances, Articles and Products for Personal Care",2021-08-01,98.276
EUA,12.1.3,"Other Appliances, Articles and Products for Personal Care",2021-09-01,98.361
EUA,12.1.3,"Other Appliances, Articles and Products for Personal Care",2021-10-01,98.594
EUA,12.1.3,"Other Appliances, Articles and Products for Personal Care",2021-11-01,98.11
EUA,12.1.3,"Other Appliances, Articles and Products for Personal Care",2021-12-01,97.821
EUA,12.1.3,"Other Appliances, Articles and Products for Personal Care",2022-01-01,98.628
EUA,12.1.3,"Other Appliances, Articles and Products for Personal Care",2022-02-01,99.564
EUA,12.1.3,"Other Appliances, Articles and Products for Personal Care",2022-03-01,100.519
EUA,12.1.3,"Other Appliances, Articles and Products for Personal Care",2022-04-01,100.729
EUA,12.1.3,"Other Appliances, Articles and Products for Personal Care",2022-05-01,101.109
EUA,12.1.3,"Other Appliances, Articles and Products for Personal Care",2022-06-01,101.787
EUA,12.1.3,"Other Appliances, Articles and Products for Personal Care",2022-07-01,102.674
EUA,12.1.3,"Other Appliances, Articles and Products for Personal Care",2022-08-01,104.285
EUA,12.1.3,"Other Appliances, Articles and Products for Personal Care",2022-09-01,104.73
EUA,12.1.3,"Other Appliances, Articles and Products for Personal Care",2022-10-01,104.946
EUA,12.1.3,"Other Appliances, Articles and Products for Personal Care",2022-11-01,105.139
EUA,12.1.3,"Other Appliances, Articles and Products for Personal Care",2022-12-01,104.974
EUA,12.1.3,"Other Appliances, Articles and Products for Personal Care",2023-01-01,105.455
EUA,12.1.3,"Other Appliances, Articles and Products for Personal Care",2023-02-01,106.072
EUA,12.1.3,"Other Appliances, Articles and Products for Personal Care",2023-03-01,106.871
EUA,12.1.3,"Other Appliances, Articles and Products for Personal Care",2023-04-01,107.401
EUA,12.1.3,"Other Appliances, Articles and Products for Personal Care",2023-05-01,108.431
EUA,12.1.3,"Other Appliances, Articles and Products for Personal Care",2023-06-01,108.679
EUA,12.1.3,"Other Appliances, Articles and Products for Personal Care",2023-07-01,109.154
EUA,12.1.3,"Other Appliances, Articles and Products for Personal Care",2023-08-01,109.401
EUA,12.1.3,"Other Appliances, Articles and Products for Personal Care",2023-09-01,109.847
EUA,12.1.3,"Other Appliances, Articles and Products for Personal Care",2023-10-01,110.241
EUA,12.1.3,"Other Appliances, Articles and Products for Personal Care",2023-11-01,109.47
EUA,12.1.3,"Other Appliances, Articles and Products for Personal Care",2023-12-01,108.259
EUA,12.1.3,"Other Appliances, Articles and Products for Personal Care",2024-01-01,108.798
EUA,12.1.3,"Other Appliances, Articles and Products for Personal Care",2024-02-01,110.211
EUA,12.1.3,"Other Appliances, Articles and Products for Personal Care",2024-03-01,110.379
EUA,12.1.3,"Other Appliances, Articles and Products for Personal Care",2024-04-01,110.052
EUA,12.1.3,"Other Appliances, Articles and Products for Personal Care",2024-05-01,109.723
EUA,12.1.3,"Other Appliances, Articles and Products for Personal Care",2024-06-01,109.556
EUA,12.1.3,"Other Appliances, Articles and Products for Personal Care",2024-07-01,109.716
EUA,12.1.3,"Other Appliances, Articles and Products for Personal Care",2024-08-01,109.522
EUA,12.1.3,"Other Appliances, Articles and Products for Personal Care",2024-09-01,109.936
EUA,12.1.3,"Other Appliances, Articles and Products for Personal Care",2024-10-01,110.165
EUA,12.1.3,"Other Appliances, Articles and Products for Personal Care",2024-11-01,109.923
EUA,12.1.3,"Other Appliances, Articles and Products for Personal Care",2024-12-01,108.759
EUA,12.3.1,"Jewellery, Clocks, and Watches",2013-12-01,100.0
EUA,12.3.1,"Jewellery, Clocks, and Watches",2014-01-01,99.36
EUA,12.3.1,"Jewellery, Clocks, and Watches",2014-02-01,98.871
EUA,12.3.1,"Jewellery, Clocks, and Watches",2014-03-01,98.462
EUA,12.3.1,"Jewellery, Clocks, and Watches",2014-04-01,98.501
EUA,12.3.1,"Jewellery, Clocks, and Watches",2014-05-01,98.671
EUA,12.3.1,"Jewellery, Clocks, and Watches",2014-06-01,98.667
EUA,12.3.1,"Jewellery, Clocks, and Watches",2014-07-01,99.064
EUA,12.3.1,"Jewellery, Clocks, and Watches",2014-08-01,98.246
EUA,12.3.1,"Jewellery, Clocks, and Watches",2014-09-01,97.516
EUA,12.3.1,"Jewellery, Clocks, and Watches",2014-10-01,98.303
EUA,12.3.1,"Jewellery, Clocks, and Watches",2014-11-01,96.898
EUA,12.3.1,"Jewellery, Clocks, and Watches",2014-12-01,95.58
EUA,12.3.1,"Jewellery, Clocks, and Watches",2015-01-01,96.212
EUA,12.3.1,"Jewellery, Clocks, and Watches",2015-02-01,96.131
EUA,12.3.1,"Jewellery, Clocks, and Watches",2015-03-01,95.763
EUA,12.3.1,"Jewellery, Clocks, and Watches",2015-04-01,96.017
EUA,12.3.1,"Jewellery, Clocks, and Watches",2015-05-01,95.556
EUA,12.3.1,"Jewellery, Clocks, and Watches",2015-06-01,94.845
EUA,12.3.1,"Jewellery, Clocks, and Watches",2015-07-01,94.91
EUA,12.3.1,"Jewellery, Clocks, and Watches",2015-08-01,94.055
EUA,12.3.1,"Jewellery, Clocks, and Watches",2015-09-01,94.587
EUA,12.3.1,"Jewellery, Clocks, and Watches",2015-10-01,94.901
EUA,12.3.1,"Jewellery, Clocks, and Watches",2015-11-01,92.445
EUA,12.3.1,"Jewellery, Clocks, and Watches",2015-12-01,92.531
EUA,12.3.1,"Jewellery, Clocks, and Watches",2016-01-01,93.039
EUA,12.3.1,"Jewellery, Clocks, and Watches",2016-02-01,92.999
EUA,12.3.1,"Jewellery, Clocks, and Watches",2016-03-01,92.613
EUA,12.3.1,"Jewellery, Clocks, and Watches",2016-04-01,93.308
EUA,12.3.1,"Jewellery, Clocks, and Watches",2016-05-01,92.732
EUA,12.3.1,"Jewellery, Clocks, and Watches",2016-06-01,91.584
EUA,12.3.1,"Jewellery, Clocks, and Watches",2016-07-01,91.431
EUA,12.3.1,"Jewellery, Clocks, and Watches",2016-08-01,91.036
EUA,12.3.1,"Jewellery, Clocks, and Watches",2016-09-01,90.743
EUA,12.3.1,"Jewellery, Clocks, and Watches",2016-10-01,90.004
EUA,12.3.1,"Jewellery, Clocks, and Watches",2016-11-01,88.734
EUA,12.3.1,"Jewellery, Clocks, and Watches",2016-12-01,88.895
EUA,12.3.1,"Jewellery, Clocks, and Watches",2017-01-01,90.048
EUA,12.3.1,"Jewellery, Clocks, and Watches",2017-02-01,89.408
EUA,12.3.1,"Jewellery, Clocks, and Watches",2017-03-01,89.096
EUA,12.3.1,"Jewellery, Clocks, and Watches",2017-04-01,86.669
EUA,12.3.1,"Jewellery, Clocks, and Watches",2017-05-01,86.479
EUA,12.3.1,"Jewellery, Clocks, and Watches",2017-06-01,87.728
EUA,12.3.1,"Jewellery, Clocks, and Watches",2017-07-01,84.108
EUA,12.3.1,"Jewellery, Clocks, and Watches",2017-08-01,81.914
EUA,12.3.1,"Jewellery, Clocks, and Watches",2017-09-01,81.239
EUA,12.3.1,"Jewellery, Clocks, and Watches",2017-10-01,81.206
EUA,12.3.1,"Jewellery, Clocks, and Watches",2017-11-01,82.37
EUA,12.3.1,"Jewellery, Clocks, and Watches",2017-12-01,82.509
EUA,12.3.1,"Jewellery, Clocks, and Watches",2018-01-01,82.054
EUA,12.3.1,"Jewellery, Clocks, and Watches",2018-02-01,81.975
EUA,12.3.1,"Jewellery, Clocks, and Watches",2018-03-01,81.692
EUA,12.3.1,"Jewellery, Clocks, and Watches",2018-04-01,81.174
EUA,12.3.1,"Jewellery, Clocks, and Watches",2018-05-01,79.22
EUA,12.3.1,"Jewellery, Clocks, and Watches",2018-06-01,79.159
EUA,12.3.1,"Jewellery, Clocks, and Watches",2018-07-01,79.479
EUA,12.3.1,"Jewellery, Clocks, and Watches",2018-08-01,78.743
EUA,12.3.1,"Jewellery, Clocks, and Watches",2018-09-01,77.875
EUA,12.3.1,"Jewellery, Clocks, and Watches",2018-10-01,79.14
EUA,12.3.1,"Jewellery, Clocks, and Watches",2018-11-01,81.066
EUA,12.3.1,"Jewellery, Clocks, and Watches",2018-12-01,78.893
EUA,12.3.1,"Jewellery, Clocks, and Watches",2019-01-01,79.895
EUA,12.3.1,"Jewellery, Clocks, and Watches",2019-02-01,81.519
EUA,12.3.1,"Jewellery, Clocks, and Watches",2019-03-01,80.856
EUA,12.3.1,"Jewellery, Clocks, and Watches",2019-04-01,79.645
EUA,12.3.1,"Jewellery, Clocks, and Watches",2019-05-01,80.249
EUA,12.3.1,"Jewellery, Clocks, and Watches",2019-06-01,79.241
EUA,12.3.1,"Jewellery, Clocks, and Watches",2019-07-01,78.6
EUA,12.3.1,"Jewellery, Clocks, and Watches",2019-08-01,79.173
EUA,12.3.1,"Jewellery, Clocks, and Watches",2019-09-01,78.786
EUA,12.3.1,"Jewellery, Clocks, and Watches",2019-10-01,80.469
EUA,12.3.1,"Jewellery, Clocks, and Watches",2019-11-01,80.755
EUA,12.3.1,"Jewellery, Clocks, and Watches",2019-12-01,78.931
EUA,12.3.1,"Jewellery, Clocks, and Watches",2020-01-01,79.161
EUA,12.3.1,"Jewellery, Clocks, and Watches",2020-02-01,78.968
EUA,12.3.1,"Jewellery, Clocks, and Watches",2020-03-01,78.895
EUA,12.3.1,"Jewellery, Clocks, and Watches",2020-04-01,80.852
EUA,12.3.1,"Jewellery, Clocks, and Watches",2020-05-01,80.59
EUA,12.3.1,"Jewellery, Clocks, and Watches",2020-06-01,80.315
EUA,12.3.1,"Jewellery, Clocks, and Watches",2020-07-01,80.387
EUA,12.3.1,"Jewellery, Clocks, and Watches",2020-08-01,81.471
EUA,12.3.1,"Jewellery, Clocks, and Watches",2020-09-01,81.245
EUA,12.3.1,"Jewellery, Clocks, and Watches",2020-10-01,80.325
EUA,12.3.1,"Jewellery, Clocks, and Watches",2020-11-01,80.85
EUA,12.3.1,"Jewellery, Clocks, and Watches",2020-12-01,80.553
EUA,12.3.1,"Jewellery, Clocks, and Watches",2021-01-01,81.907
EUA,12.3.1,"Jewellery, Clocks, and Watches",2021-02-01,82.261
EUA,12.3.1,"Jewellery, Clocks, and Watches",2021-03-01,82.032
EUA,12.3.1,"Jewellery, Clocks, and Watches",2021-04-01,82.467
EUA,12.3.1,"Jewellery, Clocks, and Watches",2021-05-01,82.381
EUA,12.3.1,"Jewellery, Clocks, and Watches",2021-06-01,81.905
EUA,12.3.1,"Jewellery, Clocks, and Watches",2021-07-01,81.308
EUA,12.3.1,"Jewellery, Clocks, and Watches",2021-08-01,81.173
EUA,12.3.1,"Jewellery, Clocks, and Watches",2021-09-01,81.858
EUA,12.3.1,"Jewellery, Clocks, and Watches",2021-10-01,83.148
EUA,12.3.1,"Jewellery, Clocks, and Watches",2021-11-01,83.99
EUA,12.3.1,"Jewellery, Clocks, and Watches",2021-12-01,85.135
EUA,12.3.1,"Jewellery, Clocks, and Watches",2022-01-01,87.039
EUA,12.3.1,"Jewellery, Clocks, and Watches",2022-02-01,89.945
EUA,12.3.1,"Jewellery, Clocks, and Watches",2022-03-01,91.883
EUA,12.3.1,"Jewellery, Clocks, and Watches",2022-04-01,91.14
EUA,12.3.1,"Jewellery, Clocks, and Watches",2022-05-01,87.895
EUA,12.3.1,"Jewellery, Clocks, and Watches",2022-06-01,88.431
EUA,12.3.1,"Jewellery, Clocks, and Watches",2022-07-01,88.386
EUA,12.3.1,"Jewellery, Clocks, and Watches",2022-08-01,88.457
EUA,12.3.1,"Jewellery, Clocks, and Watches",2022-09-01,90.5
EUA,12.3.1,"Jewellery, Clocks, and Watches",2022-10-01,90.992
EUA,12.3.1,"Jewellery, Clocks, and Watches",2022-11-01,90.049
EUA,12.3.1,"Jewellery, Clocks, and Watches",2022-12-01,88.337
EUA,12.3.1,"Jewellery, Clocks, and Watches",2023-01-01,89.542
EUA,12.3.1,"Jewellery, Clocks, and Watches",2023-02-01,90.622
EUA,12.3.1,"Jewellery, Clocks, and Watches",2023-03-01,90.803
EUA,12.3.1,"Jewellery, Clocks, and Watches",2023-04-01,91.559
EUA,12.3.1,"Jewellery, Clocks, and Watches",2023-05-01,91.134
EUA,12.3.1,"Jewellery, Clocks, and Watches",2023-06-01,90.408
EUA,12.3.1,"Jewellery, Clocks, and Watches",2023-07-01,91.041
EUA,12.3.1,"Jewellery, Clocks, and Watches",2023-08-01,91.578
EUA,12.3.1,"Jewellery, Clocks, and Watches",2023-09-01,91.723
EUA,12.3.1,"Jewellery, Clocks, and Watches",2023-10-01,90.946
EUA,12.3.1,"Jewellery, Clocks, and Watches",2023-11-01,88.742
EUA,12.3.1,"Jewellery, Clocks, and Watches",2023-12-01,88.55
EUA,12.3.1,"Jewellery, Clocks, and Watches",2024-01-01,89.074
EUA,12.3.1,"Jewellery, Clocks, and Watches",2024-02-01,89.343
EUA,12.3.1,"Jewellery, Clocks, and Watches",2024-03-01,89.312
EUA,12.3.1,"Jewellery, Clocks, and Watches",2024-04-01,90.314
EUA,12.3.1,"Jewellery, Clocks, and Watches",2024-05-01,89.814
EUA,12.3.1,"Jewellery, Clocks, and Watches",2024-06-01,89.891
EUA,12.3.1,"Jewellery, Clocks, and Watches",2024-07-01,90.98
EUA,12.3.1,"Jewellery, Clocks, and Watches",2024-08-01,90.76
EUA,12.3.1,"Jewellery, Clocks, and Watches",2024-09-01,89.782
EUA,12.3.1,"Jewellery, Clocks, and Watches",2024-10-01,89.524
EUA,12.3.1,"Jewellery, Clocks, and Watches",2024-11-01,89.413
EUA,12.3.1,"Jewellery, Clocks, and Watches",2024-12-01,89.075
EUA,12.3.2,Other Personal Effects,2013-12-01,100.0
EUA,12.3.2,Other Personal Effects,2014-01-01,100.566
EUA,12.3.2,Other Personal Effects,2014-02-01,100.423
EUA,12.3.2,Other Personal Effects,2014-03-01,100.887
EUA,12.3.2,Other Personal Effects,2014-04-01,100.695
EUA,12.3.2,Other Personal Effects,2014-05-01,100.595
EUA,12.3.2,Other Personal Effects,2014-06-01,101.168
EUA,12.3.2,Other Personal Effects,2014-07-01,101.56
EUA,12.3.2,Other Personal Effects,2014-08-01,101.487
EUA,12.3.2,Other Personal Effects,2014-09-01,101.628
EUA,12.3.2,Other Personal Effects,2014-10-01,101.391
EUA,12.3.2,Other Personal Effects,2014-11-01,99.687
EUA,12.3.2,Other Personal Effects,2014-12-01,97.987
EUA,12.3.2,Other Personal Effects,2015-01-01,99.247
EUA,12.3.2,Other Personal Effects,2015-02-01,99.256
EUA,12.3.2,Other Personal Effects,2015-03-01,99.705
EUA,12.3.2,Other Personal Effects,2015-04-01,99.333
EUA,12.3.2,Other Personal Effects,2015-05-01,98.767
EUA,12.3.2,Other Personal Effects,2015-06-01,99.541
EUA,12.3.2,Other Personal Effects,2015-07-01,100.281
EUA,12.3.2,Other Personal Effects,2015-08-01,99.977
EUA,12.3.2,Other Personal Effects,2015-09-01,100.333
EUA,12.3.2,Other Personal Effects,2015-10-01,100.368
EUA,12.3.2,Other Personal Effects,2015-11-01,98.464
EUA,12.3.2,Other Personal Effects,2015-12-01,97.817
EUA,12.3.2,Other Personal Effects,2016-01-01,99.927
EUA,12.3.2,Other Personal Effects,2016-02-01,102.844
EUA,12.3.2,Other Personal Effects,2016-03-01,101.399
EUA,12.3.2,Other Personal Effects,2016-04-01,101.328
EUA,12.3.2,Other Personal Effects,2016-05-01,103.073
EUA,12.3.2,Other Personal Effects,2016-06-01,102.962
EUA,12.3.2,Other Personal Effects,2016-07-01,102.758
EUA,12.3.2,Other Personal Effects,2016-08-01,103.403
EUA,12.3.2,Other Personal Effects,2016-09-01,103.393
EUA,12.3.2,Other Personal Effects,2016-10-01,103.625
EUA,12.3.2,Other Personal Effects,2016-11-01,101.877
EUA,12.3.2,Other Personal Effects,2016-12-01,99.977
EUA,12.3.2,Other Personal Effects,2017-01-01,102.277
EUA,12.3.2,Other Personal Effects,2017-02-01,104.02
EUA,12.3.2,Other Personal Effects,2017-03-01,103.312
EUA,12.3.2,Other Personal Effects,2017-04-01,105.225
EUA,12.3.2,Other Personal Effects,2017-05-01,104.259
EUA,12.3.2,Other Personal Effects,2017-06-01,103.552
EUA,12.3.2,Other Personal Effects,2017-07-01,103.976
EUA,12.3.2,Other Personal Effects,2017-08-01,104.63
EUA,12.3.2,Other Personal Effects,2017-09-01,105.431
EUA,12.3.2,Other Personal Effects,2017-10-01,106.338
EUA,12.3.2,Other Personal Effects,2017-11-01,104.062
EUA,12.3.2,Other Personal Effects,2017-12-01,101.41
EUA,12.3.2,Other Personal Effects,2018-01-01,103.431
EUA,12.3.2,Other Personal Effects,2018-02-01,105.041
EUA,12.3.2,Other Personal Effects,2018-03-01,105.284
EUA,12.3.2,Other Personal Effects,2018-04-01,104.99
EUA,12.3.2,Other Personal Effects,2018-05-01,104.707
EUA,12.3.2,Other Personal Effects,2018-06-01,102.874
EUA,12.3.2,Other Personal Effects,2018-07-01,104.158
EUA,12.3.2,Other Personal Effects,2018-08-01,103.593
EUA,12.3.2,Other Personal Effects,2018-09-01,103.623
EUA,12.3.2,Other Personal Effects,2018-10-01,104.384
EUA,12.3.2,Other Personal Effects,2018-11-01,101.495
EUA,12.3.2,Other Personal Effects,2018-12-01,98.988
EUA,12.3.2,Other Personal Effects,2019-01-01,101.849
EUA,12.3.2,Other Personal Effects,2019-02-01,101.486
EUA,12.3.2,Other Personal Effects,2019-03-01,101.896
EUA,12.3.2,Other Personal Effects,2019-04-01,103.397
EUA,12.3.2,Other Personal Effects,2019-05-01,103.532
EUA,12.3.2,Other Personal Effects,2019-06-01,105.228
EUA,12.3.2,Other Personal Effects,2019-07-01,104.837
EUA,12.3.2,Other Personal Effects,2019-08-01,103.932
EUA,12.3.2,Other Personal Effects,2019-09-01,103.536
EUA,12.3.2,Other Personal Effects,2019-10-01,104.52
EUA,12.3.2,Other Personal Effects,2019-11-01,102.976
EUA,12.3.2,Other Personal Effects,2019-12-01,100.058
EUA,12.3.2,Other Personal Effects,2020-01-01,104.203
EUA,12.3.2,Other Personal Effects,2020-02-01,104.691
EUA,12.3.2,Other Personal Effects,2020-03-01,104.091
EUA,12.3.2,Other Personal Effects,2020-04-01,102.218
EUA,12.3.2,Other Personal Effects,2020-05-01,100.8
EUA,12.3.2,Other Personal Effects,2020-06-01,101.347
EUA,12.3.2,Other Personal Effects,2020-07-01,102.11
EUA,12.3.2,Other Personal Effects,2020-08-01,101.74
EUA,12.3.2,Other Personal Effects,2020-09-01,103.357
EUA,12.3.2,Other Personal Effects,2020-10-01,102.789
EUA,12.3.2,Other Personal Effects,2020-11-01,100.975
EUA,12.3.2,Other Personal Effects,2020-12-01,100.081
EUA,12.3.2,Other Personal Effects,2021-01-01,104.595
EUA,12.3.2,Other Personal Effects,2021-02-01,103.754
EUA,12.3.2,Other Personal Effects,2021-03-01,106.304
EUA,12.3.2,Other Personal Effects,2021-04-01,106.979
EUA,12.3.2,Other Personal Effects,2021-05-01,108.029
EUA,12.3.2,Other Personal Effects,2021-06-01,107.809
EUA,12.3.2,Other Personal Effects,2021-07-01,108.502
EUA,12.3.2,Other Personal Effects,2021-08-01,109.617
EUA,12.3.2,Other Personal Effects,2021-09-01,108.599
EUA,12.3.2,Other Personal Effects,2021-10-01,108.025
EUA,12.3.2,Other Personal Effects,2021-11-01,105.236
EUA,12.3.2,Other Personal Effects,2021-12-01,105.827
EUA,12.3.2,Other Personal Effects,2022-01-01,110.865
EUA,12.3.2,Other Personal Effects,2022-02-01,110.695
EUA,12.3.2,Other Personal Effects,2022-03-01,111.479
EUA,12.3.2,Other Personal Effects,2022-04-01,110.543
EUA,12.3.2,Other Personal Effects,2022-05-01,112.034
EUA,12.3.2,Other Personal Effects,2022-06-01,112.179
EUA,12.3.2,Other Personal Effects,2022-07-01,112.018
EUA,12.3.2,Other Personal Effects,2022-08-01,112.365
EUA,12.3.2,Other Personal Effects,2022-09-01,114.426
EUA,12.3.2,Other Personal Effects,2022-10-01,113.953
EUA,12.3.2,Other Personal Effects,2022-11-01,113.292
EUA,12.3.2,Other Personal Effects,2022-12-01,113.319
EUA,12.3.2,Other Personal Effects,2023-01-01,119.103
EUA,12.3.2,Other Personal Effects,2023-02-01,119.289
EUA,12.3.2,Other Personal Effects,2023-03-01,119.915
EUA,12.3.2,Other Personal Effects,2023-04-01,118.936
EUA,12.3.2,Other Personal Effects,2023-05-01,118.343
EUA,12.3.2,Other Personal Effects,2023-06-01,118.948
EUA,12.3.2,Other Personal Effects,2023-07-01,119.622
EUA,12.3.2,Other Personal Effects,2023-08-01,118.207
EUA,12.3.2,Other Personal Effects,2023-09-01,117.888
EUA,12.3.2,Other Personal Effects,2023-10-01,117.527
EUA,12.3.2,Other Personal Effects,2023-11-01,114.645
EUA,12.3.2,Other Personal Effects,2023-12-01,115.177
EUA,12.3.2,Other Personal Effects,2024-01-01,120.055
EUA,12.3.2,Other Personal Effects,2024-02-01,116.328
EUA,12.3.2,Other Personal Effects,2024-03-01,118.719
EUA,12.3.2,Other Personal Effects,2024-04-01,118.728
EUA,12.3.2,Other Personal Effects,2024-05-01,118.307
EUA,12.3.2,Other Personal Effects,2024-06-01,121.496
EUA,12.3.2,Other Personal Effects,2024-07-01,120.889
EUA,12.3.2,Other Personal Effects,2024-08-01,119.807
EUA,12.3.2,Other Personal Effects,2024-09-01,123.37
EUA,12.3.2,Other Personal Effects,2024-10-01,120.112
EUA,12.3.2,Other Personal Effects,2024-11-01,117.543
EUA,12.3.2,Other Personal Effects,2024-12-01,117.249
EUA,12.4.0,Social Protection,2013-12-01,100.0
EUA,12.4.0,Social Protection,2014-01-01,100.203
EUA,12.4.0,Social Protection,2014-02-01,101.135
EUA,12.4.0,Social Protection,2014-03-01,101.559
EUA,12.4.0,Social Protection,2014-04-01,101.468
EUA,12.4.0,Social Protection,2014-05-01,101.522
EUA,12.4.0,Social Protection,2014-06-01,101.52
EUA,12.4.0,Social Protection,2014-07-01,101.579
EUA,12.4.0,Social Protection,2014-08-01,101.406
EUA,12.4.0,Social Protection,2014-09-01,101.514
EUA,12.4.0,Social Protection,2014-10-01,101.423
EUA,12.4.0,Social Protection,2014-11-01,101.582
EUA,12.4.0,Social Protection,2014-12-01,101.939
EUA,12.4.0,Social Protection,2015-01-01,102.214
EUA,12.4.0,Social Protection,2015-02-01,101.683
EUA,12.4.0,Social Protection,2015-03-01,101.875
EUA,12.4.0,Social Protection,2015-04-01,101.889
EUA,12.4.0,Social Protection,2015-05-01,102.54
EUA,12.4.0,Social Protection,2015-06-01,102.712
EUA,12.4.0,Social Protection,2015-07-01,102.764
EUA,12.4.0,Social Protection,2015-08-01,102.898
EUA,12.4.0,Social Protection,2015-09-01,103.06
EUA,12.4.0,Social Protection,2015-10-01,103.194
EUA,12.4.0,Social Protection,2015-11-01,103.445
EUA,12.4.0,Social Protection,2015-12-01,103.911
EUA,12.4.0,Social Protection,2016-01-01,104.466
EUA,12.4.0,Social Protection,2016-02-01,104.946
EUA,12.4.0,Social Protection,2016-03-01,104.727
EUA,12.4.0,Social Protection,2016-04-01,104.841
EUA,12.4.0,Social Protection,2016-05-01,104.888
EUA,12.4.0,Social Protection,2016-06-01,105.193
EUA,12.4.0,Social Protection,2016-07-01,105.262
EUA,12.4.0,Social Protection,2016-08-01,105.177
EUA,12.4.0,Social Protection,2016-09-01,105.399
EUA,12.4.0,Social Protection,2016-10-01,105.812
EUA,12.4.0,Social Protection,2016-11-01,105.541
EUA,12.4.0,Social Protection,2016-12-01,105.687
EUA,12.4.0,Social Protection,2017-01-01,104.392
EUA,12.4.0,Social Protection,2017-02-01,105.4
EUA,12.4.0,Social Protection,2017-03-01,105.049
EUA,12.4.0,Social Protection,2017-04-01,105.044
EUA,12.4.0,Social Protection,2017-05-01,105.169
EUA,12.4.0,Social Protection,2017-06-01,104.644
EUA,12.4.0,Social Protection,2017-07-01,104.712
EUA,12.4.0,Social Protection,2017-08-01,104.617
EUA,12.4.0,Social Protection,2017-09-01,104.671
EUA,12.4.0,Social Protection,2017-10-01,104.875
EUA,12.4.0,Social Protection,2017-11-01,104.947
EUA,12.4.0,Social Protection,2017-12-01,104.67
EUA,12.4.0,Social Protection,2018-01-01,105.122
EUA,12.4.0,Social Protection,2018-02-01,105.919
EUA,12.4.0,Social Protection,2018-03-01,106.029
EUA,12.4.0,Social Protection,2018-04-01,105.668
EUA,12.4.0,Social Protection,2018-05-01,105.512
EUA,12.4.0,Social Protection,2018-06-01,105.654
EUA,12.4.0,Social Protection,2018-07-01,106.199
EUA,12.4.0,Social Protection,2018-08-01,107.16
EUA,12.4.0,Social Protection,2018-09-01,107.428
EUA,12.4.0,Social Protection,2018-10-01,107.524
EUA,12.4.0,Social Protection,2018-11-01,107.771
EUA,12.4.0,Social Protection,2018-12-01,107.739
EUA,12.4.0,Social Protection,2019-01-01,108.362
EUA,12.4.0,Social Protection,2019-02-01,108.992
EUA,12.4.0,Social Protection,2019-03-01,109.204
EUA,12.4.0,Social Protection,2019-04-01,109.44
EUA,12.4.0,Social Protection,2019-05-01,109.518
EUA,12.4.0,Social Protection,2019-06-01,109.686
EUA,12.4.0,Social Protection,2019-07-01,109.788
EUA,12.4.0,Social Protection,2019-08-01,109.917
EUA,12.4.0,Social Protection,2019-09-01,109.973
EUA,12.4.0,Social Protection,2019-10-01,110.226
EUA,12.4.0,Social Protection,2019-11-01,110.013
EUA,12.4.0,Social Protection,2019-12-01,110.143
EUA,12.4.0,Social Protection,2020-01-01,110.537
EUA,12.4.0,Social Protection,2020-02-01,111.172
EUA,12.4.0,Social Protection,2020-03-01,112.086
EUA,12.4.0,Social Protection,2020-04-01,112.233
EUA,12.4.0,Social Protection,2020-05-01,112.335
EUA,12.4.0,Social Protection,2020-06-01,112.441
EUA,12.4.0,Social Protection,2020-07-01,112.529
EUA,12.4.0,Social Protection,2020-08-01,113.309
EUA,12.4.0,Social Protection,2020-09-01,113.683
EUA,12.4.0,Social Protection,2020-10-01,114.994
EUA,12.4.0,Social Protection,2020-11-01,115.302
EUA,12.4.0,Social Protection,2020-12-01,115.355
EUA,12.4.0,Social Protection,2021-01-01,116.013
EUA,12.4.0,Social Protection,2021-02-01,116.537
EUA,12.4.0,Social Protection,2021-03-01,116.958
EUA,12.4.0,Social Protection,2021-04-01,118.62
EUA,12.4.0,Social Protection,2021-05-01,118.731
EUA,12.4.0,Social Protection,2021-06-01,119.098
EUA,12.4.0,Social Protection,2021-07-01,119.152
EUA,12.4.0,Social Protection,2021-08-01,119.225
EUA,12.4.0,Social Protection,2021-09-01,119.712
EUA,12.4.0,Social Protection,2021-10-01,120.04
EUA,12.4.0,Social Protection,2021-11-01,119.916
EUA,12.4.0,Social Protection,2021-12-01,119.029
EUA,12.4.0,Social Protection,2022-01-01,119.572
EUA,12.4.0,Social Protection,2022-02-01,120.383
EUA,12.4.0,Social Protection,2022-03-01,122.588
EUA,12.4.0,Social Protection,2022-04-01,123.222
EUA,12.4.0,Social Protection,2022-05-01,123.271
EUA,12.4.0,Social Protection,2022-06-01,123.447
EUA,12.4.0,Social Protection,2022-07-01,125.347
EUA,12.4.0,Social Protection,2022-08-01,125.309
EUA,12.4.0,Social Protection,2022-09-01,125.42
EUA,12.4.0,Social Protection,2022-10-01,126.013
EUA,12.4.0,Social Protection,2022-11-01,126.068
EUA,12.4.0,Social Protection,2022-12-01,126.282
EUA,12.4.0,Social Protection,2023-01-01,128.311
EUA,12.4.0,Social Protection,2023-02-01,128.942
EUA,12.4.0,Social Protection,2023-03-01,130.242
EUA,12.4.0,Social Protection,2023-04-01,130.805
EUA,12.4.0,Social Protection,2023-05-01,130.647
EUA,12.4.0,Social Protection,2023-06-01,130.609
EUA,12.4.0,Social Protection,2023-07-01,131.276
EUA,12.4.0,Social Protection,2023-08-01,133.978
EUA,12.4.0,Social Protection,2023-09-01,133.971
EUA,12.4.0,Social Protection,2023-10-01,134.701
EUA,12.4.0,Social Protection,2023-11-01,134.207
EUA,12.4.0,Social Protection,2023-12-01,134.726
EUA,12.4.0,Social Protection,2024-01-01,137.168
EUA,12.4.0,Social Protection,2024-02-01,139.344
EUA,12.4.0,Social Protection,2024-03-01,143.163
EUA,12.4.0,Social Protection,2024-04-01,143.477
EUA,12.4.0,Social Protection,2024-05-01,141.988
EUA,12.4.0,Social Protection,2024-06-01,142.116
EUA,12.4.0,Social Protection,2024-07-01,141.905
EUA,12.4.0,Social Protection,2024-08-01,142.098
EUA,12.4.0,Social Protection,2024-09-01,143.509
EUA,12.4.0,Social Protection,2024-10-01,143.458
EUA,12.4.0,Social Protection,2024-11-01,144.135
EUA,12.4.0,Social Protection,2024-12-01,144.423
EUA,12.5.2,Insurance Connected with the Dwelling,2013-12-01,100.0
EUA,12.5.2,Insurance Connected with the Dwelling,2014-01-01,100.625
EUA,12.5.2,Insurance Connected with the Dwelling,2014-02-01,101.056
EUA,12.5.2,Insurance Connected with the Dwelling,2014-03-01,102.111
EUA,12.5.2,Insurance Connected with the Dwelling,2014-04-01,102.013
EUA,12.5.2,Insurance Connected with the Dwelling,2014-05-01,103.243
EUA,12.5.2,Insurance Connected with the Dwelling,2014-06-01,103.078
EUA,12.5.2,Insurance Connected with the Dwelling,2014-07-01,103.948
EUA,12.5.2,Insurance Connected with the Dwelling,2014-08-01,104.303
EUA,12.5.2,Insurance Connected with the Dwelling,2014-09-01,104.6
EUA,12.5.2,Insurance Connected with the Dwelling,2014-10-01,104.495
EUA,12.5.2,Insurance Connected with the Dwelling,2014-11-01,104.607
EUA,12.5.2,Insurance Connected with the Dwelling,2014-12-01,105.563
EUA,12.5.2,Insurance Connected with the Dwelling,2015-01-01,106.271
EUA,12.5.2,Insurance Connected with the Dwelling,2015-02-01,106.271
EUA,12.5.2,Insurance Connected with the Dwelling,2015-03-01,106.16
EUA,12.5.2,Insurance Connected with the Dwelling,2015-04-01,106.561
EUA,12.5.2,Insurance Connected with the Dwelling,2015-05-01,106.578
EUA,12.5.2,Insurance Connected with the Dwelling,2015-06-01,106.295
EUA,12.5.2,Insurance Connected with the Dwelling,2015-07-01,106.566
EUA,12.5.2,Insurance Connected with the Dwelling,2015-08-01,106.555
EUA,12.5.2,Insurance Connected with the Dwelling,2015-09-01,106.694
EUA,12.5.2,Insurance Connected with the Dwelling,2015-10-01,106.728
EUA,12.5.2,Insurance Connected with the Dwelling,2015-11-01,107.059
EUA,12.5.2,Insurance Connected with the Dwelling,2015-12-01,107.595
EUA,12.5.2,Insurance Connected with the Dwelling,2016-01-01,107.727
EUA,12.5.2,Insurance Connected with the Dwelling,2016-02-01,107.954
EUA,12.5.2,Insurance Connected with the Dwelling,2016-03-01,107.729
EUA,12.5.2,Insurance Connected with the Dwelling,2016-04-01,107.424
EUA,12.5.2,Insurance Connected with the Dwelling,2016-05-01,107.556
EUA,12.5.2,Insurance Connected with the Dwelling,2016-06-01,107.515
EUA,12.5.2,Insurance Connected with the Dwelling,2016-07-01,107.592
EUA,12.5.2,Insurance Connected with the Dwelling,2016-08-01,107.57
EUA,12.5.2,Insurance Connected with the Dwelling,2016-09-01,107.448
EUA,12.5.2,Insurance Connected with the Dwelling,2016-10-01,107.355
EUA,12.5.2,Insurance Connected with the Dwelling,2016-11-01,107.52
EUA,12.5.2,Insurance Connected with the Dwelling,2016-12-01,107.618
EUA,12.5.2,Insurance Connected with the Dwelling,2017-01-01,107.593
EUA,12.5.2,Insurance Connected with the Dwelling,2017-02-01,107.622
EUA,12.5.2,Insurance Connected with the Dwelling,2017-03-01,107.826
EUA,12.5.2,Insurance Connected with the Dwelling,2017-04-01,108.588
EUA,12.5.2,Insurance Connected with the Dwelling,2017-05-01,108.617
EUA,12.5.2,Insurance Connected with the Dwelling,2017-06-01,108.722
EUA,12.5.2,Insurance Connected with the Dwelling,2017-07-01,108.822
EUA,12.5.2,Insurance Connected with the Dwelling,2017-08-01,108.78
EUA,12.5.2,Insurance Connected with the Dwelling,2017-09-01,108.738
EUA,12.5.2,Insurance Connected with the Dwelling,2017-10-01,108.404
EUA,12.5.2,Insurance Connected with the Dwelling,2017-11-01,108.229
EUA,12.5.2,Insurance Connected with the Dwelling,2017-12-01,108.278
EUA,12.5.2,Insurance Connected with the Dwelling,2018-01-01,108.55
EUA,12.5.2,Insurance Connected with the Dwelling,2018-02-01,108.686
EUA,12.5.2,Insurance Connected with the Dwelling,2018-03-01,108.707
EUA,12.5.2,Insurance Connected with the Dwelling,2018-04-01,108.784
EUA,12.5.2,Insurance Connected with the Dwelling,2018-05-01,109.666
EUA,12.5.2,Insurance Connected with the Dwelling,2018-06-01,109.882
EUA,12.5.2,Insurance Connected with the Dwelling,2018-07-01,110.515
EUA,12.5.2,Insurance Connected with the Dwelling,2018-08-01,110.664
EUA,12.5.2,Insurance Connected with the Dwelling,2018-09-01,110.555
EUA,12.5.2,Insurance Connected with the Dwelling,2018-10-01,110.325
EUA,12.5.2,Insurance Connected with the Dwelling,2018-11-01,110.463
EUA,12.5.2,Insurance Connected with the Dwelling,2018-12-01,110.324
EUA,12.5.2,Insurance Connected with the Dwelling,2019-01-01,110.42
EUA,12.5.2,Insurance Connected with the Dwelling,2019-02-01,110.49
EUA,12.5.2,Insurance Connected with the Dwelling,2019-03-01,110.297
EUA,12.5.2,Insurance Connected with the Dwelling,2019-04-01,110.262
EUA,12.5.2,Insurance Connected with the Dwelling,2019-05-01,110.369
EUA,12.5.2,Insurance Connected with the Dwelling,2019-06-01,110.798
EUA,12.5.2,Insurance Connected with the Dwelling,2019-07-01,110.818
EUA,12.5.2,Insurance Connected with the Dwelling,2019-08-01,110.52
EUA,12.5.2,Insurance Connected with the Dwelling,2019-09-01,110.527
EUA,12.5.2,Insurance Connected with the Dwelling,2019-10-01,110.614
EUA,12.5.2,Insurance Connected with the Dwelling,2019-11-01,110.567
EUA,12.5.2,Insurance Connected with the Dwelling,2019-12-01,110.43
EUA,12.5.2,Insurance Connected with the Dwelling,2020-01-01,110.137
EUA,12.5.2,Insurance Connected with the Dwelling,2020-02-01,110.486
EUA,12.5.2,Insurance Connected with the Dwelling,2020-03-01,109.774
EUA,12.5.2,Insurance Connected with the Dwelling,2020-04-01,110.071
EUA,12.5.2,Insurance Connected with the Dwelling,2020-05-01,109.538
EUA,12.5.2,Insurance Connected with the Dwelling,2020-06-01,109.549
EUA,12.5.2,Insurance Connected with the Dwelling,2020-07-01,109.858
EUA,12.5.2,Insurance Connected with the Dwelling,2020-08-01,109.821
EUA,12.5.2,Insurance Connected with the Dwelling,2020-09-01,109.837
EUA,12.5.2,Insurance Connected with the Dwelling,2020-10-01,110.089
EUA,12.5.2,Insurance Connected with the Dwelling,2020-11-01,110.416
EUA,12.5.2,Insurance Connected with the Dwelling,2020-12-01,110.526
EUA,12.5.2,Insurance Connected with the Dwelling,2021-01-01,111.041
EUA,12.5.2,Insurance Connected with the Dwelling,2021-02-01,109.71
EUA,12.5.2,Insurance Connected with the Dwelling,2021-03-01,109.56
EUA,12.5.2,Insurance Connected with the Dwelling,2021-04-01,109.633
EUA,12.5.2,Insurance Connected with the Dwelling,2021-05-01,109.534
EUA,12.5.2,Insurance Connected with the Dwelling,2021-06-01,109.668
EUA,12.5.2,Insurance Connected with the Dwelling,2021-07-01,109.743
EUA,12.5.2,Insurance Connected with the Dwelling,2021-08-01,109.537
EUA,12.5.2,Insurance Connected with the Dwelling,2021-09-01,109.896
EUA,12.5.2,Insurance Connected with the Dwelling,2021-10-01,109.615
EUA,12.5.2,Insurance Connected with the Dwelling,2021-11-01,109.308
EUA,12.5.2,Insurance Connected with the Dwelling,2021-12-01,109.523
EUA,12.5.2,Insurance Connected with the Dwelling,2022-01-01,109.183
EUA,12.5.2,Insurance Connected with the Dwelling,2022-02-01,109.239
EUA,12.5.2,Insurance Connected with the Dwelling,2022-03-01,109.143
EUA,12.5.2,Insurance Connected with the Dwelling,2022-04-01,109.149
EUA,12.5.2,Insurance Connected with the Dwelling,2022-05-01,109.076
EUA,12.5.2,Insurance Connected with the Dwelling,2022-06-01,110.043
EUA,12.5.2,Insurance Connected with the Dwelling,2022-07-01,110.164
EUA,12.5.2,Insurance Connected with the Dwelling,2022-08-01,110.039
EUA,12.5.2,Insurance Connected with the Dwelling,2022-09-01,109.576
EUA,12.5.2,Insurance Connected with the Dwelling,2022-10-01,109.86
EUA,12.5.2,Insurance Connected with the Dwelling,2022-11-01,109.94
EUA,12.5.2,Insurance Connected with the Dwelling,2022-12-01,110.012
EUA,12.5.2,Insurance Connected with the Dwelling,2023-01-01,110.164
EUA,12.5.2,Insurance Connected with the Dwelling,2023-02-01,110.082
EUA,12.5.2,Insurance Connected with the Dwelling,2023-03-01,110.12
EUA,12.5.2,Insurance Connected with the Dwelling,2023-04-01,110.658
EUA,12.5.2,Insurance Connected with the Dwelling,2023-05-01,110.817
EUA,12.5.2,Insurance Connected with the Dwelling,2023-06-01,111.179
EUA,12.5.2,Insurance Connected with the Dwelling,2023-07-01,111.315
EUA,12.5.2,Insurance Connected with the Dwelling,2023-08-01,111.636
EUA,12.5.2,Insurance Connected with the Dwelling,2023-09-01,112.616
EUA,12.5.2,Insurance Connected with the Dwelling,2023-10-01,113.083
EUA,12.5.2,Insurance Connected with the Dwelling,2023-11-01,113.638
EUA,12.5.2,Insurance Connected with the Dwelling,2023-12-01,113.926
EUA,12.5.2,Insurance Connected with the Dwelling,2024-01-01,114.68
EUA,12.5.2,Insurance Connected with the Dwelling,2024-02-01,114.552
EUA,12.5.2,Insurance Connected with the Dwelling,2024-03-01,115.131
EUA,12.5.2,Insurance Connected with the Dwelling,2024-04-01,115.052
EUA,12.5.2,Insurance Connected with the Dwelling,2024-05-01,115.57
EUA,12.5.2,Insurance Connected with the Dwelling,2024-06-01,114.77
EUA,12.5.2,Insurance Connected with the Dwelling,2024-07-01,114.809
EUA,12.5.2,Insurance Connected with the Dwelling,2024-08-01,115.686
EUA,12.5.2,Insurance Connected with the Dwelling,2024-09-01,115.101
EUA,12.5.2,Insurance Connected with the Dwelling,2024-10-01,115.924
EUA,12.5.2,Insurance Connected with the Dwelling,2024-11-01,115.887
EUA,12.5.2,Insurance Connected with the Dwelling,2024-12-01,115.887
EUA,12.5.3,Insurance Connected with Health,2013-12-01,100.0
EUA,12.5.3,Insurance Connected with Health,2014-01-01,100.165
EUA,12.5.3,Insurance Connected with Health,2014-02-01,100.541
EUA,12.5.3,Insurance Connected with Health,2014-03-01,100.349
EUA,12.5.3,Insurance Connected with Health,2014-04-01,100.194
EUA,12.5.3,Insurance Connected with Health,2014-05-01,100.036
EUA,12.5.3,Insurance Connected with Health,2014-06-01,99.824
EUA,12.5.3,Insurance Connected with Health,2014-07-01,99.645
EUA,12.5.3,Insurance Connected with Health,2014-08-01,99.337
EUA,12.5.3,Insurance Connected with Health,2014-09-01,99.235
EUA,12.5.3,Insurance Connected with Health,2014-10-01,99.239
EUA,12.5.3,Insurance Connected with Health,2014-11-01,99.363
EUA,12.5.3,Insurance Connected with Health,2014-12-01,99.461
EUA,12.5.3,Insurance Connected with Health,2015-01-01,99.636
EUA,12.5.3,Insurance Connected with Health,2015-02-01,99.777
EUA,12.5.3,Insurance Connected with Health,2015-03-01,99.974
EUA,12.5.3,Insurance Connected with Health,2015-04-01,100.743
EUA,12.5.3,Insurance Connected with Health,2015-05-01,100.814
EUA,12.5.3,Insurance Connected with Health,2015-06-01,100.48
EUA,12.5.3,Insurance Connected with Health,2015-07-01,100.544
EUA,12.5.3,Insurance Connected with Health,2015-08-01,100.354
EUA,12.5.3,Insurance Connected with Health,2015-09-01,100.958
EUA,12.5.3,Insurance Connected with Health,2015-10-01,102.203
EUA,12.5.3,Insurance Connected with Health,2015-11-01,102.936
EUA,12.5.3,Insurance Connected with Health,2015-12-01,103.265
EUA,12.5.3,Insurance Connected with Health,2016-01-01,104.378
EUA,12.5.3,Insurance Connected with Health,2016-02-01,105.734
EUA,12.5.3,Insurance Connected with Health,2016-03-01,106.173
EUA,12.5.3,Insurance Connected with Health,2016-04-01,106.582
EUA,12.5.3,Insurance Connected with Health,2016-05-01,107.138
EUA,12.5.3,Insurance Connected with Health,2016-06-01,107.516
EUA,12.5.3,Insurance Connected with Health,2016-07-01,108.283
EUA,12.5.3,Insurance Connected with Health,2016-08-01,109.473
EUA,12.5.3,Insurance Connected with Health,2016-09-01,109.406
EUA,12.5.3,Insurance Connected with Health,2016-10-01,109.285
EUA,12.5.3,Insurance Connected with Health,2016-11-01,109.161
EUA,12.5.3,Insurance Connected with Health,2016-12-01,109.028
EUA,12.5.3,Insurance Connected with Health,2017-01-01,109.386
EUA,12.5.3,Insurance Connected with Health,2017-02-01,109.924
EUA,12.5.3,Insurance Connected with Health,2017-03-01,109.713
EUA,12.5.3,Insurance Connected with Health,2017-04-01,109.475
EUA,12.5.3,Insurance Connected with Health,2017-05-01,109.261
EUA,12.5.3,Insurance Connected with Health,2017-06-01,109.349
EUA,12.5.3,Insurance Connected with Health,2017-07-01,109.62
EUA,12.5.3,Insurance Connected with Health,2017-08-01,109.661
EUA,12.5.3,Insurance Connected with Health,2017-09-01,109.473
EUA,12.5.3,Insurance Connected with Health,2017-10-01,109.45
EUA,12.5.3,Insurance Connected with Health,2017-11-01,109.134
EUA,12.5.3,Insurance Connected with Health,2017-12-01,109.008
EUA,12.5.3,Insurance Connected with Health,2018-01-01,109.663
EUA,12.5.3,Insurance Connected with Health,2018-02-01,109.827
EUA,12.5.3,Insurance Connected with Health,2018-03-01,109.801
EUA,12.5.3,Insurance Connected with Health,2018-04-01,109.719
EUA,12.5.3,Insurance Connected with Health,2018-05-01,109.758
EUA,12.5.3,Insurance Connected with Health,2018-06-01,109.902
EUA,12.5.3,Insurance Connected with Health,2018-07-01,109.668
EUA,12.5.3,Insurance Connected with Health,2018-08-01,109.287
EUA,12.5.3,Insurance Connected with Health,2018-09-01,110.607
EUA,12.5.3,Insurance Connected with Health,2018-10-01,111.849
EUA,12.5.3,Insurance Connected with Health,2018-11-01,113.398
EUA,12.5.3,Insurance Connected with Health,2018-12-01,114.845
EUA,12.5.3,Insurance Connected with Health,2019-01-01,116.746
EUA,12.5.3,Insurance Connected with Health,2019-02-01,118.234
EUA,12.5.3,Insurance Connected with Health,2019-03-01,119.753
EUA,12.5.3,Insurance Connected with Health,2019-04-01,121.493
EUA,12.5.3,Insurance Connected with Health,2019-05-01,123.337
EUA,12.5.3,Insurance Connected with Health,2019-06-01,124.935
EUA,12.5.3,Insurance Connected with Health,2019-07-01,127.088
EUA,12.5.3,Insurance Connected with Health,2019-08-01,129.563
EUA,12.5.3,Insurance Connected with Health,2019-09-01,131.372
EUA,12.5.3,Insurance Connected with Health,2019-10-01,134.32
EUA,12.5.3,Insurance Connected with Health,2019-11-01,136.343
EUA,12.5.3,Insurance Connected with Health,2019-12-01,138.292
EUA,12.5.3,Insurance Connected with Health,2020-01-01,140.669
EUA,12.5.3,Insurance Connected with Health,2020-02-01,142.653
EUA,12.5.3,Insurance Connected with Health,2020-03-01,144.472
EUA,12.5.3,Insurance Connected with Health,2020-04-01,146.011
EUA,12.5.3,Insurance Connected with Health,2020-05-01,147.603
EUA,12.5.3,Insurance Connected with Health,2020-06-01,149.137
EUA,12.5.3,Insurance Connected with Health,2020-07-01,150.821
EUA,12.5.3,Insurance Connected with Health,2020-08-01,152.153
EUA,12.5.3,Insurance Connected with Health,2020-09-01,149.875
EUA,12.5.3,Insurance Connected with Health,2020-10-01,148.009
EUA,12.5.3,Insurance Connected with Health,2020-11-01,146.513
EUA,12.5.3,Insurance Connected with Health,2020-12-01,144.89
EUA,12.5.3,Insurance Connected with Health,2021-01-01,144.701
EUA,12.5.3,Insurance Connected with Health,2021-02-01,144.138
EUA,12.5.3,Insurance Connected with Health,2021-03-01,143.069
EUA,12.5.3,Insurance Connected with Health,2021-04-01,141.691
EUA,12.5.3,Insurance Connected with Health,2021-05-01,140.223
EUA,12.5.3,Insurance Connected with Health,2021-06-01,138.835
EUA,12.5.3,Insurance Connected with Health,2021-07-01,137.991
EUA,12.5.3,Insurance Connected with Health,2021-08-01,137.146
EUA,12.5.3,Insurance Connected with Health,2021-09-01,135.834
EUA,12.5.3,Insurance Connected with Health,2021-10-01,138.54
EUA,12.5.3,Insurance Connected with Health,2021-11-01,140.908
EUA,12.5.3,Insurance Connected with Health,2021-12-01,143.216
EUA,12.5.3,Insurance Connected with Health,2022-01-01,147.144
EUA,12.5.3,Insurance Connected with Health,2022-02-01,150.011
EUA,12.5.3,Insurance Connected with Health,2022-03-01,153.297
EUA,12.5.3,Insurance Connected with Health,2022-04-01,156.43
EUA,12.5.3,Insurance Connected with Health,2022-05-01,159.518
EUA,12.5.3,Insurance Connected with Health,2022-06-01,162.842
EUA,12.5.3,Insurance Connected with Health,2022-07-01,166.445
EUA,12.5.3,Insurance Connected with Health,2022-08-01,170.461
EUA,12.5.3,Insurance Connected with Health,2022-09-01,174.083
EUA,12.5.3,Insurance Connected with Health,2022-10-01,167.099
EUA,12.5.3,Insurance Connected with Health,2022-11-01,159.995
EUA,12.5.3,Insurance Connected with Health,2022-12-01,154.499
EUA,12.5.3,Insurance Connected with Health,2023-01-01,148.977
EUA,12.5.3,Insurance Connected with Health,2023-02-01,142.906
EUA,12.5.3,Insurance Connected with Health,2023-03-01,136.969
EUA,12.5.3,Insurance Connected with Health,2023-04-01,131.746
EUA,12.5.3,Insurance Connected with Health,2023-05-01,126.894
EUA,12.5.3,Insurance Connected with Health,2023-06-01,122.314
EUA,12.5.3,Insurance Connected with Health,2023-07-01,117.353
EUA,12.5.3,Insurance Connected with Health,2023-08-01,113.129
EUA,12.5.3,Insurance Connected with Health,2023-09-01,109.137
EUA,12.5.3,Insurance Connected with Health,2023-10-01,110.316
EUA,12.5.3,Insurance Connected with Health,2023-11-01,111.518
EUA,12.5.3,Insurance Connected with Health,2023-12-01,112.704
EUA,12.5.3,Insurance Connected with Health,2024-01-01,114.312
EUA,12.5.3,Insurance Connected with Health,2024-02-01,114.808
EUA,12.5.3,Insurance Connected with Health,2024-03-01,116.136
EUA,12.5.3,Insurance Connected with Health,2024-04-01,116.477
EUA,12.5.3,Insurance Connected with Health,2024-05-01,117.1
EUA,12.5.3,Insurance Connected with Health,2024-06-01,117.224
EUA,12.5.3,Insurance Connected with Health,2024-07-01,116.707
EUA,12.5.3,Insurance Connected with Health,2024-08-01,116.874
EUA,12.5.3,Insurance Connected with Health,2024-09-01,117.297
EUA,12.5.3,Insurance Connected with Health,2024-10-01,117.866
EUA,12.5.3,Insurance Connected with Health,2024-11-01,118.078
EUA,12.5.3,Insurance Connected with Health,2024-12-01,118.064
EUA,12.5.4,Insurance Connected with Transport,2013-12-01,100.0
EUA,12.5.4,Insurance Connected with Transport,2014-01-01,100.221
EUA,12.5.4,Insurance Connected with Transport,2014-02-01,100.39
EUA,12.5.4,Insurance Connected with Transport,2014-03-01,100.356
EUA,12.5.4,Insurance Connected with Transport,2014-04-01,101.044
EUA,12.5.4,Insurance Connected with Transport,2014-05-01,101.469
EUA,12.5.4,Insurance Connected with Transport,2014-06-01,101.637
EUA,12.5.4,Insurance Connected with Transport,2014-07-01,101.798
EUA,12.5.4,Insurance Connected with Transport,2014-08-01,102.041
EUA,12.5.4,Insurance Connected with Transport,2014-09-01,102.3
EUA,12.5.4,Insurance Connected with Transport,2014-10-01,103.688
EUA,12.5.4,Insurance Connected with Transport,2014-11-01,104.348
EUA,12.5.4,Insurance Connected with Transport,2014-12-01,104.736
EUA,12.5.4,Insurance Connected with Transport,2015-01-01,105.22
EUA,12.5.4,Insurance Connected with Transport,2015-02-01,105.996
EUA,12.5.4,Insurance Connected with Transport,2015-03-01,106.238
EUA,12.5.4,Insurance Connected with Transport,2015-04-01,106.516
EUA,12.5.4,Insurance Connected with Transport,2015-05-01,106.617
EUA,12.5.4,Insurance Connected with Transport,2015-06-01,106.799
EUA,12.5.4,Insurance Connected with Transport,2015-07-01,107.328
EUA,12.5.4,Insurance Connected with Transport,2015-08-01,107.563
EUA,12.5.4,Insurance Connected with Transport,2015-09-01,107.894
EUA,12.5.4,Insurance Connected with Transport,2015-10-01,108.578
EUA,12.5.4,Insurance Connected with Transport,2015-11-01,110.102
EUA,12.5.4,Insurance Connected with Transport,2015-12-01,110.676
EUA,12.5.4,Insurance Connected with Transport,2016-01-01,110.924
EUA,12.5.4,Insurance Connected with Transport,2016-02-01,111.353
EUA,12.5.4,Insurance Connected with Transport,2016-03-01,111.668
EUA,12.5.4,Insurance Connected with Transport,2016-04-01,112.876
EUA,12.5.4,Insurance Connected with Transport,2016-05-01,113.622
EUA,12.5.4,Insurance Connected with Transport,2016-06-01,113.765
EUA,12.5.4,Insurance Connected with Transport,2016-07-01,114.099
EUA,12.5.4,Insurance Connected with Transport,2016-08-01,114.562
EUA,12.5.4,Insurance Connected with Transport,2016-09-01,114.812
EUA,12.5.4,Insurance Connected with Transport,2016-10-01,115.871
EUA,12.5.4,Insurance Connected with Transport,2016-11-01,117.454
EUA,12.5.4,Insurance Connected with Transport,2016-12-01,118.422
EUA,12.5.4,Insurance Connected with Transport,2017-01-01,119.199
EUA,12.5.4,Insurance Connected with Transport,2017-02-01,119.793
EUA,12.5.4,Insurance Connected with Transport,2017-03-01,120.762
EUA,12.5.4,Insurance Connected with Transport,2017-04-01,120.432
EUA,12.5.4,Insurance Connected with Transport,2017-05-01,121.586
EUA,12.5.4,Insurance Connected with Transport,2017-06-01,122.577
EUA,12.5.4,Insurance Connected with Transport,2017-07-01,122.809
EUA,12.5.4,Insurance Connected with Transport,2017-08-01,123.863
EUA,12.5.4,Insurance Connected with Transport,2017-09-01,124.224
EUA,12.5.4,Insurance Connected with Transport,2017-10-01,125.336
EUA,12.5.4,Insurance Connected with Transport,2017-11-01,126.827
EUA,12.5.4,Insurance Connected with Transport,2017-12-01,127.752
EUA,12.5.4,Insurance Connected with Transport,2018-01-01,129.287
EUA,12.5.4,Insurance Connected with Transport,2018-02-01,131.434
EUA,12.5.4,Insurance Connected with Transport,2018-03-01,131.526
EUA,12.5.4,Insurance Connected with Transport,2018-04-01,131.29
EUA,12.5.4,Insurance Connected with Transport,2018-05-01,131.686
EUA,12.5.4,Insurance Connected with Transport,2018-06-01,131.881
EUA,12.5.4,Insurance Connected with Transport,2018-07-01,131.943
EUA,12.5.4,Insurance Connected with Transport,2018-08-01,131.841
EUA,12.5.4,Insurance Connected with Transport,2018-09-01,132.477
EUA,12.5.4,Insurance Connected with Transport,2018-10-01,133.693
EUA,12.5.4,Insurance Connected with Transport,2018-11-01,133.76
EUA,12.5.4,Insurance Connected with Transport,2018-12-01,133.64
EUA,12.5.4,Insurance Connected with Transport,2019-01-01,133.67
EUA,12.5.4,Insurance Connected with Transport,2019-02-01,134.019
EUA,12.5.4,Insurance Connected with Transport,2019-03-01,133.702
EUA,12.5.4,Insurance Connected with Transport,2019-04-01,133.096
EUA,12.5.4,Insurance Connected with Transport,2019-05-01,132.585
EUA,12.5.4,Insurance Connected with Transport,2019-06-01,132.767
EUA,12.5.4,Insurance Connected with Transport,2019-07-01,132.751
EUA,12.5.4,Insurance Connected with Transport,2019-08-01,132.742
EUA,12.5.4,Insurance Connected with Transport,2019-09-01,132.773
EUA,12.5.4,Insurance Connected with Transport,2019-10-01,133.442
EUA,12.5.4,Insurance Connected with Transport,2019-11-01,133.445
EUA,12.5.4,Insurance Connected with Transport,2019-12-01,133.676
EUA,12.5.4,Insurance Connected with Transport,2020-01-01,133.61
EUA,12.5.4,Insurance Connected with Transport,2020-02-01,134.486
EUA,12.5.4,Insurance Connected with Transport,2020-03-01,135.189
EUA,12.5.4,Insurance Connected with Transport,2020-04-01,124.779
EUA,12.5.4,Insurance Connected with Transport,2020-05-01,113.562
EUA,12.5.4,Insurance Connected with Transport,2020-06-01,119.366
EUA,12.5.4,Insurance Connected with Transport,2020-07-01,130.246
EUA,12.5.4,Insurance Connected with Transport,2020-08-01,130.794
EUA,12.5.4,Insurance Connected with Transport,2020-09-01,126.097
EUA,12.5.4,Insurance Connected with Transport,2020-10-01,123.933
EUA,12.5.4,Insurance Connected with Transport,2020-11-01,125.461
EUA,12.5.4,Insurance Connected with Transport,2020-12-01,127.237
EUA,12.5.4,Insurance Connected with Transport,2021-01-01,128.678
EUA,12.5.4,Insurance Connected with Transport,2021-02-01,130.738
EUA,12.5.4,Insurance Connected with Transport,2021-03-01,131.854
EUA,12.5.4,Insurance Connected with Transport,2021-04-01,132.4
EUA,12.5.4,Insurance Connected with Transport,2021-05-01,132.751
EUA,12.5.4,Insurance Connected with Transport,2021-06-01,132.901
EUA,12.5.4,Insurance Connected with Transport,2021-07-01,132.39
EUA,12.5.4,Insurance Connected with Transport,2021-08-01,132.091
EUA,12.5.4,Insurance Connected with Transport,2021-09-01,132.098
EUA,12.5.4,Insurance Connected with Transport,2021-10-01,131.7
EUA,12.5.4,Insurance Connected with Transport,2021-11-01,132.571
EUA,12.5.4,Insurance Connected with Transport,2021-12-01,132.486
EUA,12.5.4,Insurance Connected with Transport,2022-01-01,133.924
EUA,12.5.4,Insurance Connected with Transport,2022-02-01,136.322
EUA,12.5.4,Insurance Connected with Transport,2022-03-01,137.448
EUA,12.5.4,Insurance Connected with Transport,2022-04-01,138.188
EUA,12.5.4,Insurance Connected with Transport,2022-05-01,138.683
EUA,12.5.4,Insurance Connected with Transport,2022-06-01,140.898
EUA,12.5.4,Insurance Connected with Transport,2022-07-01,142.217
EUA,12.5.4,Insurance Connected with Transport,2022-08-01,143.61
EUA,12.5.4,Insurance Connected with Transport,2022-09-01,145.71
EUA,12.5.4,Insurance Connected with Transport,2022-10-01,148.637
EUA,12.5.4,Insurance Connected with Transport,2022-11-01,150.32
EUA,12.5.4,Insurance Connected with Transport,2022-12-01,151.359
EUA,12.5.4,Insurance Connected with Transport,2023-01-01,153.632
EUA,12.5.4,Insurance Connected with Transport,2023-02-01,156.033
EUA,12.5.4,Insurance Connected with Transport,2023-03-01,158.048
EUA,12.5.4,Insurance Connected with Transport,2023-04-01,159.616
EUA,12.5.4,Insurance Connected with Transport,2023-05-01,162.361
EUA,12.5.4,Insurance Connected with Transport,2023-06-01,164.644
EUA,12.5.4,Insurance Connected with Transport,2023-07-01,167.463
EUA,12.5.4,Insurance Connected with Transport,2023-08-01,171.042
EUA,12.5.4,Insurance Connected with Transport,2023-09-01,173.177
EUA,12.5.4,Insurance Connected with Transport,2023-10-01,177.24
EUA,12.5.4,Insurance Connected with Transport,2023-11-01,179.233
EUA,12.5.4,Insurance Connected with Transport,2023-12-01,182.041
EUA,12.5.4,Insurance Connected with Transport,2024-01-01,185.274
EUA,12.5.4,Insurance Connected with Transport,2024-02-01,188.144
EUA,12.5.4,Insurance Connected with Transport,2024-03-01,193.139
EUA,12.5.4,Insurance Connected with Transport,2024-04-01,195.757
EUA,12.5.4,Insurance Connected with Transport,2024-05-01,195.259
EUA,12.5.4,Insurance Connected with Transport,2024-06-01,196.808
EUA,12.5.4,Insurance Connected with Transport,2024-07-01,198.541
EUA,12.5.4,Insurance Connected with Transport,2024-08-01,199.311
EUA,12.5.4,Insurance Connected with Transport,2024-09-01,201.407
EUA,12.5.4,Insurance Connected with Transport,2024-10-01,202.035
EUA,12.5.4,Insurance Connected with Transport,2024-11-01,202.07
EUA,12.5.4,Insurance Connected with Transport,2024-12-01,202.602
EUA,12.6.2,Other Financial Services N.E.C.,2013-12-01,100.0
EUA,12.6.2,Other Financial Services N.E.C.,2014-01-01,100.161
EUA,12.6.2,Other Financial Services N.E.C.,2014-02-01,101.424
EUA,12.6.2,Other Financial Services N.E.C.,2014-03-01,101.842
EUA,12.6.2,Other Financial Services N.E.C.,2014-04-01,101.981
EUA,12.6.2,Other Financial Services N.E.C.,2014-05-01,102.209
EUA,12.6.2,Other Financial Services N.E.C.,2014-06-01,101.453
EUA,12.6.2,Other Financial Services N.E.C.,2014-07-01,102.24
EUA,12.6.2,Other Financial Services N.E.C.,2014-08-01,102.396
EUA,12.6.2,Other Financial Services N.E.C.,2014-09-01,102.394
EUA,12.6.2,Other Financial Services N.E.C.,2014-10-01,102.745
EUA,12.6.2,Other Financial Services N.E.C.,2014-11-01,103.24
EUA,12.6.2,Other Financial Services N.E.C.,2014-12-01,103.532
EUA,12.6.2,Other Financial Services N.E.C.,2015-01-01,105.86
EUA,12.6.2,Other Financial Services N.E.C.,2015-02-01,105.388
EUA,12.6.2,Other Financial Services N.E.C.,2015-03-01,106.181
EUA,12.6.2,Other Financial Services N.E.C.,2015-04-01,106.457
EUA,12.6.2,Other Financial Services N.E.C.,2015-05-01,106.344
EUA,12.6.2,Other Financial Services N.E.C.,2015-06-01,107.445
EUA,12.6.2,Other Financial Services N.E.C.,2015-07-01,106.89
EUA,12.6.2,Other Financial Services N.E.C.,2015-08-01,106.86
EUA,12.6.2,Other Financial Services N.E.C.,2015-09-01,106.348
EUA,12.6.2,Other Financial Services N.E.C.,2015-10-01,106.714
EUA,12.6.2,Other Financial Services N.E.C.,2015-11-01,106.593
EUA,12.6.2,Other Financial Services N.E.C.,2015-12-01,106.309
EUA,12.6.2,Other Financial Services N.E.C.,2016-01-01,106.916
EUA,12.6.2,Other Financial Services N.E.C.,2016-02-01,107.213
EUA,12.6.2,Other Financial Services N.E.C.,2016-03-01,108.587
EUA,12.6.2,Other Financial Services N.E.C.,2016-04-01,109.252
EUA,12.6.2,Other Financial Services N.E.C.,2016-05-01,110.475
EUA,12.6.2,Other Financial Services N.E.C.,2016-06-01,111.526
EUA,12.6.2,Other Financial Services N.E.C.,2016-07-01,111.851
EUA,12.6.2,Other Financial Services N.E.C.,2016-08-01,111.587
EUA,12.6.2,Other Financial Services N.E.C.,2016-09-01,112.541
EUA,12.6.2,Other Financial Services N.E.C.,2016-10-01,112.291
EUA,12.6.2,Other Financial Services N.E.C.,2016-11-01,112.269
EUA,12.6.2,Other Financial Services N.E.C.,2016-12-01,112.166
EUA,12.6.2,Other Financial Services N.E.C.,2017-01-01,111.646
EUA,12.6.2,Other Financial Services N.E.C.,2017-02-01,112.581
EUA,12.6.2,Other Financial Services N.E.C.,2017-03-01,114.458
EUA,12.6.2,Other Financial Services N.E.C.,2017-04-01,114.139
EUA,12.6.2,Other Financial Services N.E.C.,2017-05-01,114.157
EUA,12.6.2,Other Financial Services N.E.C.,2017-06-01,114.41
EUA,12.6.2,Other Financial Services N.E.C.,2017-07-01,115.21
EUA,12.6.2,Other Financial Services N.E.C.,2017-08-01,115.423
EUA,12.6.2,Other Financial Services N.E.C.,2017-09-01,115.522
EUA,12.6.2,Other Financial Services N.E.C.,2017-10-01,115.592
EUA,12.6.2,Other Financial Services N.E.C.,2017-11-01,115.853
EUA,12.6.2,Other Financial Services N.E.C.,2017-12-01,116.321
EUA,12.6.2,Other Financial Services N.E.C.,2018-01-01,116.008
EUA,12.6.2,Other Financial Services N.E.C.,2018-02-01,113.615
EUA,12.6.2,Other Financial Services N.E.C.,2018-03-01,116.044
EUA,12.6.2,Other Financial Services N.E.C.,2018-04-01,121.578
EUA,12.6.2,Other Financial Services N.E.C.,2018-05-01,121.707
EUA,12.6.2,Other Financial Services N.E.C.,2018-06-01,121.444
EUA,12.6.2,Other Financial Services N.E.C.,2018-07-01,121.704
EUA,12.6.2,Other Financial Services N.E.C.,2018-08-01,121.82
EUA,12.6.2,Other Financial Services N.E.C.,2018-09-01,121.876
EUA,12.6.2,Other Financial Services N.E.C.,2018-10-01,122.18
EUA,12.6.2,Other Financial Services N.E.C.,2018-11-01,122.38
EUA,12.6.2,Other Financial Services N.E.C.,2018-12-01,121.986
EUA,12.6.2,Other Financial Services N.E.C.,2019-01-01,122.407
EUA,12.6.2,Other Financial Services N.E.C.,2019-02-01,123.939
EUA,12.6.2,Other Financial Services N.E.C.,2019-03-01,120.358
EUA,12.6.2,Other Financial Services N.E.C.,2019-04-01,120.488
EUA,12.6.2,Other Financial Services N.E.C.,2019-05-01,122.19
EUA,12.6.2,Other Financial Services N.E.C.,2019-06-01,121.752
EUA,12.6.2,Other Financial Services N.E.C.,2019-07-01,122.456
EUA,12.6.2,Other Financial Services N.E.C.,2019-08-01,122.129
EUA,12.6.2,Other Financial Services N.E.C.,2019-09-01,122.142
EUA,12.6.2,Other Financial Services N.E.C.,2019-10-01,122.208
EUA,12.6.2,Other Financial Services N.E.C.,2019-11-01,121.911
EUA,12.6.2,Other Financial Services N.E.C.,2019-12-01,123.136
EUA,12.6.2,Other Financial Services N.E.C.,2020-01-01,124.166
EUA,12.6.2,Other Financial Services N.E.C.,2020-02-01,124.272
EUA,12.6.2,Other Financial Services N.E.C.,2020-03-01,125.223
EUA,12.6.2,Other Financial Services N.E.C.,2020-04-01,124.863
EUA,12.6.2,Other Financial Services N.E.C.,2020-05-01,125.005
EUA,12.6.2,Other Financial Services N.E.C.,2020-06-01,124.702
EUA,12.6.2,Other Financial Services N.E.C.,2020-07-01,124.287
EUA,12.6.2,Other Financial Services N.E.C.,2020-08-01,124.41
EUA,12.6.2,Other Financial Services N.E.C.,2020-09-01,124.483
EUA,12.6.2,Other Financial Services N.E.C.,2020-10-01,122.971
EUA,12.6.2,Other Financial Services N.E.C.,2020-11-01,119.662
EUA,12.6.2,Other Financial Services N.E.C.,2020-12-01,122.983
EUA,12.6.2,Other Financial Services N.E.C.,2021-01-01,117.141
EUA,12.6.2,Other Financial Services N.E.C.,2021-02-01,119.074
EUA,12.6.2,Other Financial Services N.E.C.,2021-03-01,124.855
EUA,12.6.2,Other Financial Services N.E.C.,2021-04-01,124.57
EUA,12.6.2,Other Financial Services N.E.C.,2021-05-01,124.669
EUA,12.6.2,Other Financial Services N.E.C.,2021-06-01,124.436
EUA,12.6.2,Other Financial Services N.E.C.,2021-07-01,125.644
EUA,12.6.2,Other Financial Services N.E.C.,2021-08-01,124.862
EUA,12.6.2,Other Financial Services N.E.C.,2021-09-01,124.406
EUA,12.6.2,Other Financial Services N.E.C.,2021-10-01,126.097
EUA,12.6.2,Other Financial Services N.E.C.,2021-11-01,126.309
EUA,12.6.2,Other Financial Services N.E.C.,2021-12-01,126.975
EUA,12.6.2,Other Financial Services N.E.C.,2022-01-01,128.053
EUA,12.6.2,Other Financial Services N.E.C.,2022-02-01,129.956
EUA,12.6.2,Other Financial Services N.E.C.,2022-03-01,132.605
EUA,12.6.2,Other Financial Services N.E.C.,2022-04-01,133.113
EUA,12.6.2,Other Financial Services N.E.C.,2022-05-01,130.86
EUA,12.6.2,Other Financial Services N.E.C.,2022-06-01,130.17
EUA,12.6.2,Other Financial Services N.E.C.,2022-07-01,130.596
EUA,12.6.2,Other Financial Services N.E.C.,2022-08-01,131.736
EUA,12.6.2,Other Financial Services N.E.C.,2022-09-01,132.887
EUA,12.6.2,Other Financial Services N.E.C.,2022-10-01,132.726
EUA,12.6.2,Other Financial Services N.E.C.,2022-11-01,133.175
EUA,12.6.2,Other Financial Services N.E.C.,2022-12-01,129.272
EUA,12.6.2,Other Financial Services N.E.C.,2023-01-01,132.5
EUA,12.6.2,Other Financial Services N.E.C.,2023-02-01,136.239
EUA,12.6.2,Other Financial Services N.E.C.,2023-03-01,138.646
EUA,12.6.2,Other Financial Services N.E.C.,2023-04-01,144.292
EUA,12.6.2,Other Financial Services N.E.C.,2023-05-01,145.074
EUA,12.6.2,Other Financial Services N.E.C.,2023-06-01,147.37
EUA,12.6.2,Other Financial Services N.E.C.,2023-07-01,142.761
EUA,12.6.2,Other Financial Services N.E.C.,2023-08-01,139.946
EUA,12.6.2,Other Financial Services N.E.C.,2023-09-01,140.096
EUA,12.6.2,Other Financial Services N.E.C.,2023-10-01,140.476
EUA,12.6.2,Other Financial Services N.E.C.,2023-11-01,140.343
EUA,12.6.2,Other Financial Services N.E.C.,2023-12-01,140.105
EUA,12.6.2,Other Financial Services N.E.C.,2024-01-01,143.454
EUA,12.6.2,Other Financial Services N.E.C.,2024-02-01,145.94
EUA,12.6.2,Other Financial Services N.E.C.,2024-03-01,146.371
EUA,12.6.2,Other Financial Services N.E.C.,2024-04-01,150.055
EUA,12.6.2,Other Financial Services N.E.C.,2024-05-01,149.955
EUA,12.6.2,Other Financial Services N.E.C.,2024-06-01,147.8
EUA,12.6.2,Other Financial Services N.E.C.,2024-07-01,148.136
EUA,12.6.2,Other Financial Services N.E.C.,2024-08-01,147.634
EUA,12.6.2,Other Financial Services N.E.C.,2024-09-01,148.232
EUA,12.6.2,Other Financial Services N.E.C.,2024-10-01,148.791
EUA,12.6.2,Other Financial Services N.E.C.,2024-11-01,149.516
EUA,12.6.2,Other Financial Services N.E.C.,2024-12-01,146.326
EUA,12.7.0,Other Services N.E.C.,2013-12-01,100.0
EUA,12.7.0,Other Services N.E.C.,2014-01-01,100.449
EUA,12.7.0,Other Services N.E.C.,2014-02-01,100.663
EUA,12.7.0,Other Services N.E.C.,2014-03-01,100.716
EUA,12.7.0,Other Services N.E.C.,2014-04-01,100.779
EUA,12.7.0,Other Services N.E.C.,2014-05-01,100.77
EUA,12.7.0,Other Services N.E.C.,2014-06-01,100.886
EUA,12.7.0,Other Services N.E.C.,2014-07-01,101.195
EUA,12.7.0,Other Services N.E.C.,2014-08-01,101.221
EUA,12.7.0,Other Services N.E.C.,2014-09-01,100.812
EUA,12.7.0,Other Services N.E.C.,2014-10-01,100.992
EUA,12.7.0,Other Services N.E.C.,2014-11-01,100.987
EUA,12.7.0,Other Services N.E.C.,2014-12-01,100.786
EUA,12.7.0,Other Services N.E.C.,2015-01-01,101.259
EUA,12.7.0,Other Services N.E.C.,2015-02-01,101.061
EUA,12.7.0,Other Services N.E.C.,2015-03-01,101.124
EUA,12.7.0,Other Services N.E.C.,2015-04-01,101.454
EUA,12.7.0,Other Services N.E.C.,2015-05-01,101.611
EUA,12.7.0,Other Services N.E.C.,2015-06-01,102.111
EUA,12.7.0,Other Services N.E.C.,2015-07-01,102.979
EUA,12.7.0,Other Services N.E.C.,2015-08-01,103.186
EUA,12.7.0,Other Services N.E.C.,2015-09-01,103.522
EUA,12.7.0,Other Services N.E.C.,2015-10-01,103.475
EUA,12.7.0,Other Services N.E.C.,2015-11-01,103.378
EUA,12.7.0,Other Services N.E.C.,2015-12-01,103.217
EUA,12.7.0,Other Services N.E.C.,2016-01-01,103.27
EUA,12.7.0,Other Services N.E.C.,2016-02-01,103.531
EUA,12.7.0,Other Services N.E.C.,2016-03-01,103.8
EUA,12.7.0,Other Services N.E.C.,2016-04-01,104.052
EUA,12.7.0,Other Services N.E.C.,2016-05-01,104.401
EUA,12.7.0,Other Services N.E.C.,2016-06-01,104.728
EUA,12.7.0,Other Services N.E.C.,2016-07-01,105.239
EUA,12.7.0,Other Services N.E.C.,2016-08-01,105.394
EUA,12.7.0,Other Services N.E.C.,2016-09-01,105.894
EUA,12.7.0,Other Services N.E.C.,2016-10-01,105.933
EUA,12.7.0,Other Services N.E.C.,2016-11-01,106.041
EUA,12.7.0,Other Services N.E.C.,2016-12-01,106.049
EUA,12.7.0,Other Services N.E.C.,2017-01-01,106.68
EUA,12.7.0,Other Services N.E.C.,2017-02-01,106.874
EUA,12.7.0,Other Services N.E.C.,2017-03-01,106.896
EUA,12.7.0,Other Services N.E.C.,2017-04-01,106.939
EUA,12.7.0,Other Services N.E.C.,2017-05-01,106.938
EUA,12.7.0,Other Services N.E.C.,2017-06-01,107.351
EUA,12.7.0,Other Services N.E.C.,2017-07-01,107.591
EUA,12.7.0,Other Services N.E.C.,2017-08-01,107.696
EUA,12.7.0,Other Services N.E.C.,2017-09-01,107.765
EUA,12.7.0,Other Services N.E.C.,2017-10-01,107.969
EUA,12.7.0,Other Services N.E.C.,2017-11-01,107.995
EUA,12.7.0,Other Services N.E.C.,2017-12-01,108.246
EUA,12.7.0,Other Services N.E.C.,2018-01-01,108.924
EUA,12.7.0,Other Services N.E.C.,2018-02-01,109.933
EUA,12.7.0,Other Services N.E.C.,2018-03-01,110.248
EUA,12.7.0,Other Services N.E.C.,2018-04-01,110.402
EUA,12.7.0,Other Services N.E.C.,2018-05-01,110.499
EUA,12.7.0,Other Services N.E.C.,2018-06-01,110.565
EUA,12.7.0,Other Services N.E.C.,2018-07-01,110.627
EUA,12.7.0,Other Services N.E.C.,2018-08-01,111.04
EUA,12.7.0,Other Services N.E.C.,2018-09-01,111.149
EUA,12.7.0,Other Services N.E.C.,2018-10-01,111.519
EUA,12.7.0,Other Services N.E.C.,2018-11-01,112.248
EUA,12.7.0,Other Services N.E.C.,2018-12-01,112.201
EUA,12.7.0,Other Services N.E.C.,2019-01-01,111.867
EUA,12.7.0,Other Services N.E.C.,2019-02-01,112.4
EUA,12.7.0,Other Services N.E.C.,2019-03-01,112.354
EUA,12.7.0,Other Services N.E.C.,2019-04-01,112.029
EUA,12.7.0,Other Services N.E.C.,2019-05-01,112.011
EUA,12.7.0,Other Services N.E.C.,2019-06-01,111.993
EUA,12.7.0,Other Services N.E.C.,2019-07-01,112.441
EUA,12.7.0,Other Services N.E.C.,2019-08-01,112.685
EUA,12.7.0,Other Services N.E.C.,2019-09-01,112.963
EUA,12.7.0,Other Services N.E.C.,2019-10-01,113.305
EUA,12.7.0,Other Services N.E.C.,2019-11-01,113.348
EUA,12.7.0,Other Services N.E.C.,2019-12-01,113.527
EUA,12.7.0,Other Services N.E.C.,2020-01-01,114.064
EUA,12.7.0,Other Services N.E.C.,2020-02-01,114.307
EUA,12.7.0,Other Services N.E.C.,2020-03-01,114.404
EUA,12.7.0,Other Services N.E.C.,2020-04-01,114.249
EUA,12.7.0,Other Services N.E.C.,2020-05-01,114.394
EUA,12.7.0,Other Services N.E.C.,2020-06-01,114.489
EUA,12.7.0,Other Services N.E.C.,2020-07-01,114.629
EUA,12.7.0,Other Services N.E.C.,2020-08-01,114.759
EUA,12.7.0,Other Services N.E.C.,2020-09-01,114.887
EUA,12.7.0,Other Services N.E.C.,2020-10-01,114.83
EUA,12.7.0,Other Services N.E.C.,2020-11-01,114.814
EUA,12.7.0,Other Services N.E.C.,2020-12-01,114.916
EUA,12.7.0,Other Services N.E.C.,2021-01-01,114.889
EUA,12.7.0,Other Services N.E.C.,2021-02-01,115.25
EUA,12.7.0,Other Services N.E.C.,2021-03-01,115.343
EUA,12.7.0,Other Services N.E.C.,2021-04-01,115.353
EUA,12.7.0,Other Services N.E.C.,2021-05-01,115.467
EUA,12.7.0,Other Services N.E.C.,2021-06-01,115.5
EUA,12.7.0,Other Services N.E.C.,2021-07-01,115.625
EUA,12.7.0,Other Services N.E.C.,2021-08-01,115.866
EUA,12.7.0,Other Services N.E.C.,2021-09-01,116.612
EUA,12.7.0,Other Services N.E.C.,2021-10-01,117.413
EUA,12.7.0,Other Services N.E.C.,2021-11-01,117.07
EUA,12.7.0,Other Services N.E.C.,2021-12-01,117.338
EUA,12.7.0,Other Services N.E.C.,2022-01-01,117.579
EUA,12.7.0,Other Services N.E.C.,2022-02-01,118.408
EUA,12.7.0,Other Services N.E.C.,2022-03-01,118.803
EUA,12.7.0,Other Services N.E.C.,2022-04-01,119.29
EUA,12.7.0,Other Services N.E.C.,2022-05-01,119.709
EUA,12.7.0,Other Services N.E.C.,2022-06-01,120.318
EUA,12.7.0,Other Services N.E.C.,2022-07-01,121.247
EUA,12.7.0,Other Services N.E.C.,2022-08-01,121.612
EUA,12.7.0,Other Services N.E.C.,2022-09-01,121.75
EUA,12.7.0,Other Services N.E.C.,2022-10-01,122.092
EUA,12.7.0,Other Services N.E.C.,2022-11-01,122.047
EUA,12.7.0,Other Services N.E.C.,2022-12-01,122.289
EUA,12.7.0,Other Services N.E.C.,2023-01-01,122.865
EUA,12.7.0,Other Services N.E.C.,2023-02-01,123.758
EUA,12.7.0,Other Services N.E.C.,2023-03-01,124.131
EUA,12.7.0,Other Services N.E.C.,2023-04-01,125.925
EUA,12.7.0,Other Services N.E.C.,2023-05-01,126.321
EUA,12.7.0,Other Services N.E.C.,2023-06-01,126.111
EUA,12.7.0,Other Services N.E.C.,2023-07-01,126.462
EUA,12.7.0,Other Services N.E.C.,2023-08-01,128.159
EUA,12.7.0,Other Services N.E.C.,2023-09-01,129.677
EUA,12.7.0,Other Services N.E.C.,2023-10-01,129.738
EUA,12.7.0,Other Services N.E.C.,2023-11-01,129.919
EUA,12.7.0,Other Services N.E.C.,2023-12-01,130.15
EUA,12.7.0,Other Services N.E.C.,2024-01-01,130.996
EUA,12.7.0,Other Services N.E.C.,2024-02-01,127.351
EUA,12.7.0,Other Services N.E.C.,2024-03-01,129.615
EUA,12.7.0,Other Services N.E.C.,2024-04-01,129.425
EUA,12.7.0,Other Services N.E.C.,2024-05-01,127.9
EUA,12.7.0,Other Services N.E.C.,2024-06-01,131.105
EUA,12.7.0,Other Services N.E.C.,2024-07-01,131.929
EUA,12.7.0,Other Services N.E.C.,2024-08-01,131.884
EUA,12.7.0,Other Services N.E.C.,2024-09-01,132.162
EUA,12.7.0,Other Services N.E.C.,2024-10-01,132.472
EUA,12.7.0,Other Services N.E.C.,2024-11-01,132.507
EUA,12.7.0,Other Services N.E.C.,2024-12-01,132.514
EUA,COICOP_SA0E,Energy,2013-12-01,100.0
EUA,COICOP_SA0E,Energy,2014-01-01,102.133
EUA,COICOP_SA0E,Energy,2014-02-01,103.185
EUA,COICOP_SA0E,Energy,2014-03-01,106.796
EUA,COICOP_SA0E,Energy,2014-04-01,107.72
EUA,COICOP_SA0E,Energy,2014-05-01,109.105
EUA,COICOP_SA0E,Energy,2014-06-01,110.784
EUA,COICOP_SA0E,Energy,2014-07-01,109.925
EUA,COICOP_SA0E,Energy,2014-08-01,106.974
EUA,COICOP_SA0E,Energy,2014-09-01,105.328
EUA,COICOP_SA0E,Energy,2014-10-01,100.091
EUA,COICOP_SA0E,Energy,2014-11-01,94.613
EUA,COICOP_SA0E,Energy,2014-12-01,89.493
EUA,COICOP_SA0E,Energy,2015-01-01,82.202
EUA,COICOP_SA0E,Energy,2015-02-01,83.893
EUA,COICOP_SA0E,Energy,2015-03-01,87.347
EUA,COICOP_SA0E,Energy,2015-04-01,86.915
EUA,COICOP_SA0E,Energy,2015-05-01,91.423
EUA,COICOP_SA0E,Energy,2015-06-01,94.196
EUA,COICOP_SA0E,Energy,2015-07-01,93.766
EUA,COICOP_SA0E,Energy,2015-08-01,90.962
EUA,COICOP_SA0E,Energy,2015-09-01,86.035
EUA,COICOP_SA0E,Energy,2015-10-01,82.998
EUA,COICOP_SA0E,Energy,2015-11-01,80.778
EUA,COICOP_SA0E,Energy,2015-12-01,78.277
EUA,COICOP_SA0E,Energy,2016-01-01,76.922
EUA,COICOP_SA0E,Energy,2016-02-01,73.479
EUA,COICOP_SA0E,Energy,2016-03-01,76.431
EUA,COICOP_SA0E,Energy,2016-04-01,79.249
EUA,COICOP_SA0E,Energy,2016-05-01,82.228
EUA,COICOP_SA0E,Energy,2016-06-01,85.356
EUA,COICOP_SA0E,Energy,2016-07-01,83.615
EUA,COICOP_SA0E,Energy,2016-08-01,82.591
EUA,COICOP_SA0E,Energy,2016-09-01,83.576
EUA,COICOP_SA0E,Energy,2016-10-01,83.122
EUA,COICOP_SA0E,Energy,2016-11-01,81.685
EUA,COICOP_SA0E,Energy,2016-12-01,82.498
EUA,COICOP_SA0E,Energy,2017-01-01,85.172
EUA,COICOP_SA0E,Energy,2017-02-01,84.572
EUA,COICOP_SA0E,Energy,2017-03-01,84.743
EUA,COICOP_SA0E,Energy,2017-04-01,86.557
EUA,COICOP_SA0E,Energy,2017-05-01,86.669
EUA,COICOP_SA0E,Energy,2017-06-01,87.312
EUA,COICOP_SA0E,Energy,2017-07-01,86.428
EUA,COICOP_SA0E,Energy,2017-08-01,87.844
EUA,COICOP_SA0E,Energy,2017-09-01,92.011
EUA,COICOP_SA0E,Energy,2017-10-01,88.436
EUA,COICOP_SA0E,Energy,2017-11-01,89.325
EUA,COICOP_SA0E,Energy,2017-12-01,88.144
EUA,COICOP_SA0E,Energy,2018-01-01,89.87
EUA,COICOP_SA0E,Energy,2018-02-01,91.082
EUA,COICOP_SA0E,Energy,2018-03-01,90.676
EUA,COICOP_SA0E,Energy,2018-04-01,93.342
EUA,COICOP_SA0E,Energy,2018-05-01,96.73
EUA,COICOP_SA0E,Energy,2018-06-01,97.724
EUA,COICOP_SA0E,Energy,2018-07-01,96.865
EUA,COICOP_SA0E,Energy,2018-08-01,96.795
EUA,COICOP_SA0E,Energy,2018-09-01,96.465
EUA,COICOP_SA0E,Energy,2018-10-01,96.291
EUA,COICOP_SA0E,Energy,2018-11-01,92.114
EUA,COICOP_SA0E,Energy,2018-12-01,87.865
EUA,COICOP_SA0E,Energy,2019-01-01,85.599
EUA,COICOP_SA0E,Energy,2019-02-01,86.52
EUA,COICOP_SA0E,Energy,2019-03-01,90.336
EUA,COICOP_SA0E,Energy,2019-04-01,94.911
EUA,COICOP_SA0E,Energy,2019-05-01,96.304
EUA,COICOP_SA0E,Energy,2019-06-01,94.436
EUA,COICOP_SA0E,Energy,2019-07-01,94.908
EUA,COICOP_SA0E,Energy,2019-08-01,92.571
EUA,COICOP_SA0E,Energy,2019-09-01,91.91
EUA,COICOP_SA0E,Energy,2019-10-01,92.308
EUA,COICOP_SA0E,Energy,2019-11-01,91.581
EUA,COICOP_SA0E,Energy,2019-12-01,90.881
EUA,COICOP_SA0E,Energy,2020-01-01,90.914
EUA,COICOP_SA0E,Energy,2020-02-01,88.923
EUA,COICOP_SA0E,Energy,2020-03-01,85.196
EUA,COICOP_SA0E,Energy,2020-04-01,78.196
EUA,COICOP_SA0E,Energy,2020-05-01,78.199
EUA,COICOP_SA0E,Energy,2020-06-01,82.572
EUA,COICOP_SA0E,Energy,2020-07-01,84.389
EUA,COICOP_SA0E,Energy,2020-08-01,84.255
EUA,COICOP_SA0E,Energy,2020-09-01,84.895
EUA,COICOP_SA0E,Energy,2020-10-01,83.869
EUA,COICOP_SA0E,Energy,2020-11-01,82.992
EUA,COICOP_SA0E,Energy,2020-12-01,84.593
EUA,COICOP_SA0E,Energy,2021-01-01,87.613
EUA,COICOP_SA0E,Energy,2021-02-01,91.009
EUA,COICOP_SA0E,Energy,2021-03-01,96.356
EUA,COICOP_SA0E,Energy,2021-04-01,97.736
EUA,COICOP_SA0E,Energy,2021-05-01,100.38
EUA,COICOP_SA0E,Energy,2021-06-01,102.665
EUA,COICOP_SA0E,Energy,2021-07-01,104.404
EUA,COICOP_SA0E,Energy,2021-08-01,105.19
EUA,COICOP_SA0E,Energy,2021-09-01,105.869
EUA,COICOP_SA0E,Energy,2021-10-01,108.896
EUA,COICOP_SA0E,Energy,2021-11-01,110.497
EUA,COICOP_SA0E,Energy,2021-12-01,109.275
EUA,COICOP_SA0E,Energy,2022-01-01,111.163
EUA,COICOP_SA0E,Energy,2022-02-01,114.19
EUA,COICOP_SA0E,Energy,2022-03-01,127.089
EUA,COICOP_SA0E,Energy,2022-04-01,127.197
EUA,COICOP_SA0E,Energy,2022-05-01,134.96
EUA,COICOP_SA0E,Energy,2022-06-01,144.982
EUA,COICOP_SA0E,Energy,2022-07-01,138.422
EUA,COICOP_SA0E,Energy,2022-08-01,129.948
EUA,COICOP_SA0E,Energy,2022-09-01,126.567
EUA,COICOP_SA0E,Energy,2022-10-01,128.057
EUA,COICOP_SA0E,Energy,2022-11-01,124.933
EUA,COICOP_SA0E,Energy,2022-12-01,117.3
EUA,COICOP_SA0E,Energy,2023-01-01,120.991
EUA,COICOP_SA0E,Energy,2023-02-01,120.306
EUA,COICOP_SA0E,Energy,2023-03-01,119.279
EUA,COICOP_SA0E,Energy,2023-04-01,121.164
EUA,COICOP_SA0E,Energy,2023-05-01,119.683
EUA,COICOP_SA0E,Energy,2023-06-01,121.458
EUA,COICOP_SA0E,Energy,2023-07-01,121.878
EUA,COICOP_SA0E,Energy,2023-08-01,125.813
EUA,COICOP_SA0E,Energy,2023-09-01,126.433
EUA,COICOP_SA0E,Energy,2023-10-01,122.467
EUA,COICOP_SA0E,Energy,2023-11-01,118.372
EUA,COICOP_SA0E,Energy,2023-12-01,115.163
EUA,COICOP_SA0E,Energy,2024-01-01,117.943
EUA,COICOP_SA0E,Energy,2024-02-01,118.107
EUA,COICOP_SA0E,Energy,2024-03-01,118.023
EUA,COICOP_SA0E,Energy,2024-04-01,116.482
EUA,COICOP_SA0E,Energy,2024-05-01,116.618
EUA,COICOP_SA0E,Energy,2024-06-01,118.812
EUA,COICOP_SA0E,Energy,2024-07-01,118.836
EUA,COICOP_SA0E,Energy,2024-08-01,117.839
EUA,COICOP_SA0E,Energy,2024-09-01,118.252
EUA,COICOP_SA0E,Energy,2024-10-01,117.926
EUA,COICOP_SA0E,Energy,2024-11-01,117.331
EUA,COICOP_SA0E,Energy,2024-12-01,118.304
EUA,COICOP_SA0L1E,All Items Less Food Less Energy,2013-12-01,100.0
EUA,COICOP_SA0L1E,All Items Less Food Less Energy,2014-01-01,100.151
EUA,COICOP_SA0L1E,All Items Less Food Less Energy,2014-02-01,100.452
EUA,COICOP_SA0L1E,All Items Less Food Less Energy,2014-03-01,100.803
EUA,COICOP_SA0L1E,All Items Less Food Less Energy,2014-04-01,101.058
EUA,COICOP_SA0L1E,All Items Less Food Less Energy,2014-05-01,101.276
EUA,COICOP_SA0L1E,All Items Less Food Less Energy,2014-06-01,101.341
EUA,COICOP_SA0L1E,All Items Less Food Less Energy,2014-07-01,101.356
EUA,COICOP_SA0L1E,All Items Less Food Less Energy,2014-08-01,101.434
EUA,COICOP_SA0L1E,All Items Less Food Less Energy,2014-09-01,101.671
EUA,COICOP_SA0L1E,All Items Less Food Less Energy,2014-10-01,101.913
EUA,COICOP_SA0L1E,All Items Less Food Less Energy,2014-11-01,101.873
EUA,COICOP_SA0L1E,All Items Less Food Less Energy,2014-12-01,101.704
EUA,COICOP_SA0L1E,All Items Less Food Less Energy,2015-01-01,101.902
EUA,COICOP_SA0L1E,All Items Less Food Less Energy,2015-02-01,102.252
EUA,COICOP_SA0L1E,All Items Less Food Less Energy,2015-03-01,102.653
EUA,COICOP_SA0L1E,All Items Less Food Less Energy,2015-04-01,102.962
EUA,COICOP_SA0L1E,All Items Less Food Less Energy,2015-05-01,103.104
EUA,COICOP_SA0L1E,All Items Less Food Less Energy,2015-06-01,103.212
EUA,COICOP_SA0L1E,All Items Less Food Less Energy,2015-07-01,103.247
EUA,COICOP_SA0L1E,All Items Less Food Less Energy,2015-08-01,103.347
EUA,COICOP_SA0L1E,All Items Less Food Less Energy,2015-09-01,103.666
EUA,COICOP_SA0L1E,All Items Less Food Less Energy,2015-10-01,103.93
EUA,COICOP_SA0L1E,All Items Less Food Less Energy,2015-11-01,103.978
EUA,COICOP_SA0L1E,All Items Less Food Less Energy,2015-12-01,103.869
EUA,COICOP_SA0L1E,All Items Less Food Less Energy,2016-01-01,104.188
EUA,COICOP_SA0L1E,All Items Less Food Less Energy,2016-02-01,104.655
EUA,COICOP_SA0L1E,All Items Less Food Less Energy,2016-03-01,104.94
EUA,COICOP_SA0L1E,All Items Less Food Less Energy,2016-04-01,105.209
EUA,COICOP_SA0L1E,All Items Less Food Less Energy,2016-05-01,105.444
EUA,COICOP_SA0L1E,All Items Less Food Less Energy,2016-06-01,105.556
EUA,COICOP_SA0L1E,All Items Less Food Less Energy,2016-07-01,105.551
EUA,COICOP_SA0L1E,All Items Less Food Less Energy,2016-08-01,105.778
EUA,COICOP_SA0L1E,All Items Less Food Less Energy,2016-09-01,105.97
EUA,COICOP_SA0L1E,All Items Less Food Less Energy,2016-10-01,106.174
EUA,COICOP_SA0L1E,All Items Less Food Less Energy,2016-11-01,106.184
EUA,COICOP_SA0L1E,All Items Less Food Less Energy,2016-12-01,106.158
EUA,COICOP_SA0L1E,All Items Less Food Less Energy,2017-01-01,106.56
EUA,COICOP_SA0L1E,All Items Less Food Less Energy,2017-02-01,106.996
EUA,COICOP_SA0L1E,All Items Less Food Less Energy,2017-03-01,107.067
EUA,COICOP_SA0L1E,All Items Less Food Less Energy,2017-04-01,107.224
EUA,COICOP_SA0L1E,All Items Less Food Less Energy,2017-05-01,107.313
EUA,COICOP_SA0L1E,All Items Less Food Less Energy,2017-06-01,107.387
EUA,COICOP_SA0L1E,All Items Less Food Less Energy,2017-07-01,107.367
EUA,COICOP_SA0L1E,All Items Less Food Less Energy,2017-08-01,107.598
EUA,COICOP_SA0L1E,All Items Less Food Less Energy,2017-09-01,107.812
EUA,COICOP_SA0L1E,All Items Less Food Less Energy,2017-10-01,108.096
EUA,COICOP_SA0L1E,All Items Less Food Less Energy,2017-11-01,108.053
EUA,COICOP_SA0L1E,All Items Less Food Less Energy,2017-12-01,108.097
EUA,COICOP_SA0L1E,All Items Less Food Less Energy,2018-01-01,108.55
EUA,COICOP_SA0L1E,All Items Less Food Less Energy,2018-02-01,109.023
EUA,COICOP_SA0L1E,All Items Less Food Less Energy,2018-03-01,109.359
EUA,COICOP_SA0L1E,All Items Less Food Less Energy,2018-04-01,109.542
EUA,COICOP_SA0L1E,All Items Less Food Less Energy,2018-05-01,109.743
EUA,COICOP_SA0L1E,All Items Less Food Less Energy,2018-06-01,109.846
EUA,COICOP_SA0L1E,All Items Less Food Less Energy,2018-07-01,109.923
EUA,COICOP_SA0L1E,All Items Less Food Less Energy,2018-08-01,109.994
EUA,COICOP_SA0L1E,All Items Less Food Less Energy,2018-09-01,110.176
EUA,COICOP_SA0L1E,All Items Less Food Less Energy,2018-10-01,110.435
EUA,COICOP_SA0L1E,All Items Less Food Less Energy,2018-11-01,110.474
EUA,COICOP_SA0L1E,All Items Less Food Less Energy,2018-12-01,110.497
EUA,COICOP_SA0L1E,All Items Less Food Less Energy,2019-01-01,110.935
EUA,COICOP_SA0L1E,All Items Less Food Less Energy,2019-02-01,111.356
EUA,COICOP_SA0L1E,All Items Less Food Less Energy,2019-03-01,111.656
EUA,COICOP_SA0L1E,All Items Less Food Less Energy,2019-04-01,111.879
EUA,COICOP_SA0L1E,All Items Less Food Less Energy,2019-05-01,111.997
EUA,COICOP_SA0L1E,All Items Less Food Less Energy,2019-06-01,112.256
EUA,COICOP_SA0L1E,All Items Less Food Less Energy,2019-07-01,112.426
EUA,COICOP_SA0L1E,All Items Less Food Less Energy,2019-08-01,112.682
EUA,COICOP_SA0L1E,All Items Less Food Less Energy,2019-09-01,112.842
EUA,COICOP_SA0L1E,All Items Less Food Less Energy,2019-10-01,113.07
EUA,COICOP_SA0L1E,All Items Less Food Less Energy,2019-11-01,113.103
EUA,COICOP_SA0L1E,All Items Less Food Less Energy,2019-12-01,113.059
EUA,COICOP_SA0L1E,All Items Less Food Less Energy,2020-01-01,113.516
EUA,COICOP_SA0L1E,All Items Less Food Less Energy,2020-02-01,114.041
EUA,COICOP_SA0L1E,All Items Less Food Less Energy,2020-03-01,114.076
EUA,COICOP_SA0L1E,All Items Less Food Less Energy,2020-04-01,113.634
EUA,COICOP_SA0L1E,All Items Less Food Less Energy,2020-05-01,113.554
EUA,COICOP_SA0L1E,All Items Less Food Less Energy,2020-06-01,113.765
EUA,COICOP_SA0L1E,All Items Less Food Less Energy,2020-07-01,114.341
EUA,COICOP_SA0L1E,All Items Less Food Less Energy,2020-08-01,114.779
EUA,COICOP_SA0L1E,All Items Less Food Less Energy,2020-09-01,114.947
EUA,COICOP_SA0L1E,All Items Less Food Less Energy,2020-10-01,115.071
EUA,COICOP_SA0L1E,All Items Less Food Less Energy,2020-11-01,115.131
EUA,COICOP_SA0L1E,All Items Less Food Less Energy,2020-12-01,115.073
EUA,COICOP_SA0L1E,All Items Less Food Less Energy,2021-01-01,115.322
EUA,COICOP_SA0L1E,All Items Less Food Less Energy,2021-02-01,115.69
EUA,COICOP_SA0L1E,All Items Less Food Less Energy,2021-03-01,116.078
EUA,COICOP_SA0L1E,All Items Less Food Less Energy,2021-04-01,116.968
EUA,COICOP_SA0L1E,All Items Less Food Less Energy,2021-05-01,117.754
EUA,COICOP_SA0L1E,All Items Less Food Less Energy,2021-06-01,118.707
EUA,COICOP_SA0L1E,All Items Less Food Less Energy,2021-07-01,119.13
EUA,COICOP_SA0L1E,All Items Less Food Less Energy,2021-08-01,119.341
EUA,COICOP_SA0L1E,All Items Less Food Less Energy,2021-09-01,119.563
EUA,COICOP_SA0L1E,All Items Less Food Less Energy,2021-10-01,120.317
EUA,COICOP_SA0L1E,All Items Less Food Less Energy,2021-11-01,120.816
EUA,COICOP_SA0L1E,All Items Less Food Less Energy,2021-12-01,121.339
EUA,COICOP_SA0L1E,All Items Less Food Less Energy,2022-01-01,122.224
EUA,COICOP_SA0L1E,All Items Less Food Less Energy,2022-02-01,123.085
EUA,COICOP_SA0L1E,All Items Less Food Less Energy,2022-03-01,123.606
EUA,COICOP_SA0L1E,All Items Less Food Less Energy,2022-04-01,124.27
EUA,COICOP_SA0L1E,All Items Less Food Less Energy,2022-05-01,124.994
EUA,COICOP_SA0L1E,All Items Less Food Less Energy,2022-06-01,125.94
EUA,COICOP_SA0L1E,All Items Less Food Less Energy,2022-07-01,126.385
EUA,COICOP_SA0L1E,All Items Less Food Less Energy,2022-08-01,127.069
EUA,COICOP_SA0L1E,All Items Less Food Less Energy,2022-09-01,127.648
EUA,COICOP_SA0L1E,All Items Less Food Less Energy,2022-10-01,128.074
EUA,COICOP_SA0L1E,All Items Less Food Less Energy,2022-11-01,128.229
EUA,COICOP_SA0L1E,All Items Less Food Less Energy,2022-12-01,128.466
EUA,COICOP_SA0L1E,All Items Less Food Less Energy,2023-01-01,129.175
EUA,COICOP_SA0L1E,All Items Less Food Less Energy,2023-02-01,129.986
EUA,COICOP_SA0L1E,All Items Less Food Less Energy,2023-03-01,130.502
EUA,COICOP_SA0L1E,All Items Less Food Less Energy,2023-04-01,131.136
EUA,COICOP_SA0L1E,All Items Less Food Less Energy,2023-05-01,131.62
EUA,COICOP_SA0L1E,All Items Less Food Less Energy,2023-06-01,131.984
EUA,COICOP_SA0L1E,All Items Less Food Less Energy,2023-07-01,132.206
EUA,COICOP_SA0L1E,All Items Less Food Less Energy,2023-08-01,132.616
EUA,COICOP_SA0L1E,All Items Less Food Less Energy,2023-09-01,132.942
EUA,COICOP_SA0L1E,All Items Less Food Less Energy,2023-10-01,133.313
EUA,COICOP_SA0L1E,All Items Less Food Less Energy,2023-11-01,133.521
EUA,COICOP_SA0L1E,All Items Less Food Less Energy,2023-12-01,133.7
EUA,COICOP_SA0L1E,All Items Less Food Less Energy,2024-01-01,134.356
EUA,COICOP_SA0L1E,All Items Less Food Less Energy,2024-02-01,135.005
EUA,COICOP_SA0L1E,All Items Less Food Less Energy,2024-03-01,135.596
EUA,COICOP_SA0L1E,All Items Less Food Less Energy,2024-04-01,135.98
EUA,COICOP_SA0L1E,All Items Less Food Less Energy,2024-05-01,136.228
EUA,COICOP_SA0L1E,All Items Less Food Less Energy,2024-06-01,136.444
EUA,COICOP_SA0L1E,All Items Less Food Less Energy,2024-07-01,136.551
EUA,COICOP_SA0L1E,All Items Less Food Less Energy,2024-08-01,136.965
EUA,COICOP_SA0L1E,All Items Less Food Less Energy,2024-09-01,137.591
EUA,COICOP_SA0L1E,All Items Less Food Less Energy,2024-10-01,137.98
EUA,COICOP_SA0L1E,All Items Less Food Less Energy,2024-11-01,138.157
EUA,COICOP_SA0L1E,All Items Less Food Less Energy,2024-12-01,138.241
EUA,"COICOP 4.1, 4.2, 4.3",Housing,2013-12-01,100.0
EUA,"COICOP 4.1, 4.2, 4.3",Housing,2014-01-01,100.223
EUA,"COICOP 4.1, 4.2, 4.3",Housing,2014-02-01,100.384
EUA,"COICOP 4.1, 4.2, 4.3",Housing,2014-03-01,100.624
EUA,"COICOP 4.1, 4.2, 4.3",Housing,2014-04-01,100.8
EUA,"COICOP 4.1, 4.2, 4.3",Housing,2014-05-01,100.987
EUA,"COICOP 4.1, 4.2, 4.3",Housing,2014-06-01,101.18
EUA,"COICOP 4.1, 4.2, 4.3",Housing,2014-07-01,101.436
EUA,"COICOP 4.1, 4.2, 4.3",Housing,2014-08-01,101.709
EUA,"COICOP 4.1, 4.2, 4.3",Housing,2014-09-01,101.977
EUA,"COICOP 4.1, 4.2, 4.3",Housing,2014-10-01,102.272
EUA,"COICOP 4.1, 4.2, 4.3",Housing,2014-11-01,102.59
EUA,"COICOP 4.1, 4.2, 4.3",Housing,2014-12-01,102.78
EUA,"COICOP 4.1, 4.2, 4.3",Housing,2015-01-01,103.033
EUA,"COICOP 4.1, 4.2, 4.3",Housing,2015-02-01,103.27
EUA,"COICOP 4.1, 4.2, 4.3",Housing,2015-03-01,103.519
EUA,"COICOP 4.1, 4.2, 4.3",Housing,2015-04-01,103.748
EUA,"COICOP 4.1, 4.2, 4.3",Housing,2015-05-01,103.957
EUA,"COICOP 4.1, 4.2, 4.3",Housing,2015-06-01,104.295
EUA,"COICOP 4.1, 4.2, 4.3",Housing,2015-07-01,104.601
EUA,"COICOP 4.1, 4.2, 4.3",Housing,2015-08-01,104.908
EUA,"COICOP 4.1, 4.2, 4.3",Housing,2015-09-01,105.262
EUA,"COICOP 4.1, 4.2, 4.3",Housing,2015-10-01,105.577
EUA,"COICOP 4.1, 4.2, 4.3",Housing,2015-11-01,105.871
EUA,"COICOP 4.1, 4.2, 4.3",Housing,2015-12-01,106.127
EUA,"COICOP 4.1, 4.2, 4.3",Housing,2016-01-01,106.405
EUA,"COICOP 4.1, 4.2, 4.3",Housing,2016-02-01,106.647
EUA,"COICOP 4.1, 4.2, 4.3",Housing,2016-03-01,106.869
EUA,"COICOP 4.1, 4.2, 4.3",Housing,2016-04-01,107.139
EUA,"COICOP 4.1, 4.2, 4.3",Housing,2016-05-01,107.467
EUA,"COICOP 4.1, 4.2, 4.3",Housing,2016-06-01,107.805
EUA,"COICOP 4.1, 4.2, 4.3",Housing,2016-07-01,108.124
EUA,"COICOP 4.1, 4.2, 4.3",Housing,2016-08-01,108.483
EUA,"COICOP 4.1, 4.2, 4.3",Housing,2016-09-01,108.883
EUA,"COICOP 4.1, 4.2, 4.3",Housing,2016-10-01,109.292
EUA,"COICOP 4.1, 4.2, 4.3",Housing,2016-11-01,109.699
EUA,"COICOP 4.1, 4.2, 4.3",Housing,2016-12-01,110.014
EUA,"COICOP 4.1, 4.2, 4.3",Housing,2017-01-01,110.266
EUA,"COICOP 4.1, 4.2, 4.3",Housing,2017-02-01,110.499
EUA,"COICOP 4.1, 4.2, 4.3",Housing,2017-03-01,110.692
EUA,"COICOP 4.1, 4.2, 4.3",Housing,2017-04-01,110.886
EUA,"COICOP 4.1, 4.2, 4.3",Housing,2017-05-01,111.118
EUA,"COICOP 4.1, 4.2, 4.3",Housing,2017-06-01,111.451
EUA,"COICOP 4.1, 4.2, 4.3",Housing,2017-07-01,111.753
EUA,"COICOP 4.1, 4.2, 4.3",Housing,2017-08-01,112.188
EUA,"COICOP 4.1, 4.2, 4.3",Housing,2017-09-01,112.507
EUA,"COICOP 4.1, 4.2, 4.3",Housing,2017-10-01,112.915
EUA,"COICOP 4.1, 4.2, 4.3",Housing,2017-11-01,113.27
EUA,"COICOP 4.1, 4.2, 4.3",Housing,2017-12-01,113.64
EUA,"COICOP 4.1, 4.2, 4.3",Housing,2018-01-01,113.936
EUA,"COICOP 4.1, 4.2, 4.3",Housing,2018-02-01,114.12
EUA,"COICOP 4.1, 4.2, 4.3",Housing,2018-03-01,114.402
EUA,"COICOP 4.1, 4.2, 4.3",Housing,2018-04-01,114.708
EUA,"COICOP 4.1, 4.2, 4.3",Housing,2018-05-01,114.97
EUA,"COICOP 4.1, 4.2, 4.3",Housing,2018-06-01,115.268
EUA,"COICOP 4.1, 4.2, 4.3",Housing,2018-07-01,115.615
EUA,"COICOP 4.1, 4.2, 4.3",Housing,2018-08-01,116.001
EUA,"COICOP 4.1, 4.2, 4.3",Housing,2018-09-01,116.285
EUA,"COICOP 4.1, 4.2, 4.3",Housing,2018-10-01,116.674
EUA,"COICOP 4.1, 4.2, 4.3",Housing,2018-11-01,117.101
EUA,"COICOP 4.1, 4.2, 4.3",Housing,2018-12-01,117.375
EUA,"COICOP 4.1, 4.2, 4.3",Housing,2019-01-01,117.657
EUA,"COICOP 4.1, 4.2, 4.3",Housing,2019-02-01,117.955
EUA,"COICOP 4.1, 4.2, 4.3",Housing,2019-03-01,118.292
EUA,"COICOP 4.1, 4.2, 4.3",Housing,2019-04-01,118.674
EUA,"COICOP 4.1, 4.2, 4.3",Housing,2019-05-01,118.929
EUA,"COICOP 4.1, 4.2, 4.3",Housing,2019-06-01,119.342
EUA,"COICOP 4.1, 4.2, 4.3",Housing,2019-07-01,119.652
EUA,"COICOP 4.1, 4.2, 4.3",Housing,2019-08-01,120.006
EUA,"COICOP 4.1, 4.2, 4.3",Housing,2019-09-01,120.37
EUA,"COICOP 4.1, 4.2, 4.3",Housing,2019-10-01,120.674
EUA,"COICOP 4.1, 4.2, 4.3",Housing,2019-11-01,121.044
EUA,"COICOP 4.1, 4.2, 4.3",Housing,2019-12-01,121.345
EUA,"COICOP 4.1, 4.2, 4.3",Housing,2020-01-01,121.714
EUA,"COICOP 4.1, 4.2, 4.3",Housing,2020-02-01,121.964
EUA,"COICOP 4.1, 4.2, 4.3",Housing,2020-03-01,122.234
EUA,"COICOP 4.1, 4.2, 4.3",Housing,2020-04-01,122.426
EUA,"COICOP 4.1, 4.2, 4.3",Housing,2020-05-01,122.672
EUA,"COICOP 4.1, 4.2, 4.3",Housing,2020-06-01,122.819
EUA,"COICOP 4.1, 4.2, 4.3",Housing,2020-07-01,123.076
EUA,"COICOP 4.1, 4.2, 4.3",Housing,2020-08-01,123.29
EUA,"COICOP 4.1, 4.2, 4.3",Housing,2020-09-01,123.426
EUA,"COICOP 4.1, 4.2, 4.3",Housing,2020-10-01,123.728
EUA,"COICOP 4.1, 4.2, 4.3",Housing,2020-11-01,123.842
EUA,"COICOP 4.1, 4.2, 4.3",Housing,2020-12-01,124.006
EUA,"COICOP 4.1, 4.2, 4.3",Housing,2021-01-01,124.164
EUA,"COICOP 4.1, 4.2, 4.3",Housing,2021-02-01,124.415
EUA,"COICOP 4.1, 4.2, 4.3",Housing,2021-03-01,124.639
EUA,"COICOP 4.1, 4.2, 4.3",Housing,2021-04-01,124.86
EUA,"COICOP 4.1, 4.2, 4.3",Housing,2021-05-01,125.187
EUA,"COICOP 4.1, 4.2, 4.3",Housing,2021-06-01,125.58
EUA,"COICOP 4.1, 4.2, 4.3",Housing,2021-07-01,125.924
EUA,"COICOP 4.1, 4.2, 4.3",Housing,2021-08-01,126.32
EUA,"COICOP 4.1, 4.2, 4.3",Housing,2021-09-01,126.871
EUA,"COICOP 4.1, 4.2, 4.3",Housing,2021-10-01,127.498
EUA,"COICOP 4.1, 4.2, 4.3",Housing,2021-11-01,128.107
EUA,"COICOP 4.1, 4.2, 4.3",Housing,2021-12-01,128.606
EUA,"COICOP 4.1, 4.2, 4.3",Housing,2022-01-01,129.189
EUA,"COICOP 4.1, 4.2, 4.3",Housing,2022-02-01,129.767
EUA,"COICOP 4.1, 4.2, 4.3",Housing,2022-03-01,130.299
EUA,"COICOP 4.1, 4.2, 4.3",Housing,2022-04-01,130.874
EUA,"COICOP 4.1, 4.2, 4.3",Housing,2022-05-01,131.629
EUA,"COICOP 4.1, 4.2, 4.3",Housing,2022-06-01,132.568
EUA,"COICOP 4.1, 4.2, 4.3",Housing,2022-07-01,133.423
EUA,"COICOP 4.1, 4.2, 4.3",Housing,2022-08-01,134.416
EUA,"COICOP 4.1, 4.2, 4.3",Housing,2022-09-01,135.524
EUA,"COICOP 4.1, 4.2, 4.3",Housing,2022-10-01,136.474
EUA,"COICOP 4.1, 4.2, 4.3",Housing,2022-11-01,137.466
EUA,"COICOP 4.1, 4.2, 4.3",Housing,2022-12-01,138.543
EUA,"COICOP 4.1, 4.2, 4.3",Housing,2023-01-01,139.446
EUA,"COICOP 4.1, 4.2, 4.3",Housing,2023-02-01,140.393
EUA,"COICOP 4.1, 4.2, 4.3",Housing,2023-03-01,141.006
EUA,"COICOP 4.1, 4.2, 4.3",Housing,2023-04-01,141.719
EUA,"COICOP 4.1, 4.2, 4.3",Housing,2023-05-01,142.418
EUA,"COICOP 4.1, 4.2, 4.3",Housing,2023-06-01,143.106
EUA,"COICOP 4.1, 4.2, 4.3",Housing,2023-07-01,143.817
EUA,"COICOP 4.1, 4.2, 4.3",Housing,2023-08-01,144.44
EUA,"COICOP 4.1, 4.2, 4.3",Housing,2023-09-01,145.267
EUA,"COICOP 4.1, 4.2, 4.3",Housing,2023-10-01,145.964
EUA,"COICOP 4.1, 4.2, 4.3",Housing,2023-11-01,146.75
EUA,"COICOP 4.1, 4.2, 4.3",Housing,2023-12-01,147.399
EUA,"COICOP 4.1, 4.2, 4.3",Housing,2024-01-01,148.12
EUA,"COICOP 4.1, 4.2, 4.3",Housing,2024-02-01,148.735
EUA,"COICOP 4.1, 4.2, 4.3",Housing,2024-03-01,149.288
EUA,"COICOP 4.1, 4.2, 4.3",Housing,2024-04-01,149.775
EUA,"COICOP 4.1, 4.2, 4.3",Housing,2024-05-01,150.351
EUA,"COICOP 4.1, 4.2, 4.3",Housing,2024-06-01,150.786
EUA,"COICOP 4.1, 4.2, 4.3",Housing,2024-07-01,151.352
EUA,"COICOP 4.1, 4.2, 4.3",Housing,2024-08-01,152.065
EUA,"COICOP 4.1, 4.2, 4.3",Housing,2024-09-01,152.664
EUA,"COICOP 4.1, 4.2, 4.3",Housing,2024-10-01,153.324
EUA,"COICOP 4.1, 4.2, 4.3",Housing,2024-11-01,153.772
EUA,"COICOP 4.1, 4.2, 4.3",Housing,2024-12-01,154.286
EUA,COICOP_SASL2R,Services Less Rent of Shelter,2013-12-01,100.0
EUA,COICOP_SASL2R,Services Less Rent of Shelter,2014-01-01,100.675
EUA,COICOP_SASL2R,Services Less Rent of Shelter,2014-02-01,101.163
EUA,COICOP_SASL2R,Services Less Rent of Shelter,2014-03-01,101.759
EUA,COICOP_SASL2R,Services Less Rent of Shelter,2014-04-01,101.726
EUA,COICOP_SASL2R,Services Less Rent of Shelter,2014-05-01,102.461
EUA,COICOP_SASL2R,Services Less Rent of Shelter,2014-06-01,103.032
EUA,COICOP_SASL2R,Services Less Rent of Shelter,2014-07-01,103.064
EUA,COICOP_SASL2R,Services Less Rent of Shelter,2014-08-01,102.799
EUA,COICOP_SASL2R,Services Less Rent of Shelter,2014-09-01,102.674
EUA,COICOP_SASL2R,Services Less Rent of Shelter,2014-10-01,102.399
EUA,COICOP_SASL2R,Services Less Rent of Shelter,2014-11-01,102.192
EUA,COICOP_SASL2R,Services Less Rent of Shelter,2014-12-01,102.207
EUA,COICOP_SASL2R,Services Less Rent of Shelter,2015-01-01,102.699
EUA,COICOP_SASL2R,Services Less Rent of Shelter,2015-02-01,102.902
EUA,COICOP_SASL2R,Services Less Rent of Shelter,2015-03-01,103.028
EUA,COICOP_SASL2R,Services Less Rent of Shelter,2015-04-01,103.321
EUA,COICOP_SASL2R,Services Less Rent of Shelter,2015-05-01,103.601
EUA,COICOP_SASL2R,Services Less Rent of Shelter,2015-06-01,104.258
EUA,COICOP_SASL2R,Services Less Rent of Shelter,2015-07-01,104.272
EUA,COICOP_SASL2R,Services Less Rent of Shelter,2015-08-01,104.117
EUA,COICOP_SASL2R,Services Less Rent of Shelter,2015-09-01,104.103
EUA,COICOP_SASL2R,Services Less Rent of Shelter,2015-10-01,104.029
EUA,COICOP_SASL2R,Services Less Rent of Shelter,2015-11-01,104.046
EUA,COICOP_SASL2R,Services Less Rent of Shelter,2015-12-01,103.883
EUA,COICOP_SASL2R,Services Less Rent of Shelter,2016-01-01,104.399
EUA,COICOP_SASL2R,Services Less Rent of Shelter,2016-02-01,104.858
EUA,COICOP_SASL2R,Services Less Rent of Shelter,2016-03-01,105.112
EUA,COICOP_SASL2R,Services Less Rent of Shelter,2016-04-01,105.382
EUA,COICOP_SASL2R,Services Less Rent of Shelter,2016-05-01,105.962
EUA,COICOP_SASL2R,Services Less Rent of Shelter,2016-06-01,106.63
EUA,COICOP_SASL2R,Services Less Rent of Shelter,2016-07-01,106.702
EUA,COICOP_SASL2R,Services Less Rent of Shelter,2016-08-01,106.82
EUA,COICOP_SASL2R,Services Less Rent of Shelter,2016-09-01,106.744
EUA,COICOP_SASL2R,Services Less Rent of Shelter,2016-10-01,106.449
EUA,COICOP_SASL2R,Services Less Rent of Shelter,2016-11-01,106.4
EUA,COICOP_SASL2R,Services Less Rent of Shelter,2016-12-01,106.425
EUA,COICOP_SASL2R,Services Less Rent of Shelter,2017-01-01,107.06
EUA,COICOP_SASL2R,Services Less Rent of Shelter,2017-02-01,107.694
EUA,COICOP_SASL2R,Services Less Rent of Shelter,2017-03-01,107.419
EUA,COICOP_SASL2R,Services Less Rent of Shelter,2017-04-01,107.611
EUA,COICOP_SASL2R,Services Less Rent of Shelter,2017-05-01,108.045
EUA,COICOP_SASL2R,Services Less Rent of Shelter,2017-06-01,108.563
EUA,COICOP_SASL2R,Services Less Rent of Shelter,2017-07-01,108.489
EUA,COICOP_SASL2R,Services Less Rent of Shelter,2017-08-01,108.576
EUA,COICOP_SASL2R,Services Less Rent of Shelter,2017-09-01,108.615
EUA,COICOP_SASL2R,Services Less Rent of Shelter,2017-10-01,108.529
EUA,COICOP_SASL2R,Services Less Rent of Shelter,2017-11-01,108.381
EUA,COICOP_SASL2R,Services Less Rent of Shelter,2017-12-01,108.423
EUA,COICOP_SASL2R,Services Less Rent of Shelter,2018-01-01,108.961
EUA,COICOP_SASL2R,Services Less Rent of Shelter,2018-02-01,109.692
EUA,COICOP_SASL2R,Services Less Rent of Shelter,2018-03-01,109.934
EUA,COICOP_SASL2R,Services Less Rent of Shelter,2018-04-01,109.962
EUA,COICOP_SASL2R,Services Less Rent of Shelter,2018-05-01,110.509
EUA,COICOP_SASL2R,Services Less Rent of Shelter,2018-06-01,110.956
EUA,COICOP_SASL2R,Services Less Rent of Shelter,2018-07-01,110.951
EUA,COICOP_SASL2R,Services Less Rent of Shelter,2018-08-01,110.896
EUA,COICOP_SASL2R,Services Less Rent of Shelter,2018-09-01,110.878
EUA,COICOP_SASL2R,Services Less Rent of Shelter,2018-10-01,110.763
EUA,COICOP_SASL2R,Services Less Rent of Shelter,2018-11-01,110.582
EUA,COICOP_SASL2R,Services Less Rent of Shelter,2018-12-01,110.858
EUA,COICOP_SASL2R,Services Less Rent of Shelter,2019-01-01,111.215
EUA,COICOP_SASL2R,Services Less Rent of Shelter,2019-02-01,111.577
EUA,COICOP_SASL2R,Services Less Rent of Shelter,2019-03-01,111.832
EUA,COICOP_SASL2R,Services Less Rent of Shelter,2019-04-01,111.999
EUA,COICOP_SASL2R,Services Less Rent of Shelter,2019-05-01,112.266
EUA,COICOP_SASL2R,Services Less Rent of Shelter,2019-06-01,112.737
EUA,COICOP_SASL2R,Services Less Rent of Shelter,2019-07-01,112.896
EUA,COICOP_SASL2R,Services Less Rent of Shelter,2019-08-01,112.986
EUA,COICOP_SASL2R,Services Less Rent of Shelter,2019-09-01,113.041
EUA,COICOP_SASL2R,Services Less Rent of Shelter,2019-10-01,113.22
EUA,COICOP_SASL2R,Services Less Rent of Shelter,2019-11-01,113.26
EUA,COICOP_SASL2R,Services Less Rent of Shelter,2019-12-01,113.18
EUA,COICOP_SASL2R,Services Less Rent of Shelter,2020-01-01,113.826
EUA,COICOP_SASL2R,Services Less Rent of Shelter,2020-02-01,114.411
EUA,COICOP_SASL2R,Services Less Rent of Shelter,2020-03-01,114.073
EUA,COICOP_SASL2R,Services Less Rent of Shelter,2020-04-01,113.129
EUA,COICOP_SASL2R,Services Less Rent of Shelter,2020-05-01,112.964
EUA,COICOP_SASL2R,Services Less Rent of Shelter,2020-06-01,113.593
EUA,COICOP_SASL2R,Services Less Rent of Shelter,2020-07-01,114.442
EUA,COICOP_SASL2R,Services Less Rent of Shelter,2020-08-01,114.474
EUA,COICOP_SASL2R,Services Less Rent of Shelter,2020-09-01,114.425
EUA,COICOP_SASL2R,Services Less Rent of Shelter,2020-10-01,114.215
EUA,COICOP_SASL2R,Services Less Rent of Shelter,2020-11-01,114.559
EUA,COICOP_SASL2R,Services Less Rent of Shelter,2020-12-01,114.418
EUA,COICOP_SASL2R,Services Less Rent of Shelter,2021-01-01,114.601
EUA,COICOP_SASL2R,Services Less Rent of Shelter,2021-02-01,115.189
EUA,COICOP_SASL2R,Services Less Rent of Shelter,2021-03-01,115.731
EUA,COICOP_SASL2R,Services Less Rent of Shelter,2021-04-01,116.644
EUA,COICOP_SASL2R,Services Less Rent of Shelter,2021-05-01,117.347
EUA,COICOP_SASL2R,Services Less Rent of Shelter,2021-06-01,118.187
EUA,COICOP_SASL2R,Services Less Rent of Shelter,2021-07-01,118.646
EUA,COICOP_SASL2R,Services Less Rent of Shelter,2021-08-01,118.492
EUA,COICOP_SASL2R,Services Less Rent of Shelter,2021-09-01,118.491
EUA,COICOP_SASL2R,Services Less Rent of Shelter,2021-10-01,119.052
EUA,COICOP_SASL2R,Services Less Rent of Shelter,2021-11-01,119.227
EUA,COICOP_SASL2R,Services Less Rent of Shelter,2021-12-01,119.337
EUA,COICOP_SASL2R,Services Less Rent of Shelter,2022-01-01,120.428
EUA,COICOP_SASL2R,Services Less Rent of Shelter,2022-02-01,121.293
EUA,COICOP_SASL2R,Services Less Rent of Shelter,2022-03-01,122.422
EUA,COICOP_SASL2R,Services Less Rent of Shelter,2022-04-01,123.75
EUA,COICOP_SASL2R,Services Less Rent of Shelter,2022-05-01,125.046
EUA,COICOP_SASL2R,Services Less Rent of Shelter,2022-06-01,126.592
EUA,COICOP_SASL2R,Services Less Rent of Shelter,2022-07-01,126.678
EUA,COICOP_SASL2R,Services Less Rent of Shelter,2022-08-01,127.226
EUA,COICOP_SASL2R,Services Less Rent of Shelter,2022-09-01,127.954
EUA,COICOP_SASL2R,Services Less Rent of Shelter,2022-10-01,128.011
EUA,COICOP_SASL2R,Services Less Rent of Shelter,2022-11-01,127.836
EUA,COICOP_SASL2R,Services Less Rent of Shelter,2022-12-01,128.092
EUA,COICOP_SASL2R,Services Less Rent of Shelter,2023-01-01,129.122
EUA,COICOP_SASL2R,Services Less Rent of Shelter,2023-02-01,129.418
EUA,COICOP_SASL2R,Services Less Rent of Shelter,2023-03-01,129.314
EUA,COICOP_SASL2R,Services Less Rent of Shelter,2023-04-01,129.522
EUA,COICOP_SASL2R,Services Less Rent of Shelter,2023-05-01,129.542
EUA,COICOP_SASL2R,Services Less Rent of Shelter,2023-06-01,130.083
EUA,COICOP_SASL2R,Services Less Rent of Shelter,2023-07-01,130.257
EUA,COICOP_SASL2R,Services Less Rent of Shelter,2023-08-01,130.754
EUA,COICOP_SASL2R,Services Less Rent of Shelter,2023-09-01,131.227
EUA,COICOP_SASL2R,Services Less Rent of Shelter,2023-10-01,131.566
EUA,COICOP_SASL2R,Services Less Rent of Shelter,2023-11-01,132.153
EUA,COICOP_SASL2R,Services Less Rent of Shelter,2023-12-01,132.375
EUA,COICOP_SASL2R,Services Less Rent of Shelter,2024-01-01,133.658
EUA,COICOP_SASL2R,Services Less Rent of Shelter,2024-02-01,134.425
EUA,COICOP_SASL2R,Services Less Rent of Shelter,2024-03-01,135.441
EUA,COICOP_SASL2R,Services Less Rent of Shelter,2024-04-01,135.794
EUA,COICOP_SASL2R,Services Less Rent of Shelter,2024-05-01,136.013
EUA,COICOP_SASL2R,Services Less Rent of Shelter,2024-06-01,136.418
EUA,COICOP_SASL2R,Services Less Rent of Shelter,2024-07-01,136.357
EUA,COICOP_SASL2R,Services Less Rent of Shelter,2024-08-01,136.507
EUA,COICOP_SASL2R,Services Less Rent of Shelter,2024-09-01,137.326
EUA,COICOP_SASL2R,Services Less Rent of Shelter,2024-10-01,137.876
EUA,COICOP_SASL2R,Services Less Rent of Shelter,2024-11-01,138.104
EUA,COICOP_SASL2R,Services Less Rent of Shelter,2024-12-01,138.163
EUA,SAC,Commodities,2013-12-01,100.0
EUA,SAC,Commodities,2014-01-01,100.286
EUA,SAC,Commodities,2014-02-01,100.764
EUA,SAC,Commodities,2014-03-01,101.738
EUA,SAC,Commodities,2014-04-01,102.454
EUA,SAC,Commodities,2014-05-01,102.638
EUA,SAC,Commodities,2014-06-01,102.533
EUA,SAC,Commodities,2014-07-01,102.2
EUA,SAC,Commodities,2014-08-01,101.751
EUA,SAC,Commodities,2014-09-01,101.834
EUA,SAC,Commodities,2014-10-01,101.152
EUA,SAC,Commodities,2014-11-01,99.645
EUA,SAC,Commodities,2014-12-01,98.009
EUA,SAC,Commodities,2015-01-01,96.204
EUA,SAC,Commodities,2015-02-01,96.974
EUA,SAC,Commodities,2015-03-01,98.22
EUA,SAC,Commodities,2015-04-01,98.335
EUA,SAC,Commodities,2015-05-01,99.267
EUA,SAC,Commodities,2015-06-01,99.407
EUA,SAC,Commodities,2015-07-01,99.163
EUA,SAC,Commodities,2015-08-01,98.66
EUA,SAC,Commodities,2015-09-01,97.977
EUA,SAC,Commodities,2015-10-01,97.674
EUA,SAC,Commodities,2015-11-01,96.876
EUA,SAC,Commodities,2015-12-01,95.902
EUA,SAC,Commodities,2016-01-01,95.71
EUA,SAC,Commodities,2016-02-01,95.38
EUA,SAC,Commodities,2016-03-01,96.128
EUA,SAC,Commodities,2016-04-01,96.939
EUA,SAC,Commodities,2016-05-01,97.288
EUA,SAC,Commodities,2016-06-01,97.373
EUA,SAC,Commodities,2016-07-01,96.64
EUA,SAC,Commodities,2016-08-01,96.506
EUA,SAC,Commodities,2016-09-01,96.889
EUA,SAC,Commodities,2016-10-01,97.134
EUA,SAC,Commodities,2016-11-01,96.441
EUA,SAC,Commodities,2016-12-01,96.268
EUA,SAC,Commodities,2017-01-01,97.13
EUA,SAC,Commodities,2017-02-01,97.296
EUA,SAC,Commodities,2017-03-01,97.581
EUA,SAC,Commodities,2017-04-01,98.068
EUA,SAC,Commodities,2017-05-01,97.771
EUA,SAC,Commodities,2017-06-01,97.357
EUA,SAC,Commodities,2017-07-01,96.992
EUA,SAC,Commodities,2017-08-01,97.38
EUA,SAC,Commodities,2017-09-01,98.533
EUA,SAC,Commodities,2017-10-01,98.109
EUA,SAC,Commodities,2017-11-01,97.964
EUA,SAC,Commodities,2017-12-01,97.48
EUA,SAC,Commodities,2018-01-01,98.282
EUA,SAC,Commodities,2018-02-01,98.794
EUA,SAC,Commodities,2018-03-01,99.007
EUA,SAC,Commodities,2018-04-01,99.811
EUA,SAC,Commodities,2018-05-01,100.31
EUA,SAC,Commodities,2018-06-01,100.184
EUA,SAC,Commodities,2018-07-01,99.95
EUA,SAC,Commodities,2018-08-01,99.862
EUA,SAC,Commodities,2018-09-01,99.972
EUA,SAC,Commodities,2018-10-01,100.241
EUA,SAC,Commodities,2018-11-01,99.167
EUA,SAC,Commodities,2018-12-01,97.916
EUA,SAC,Commodities,2019-01-01,97.948
EUA,SAC,Commodities,2019-02-01,98.587
EUA,SAC,Commodities,2019-03-01,99.66
EUA,SAC,Commodities,2019-04-01,100.679
EUA,SAC,Commodities,2019-05-01,100.869
EUA,SAC,Commodities,2019-06-01,100.263
EUA,SAC,Commodities,2019-07-01,100.375
EUA,SAC,Commodities,2019-08-01,100.034
EUA,SAC,Commodities,2019-09-01,99.938
EUA,SAC,Commodities,2019-10-01,100.209
EUA,SAC,Commodities,2019-11-01,99.765
EUA,SAC,Commodities,2019-12-01,99.363
EUA,SAC,Commodities,2020-01-01,99.694
EUA,SAC,Commodities,2020-02-01,99.843
EUA,SAC,Commodities,2020-03-01,99.321
EUA,SAC,Commodities,2020-04-01,98.124
EUA,SAC,Commodities,2020-05-01,98.083
EUA,SAC,Commodities,2020-06-01,98.92
EUA,SAC,Commodities,2020-07-01,99.443
EUA,SAC,Commodities,2020-08-01,100.112
EUA,SAC,Commodities,2020-09-01,100.437
EUA,SAC,Commodities,2020-10-01,100.474
EUA,SAC,Commodities,2020-11-01,99.984
EUA,SAC,Commodities,2020-12-01,100.237
EUA,SAC,Commodities,2021-01-01,101.167
EUA,SAC,Commodities,2021-02-01,102.036
EUA,SAC,Commodities,2021-03-01,103.369
EUA,SAC,Commodities,2021-04-01,104.758
EUA,SAC,Commodities,2021-05-01,106.192
EUA,SAC,Commodities,2021-06-01,107.858
EUA,SAC,Commodities,2021-07-01,108.615
EUA,SAC,Commodities,2021-08-01,109.09
EUA,SAC,Commodities,2021-09-01,109.53
EUA,SAC,Commodities,2021-10-01,111.05
EUA,SAC,Commodities,2021-11-01,111.898
EUA,SAC,Commodities,2021-12-01,112.379
EUA,SAC,Commodities,2022-01-01,113.627
EUA,SAC,Commodities,2022-02-01,115.266
EUA,SAC,Commodities,2022-03-01,118.012
EUA,SAC,Commodities,2022-04-01,118.33
EUA,SAC,Commodities,2022-05-01,120.177
EUA,SAC,Commodities,2022-06-01,122.519
EUA,SAC,Commodities,2022-07-01,121.811
EUA,SAC,Commodities,2022-08-01,120.616
EUA,SAC,Commodities,2022-09-01,119.962
EUA,SAC,Commodities,2022-10-01,120.538
EUA,SAC,Commodities,2022-11-01,119.658
EUA,SAC,Commodities,2022-12-01,117.769
EUA,SAC,Commodities,2023-01-01,118.772
EUA,SAC,Commodities,2023-02-01,119.452
EUA,SAC,Commodities,2023-03-01,119.844
EUA,SAC,Commodities,2023-04-01,120.791
EUA,SAC,Commodities,2023-05-01,120.952
EUA,SAC,Commodities,2023-06-01,121.086
EUA,SAC,Commodities,2023-07-01,121.051
EUA,SAC,Commodities,2023-08-01,121.839
EUA,SAC,Commodities,2023-09-01,121.68
EUA,SAC,Commodities,2023-10-01,121.05
EUA,SAC,Commodities,2023-11-01,119.602
EUA,SAC,Commodities,2023-12-01,118.694
EUA,SAC,Commodities,2024-01-01,118.888
EUA,SAC,Commodities,2024-02-01,119.753
EUA,SAC,Commodities,2024-03-01,120.549
EUA,SAC,Commodities,2024-04-01,121.173
EUA,SAC,Commodities,2024-05-01,121.098
EUA,SAC,Commodities,2024-06-01,120.651
EUA,SAC,Commodities,2024-07-01,120.62
EUA,SAC,Commodities,2024-08-01,120.332
EUA,SAC,Commodities,2024-09-01,120.143
EUA,SAC,Commodities,2024-10-01,119.857
EUA,SAC,Commodities,2024-11-01,119.309
EUA,SAC,Commodities,2024-12-01,119.031
EUA,SAS,Services,2013-12-01,100.0
EUA,SAS,Services,2014-01-01,100.427
EUA,SAS,Services,2014-02-01,100.73
EUA,SAS,Services,2014-03-01,101.172
EUA,SAS,Services,2014-04-01,101.262
EUA,SAS,Services,2014-05-01,101.726
EUA,SAS,Services,2014-06-01,102.104
EUA,SAS,Services,2014-07-01,102.251
EUA,SAS,Services,2014-08-01,102.258
EUA,SAS,Services,2014-09-01,102.331
EUA,SAS,Services,2014-10-01,102.346
EUA,SAS,Services,2014-11-01,102.406
EUA,SAS,Services,2014-12-01,102.509
EUA,SAS,Services,2015-01-01,102.884
EUA,SAS,Services,2015-02-01,103.106
EUA,SAS,Services,2015-03-01,103.293
EUA,SAS,Services,2015-04-01,103.557
EUA,SAS,Services,2015-05-01,103.809
EUA,SAS,Services,2015-06-01,104.306
EUA,SAS,Services,2015-07-01,104.472
EUA,SAS,Services,2015-08-01,104.555
EUA,SAS,Services,2015-09-01,104.73
EUA,SAS,Services,2015-10-01,104.849
EUA,SAS,Services,2015-11-01,105.004
EUA,SAS,Services,2015-12-01,105.056
EUA,SAS,Services,2016-01-01,105.453
EUA,SAS,Services,2016-02-01,105.801
EUA,SAS,Services,2016-03-01,106.041
EUA,SAS,Services,2016-04-01,106.317
EUA,SAS,Services,2016-05-01,106.774
EUA,SAS,Services,2016-06-01,107.274
EUA,SAS,Services,2016-07-01,107.468
EUA,SAS,Services,2016-08-01,107.709
EUA,SAS,Services,2016-09-01,107.872
EUA,SAS,Services,2016-10-01,107.926
EUA,SAS,Services,2016-11-01,108.105
EUA,SAS,Services,2016-12-01,108.271
EUA,SAS,Services,2017-01-01,108.71
EUA,SAS,Services,2017-02-01,109.141
EUA,SAS,Services,2017-03-01,109.098
EUA,SAS,Services,2017-04-01,109.294
EUA,SAS,Services,2017-05-01,109.63
EUA,SAS,Services,2017-06-01,110.051
EUA,SAS,Services,2017-07-01,110.166
EUA,SAS,Services,2017-08-01,110.434
EUA,SAS,Services,2017-09-01,110.61
EUA,SAS,Services,2017-10-01,110.772
EUA,SAS,Services,2017-11-01,110.869
EUA,SAS,Services,2017-12-01,111.081
EUA,SAS,Services,2018-01-01,111.502
EUA,SAS,Services,2018-02-01,111.962
EUA,SAS,Services,2018-03-01,112.223
EUA,SAS,Services,2018-04-01,112.39
EUA,SAS,Services,2018-05-01,112.801
EUA,SAS,Services,2018-06-01,113.175
EUA,SAS,Services,2018-07-01,113.345
EUA,SAS,Services,2018-08-01,113.506
EUA,SAS,Services,2018-09-01,113.642
EUA,SAS,Services,2018-10-01,113.78
EUA,SAS,Services,2018-11-01,113.899
EUA,SAS,Services,2018-12-01,114.171
EUA,SAS,Services,2019-01-01,114.493
EUA,SAS,Services,2019-02-01,114.824
EUA,SAS,Services,2019-03-01,115.121
EUA,SAS,Services,2019-04-01,115.397
EUA,SAS,Services,2019-05-01,115.659
EUA,SAS,Services,2019-06-01,116.107
EUA,SAS,Services,2019-07-01,116.339
EUA,SAS,Services,2019-08-01,116.561
EUA,SAS,Services,2019-09-01,116.771
EUA,SAS,Services,2019-10-01,117.009
EUA,SAS,Services,2019-11-01,117.211
EUA,SAS,Services,2019-12-01,117.316
EUA,SAS,Services,2020-01-01,117.81
EUA,SAS,Services,2020-02-01,118.221
EUA,SAS,Services,2020-03-01,118.179
EUA,SAS,Services,2020-04-01,117.767
EUA,SAS,Services,2020-05-01,117.8
EUA,SAS,Services,2020-06-01,118.231
EUA,SAS,Services,2020-07-01,118.813
EUA,SAS,Services,2020-08-01,118.936
EUA,SAS,Services,2020-09-01,118.97
EUA,SAS,Services,2020-10-01,119.023
EUA,SAS,Services,2020-11-01,119.254
EUA,SAS,Services,2020-12-01,119.253
EUA,SAS,Services,2021-01-01,119.404
EUA,SAS,Services,2021-02-01,119.833
EUA,SAS,Services,2021-03-01,120.25
EUA,SAS,Services,2021-04-01,120.856
EUA,SAS,Services,2021-05-01,121.403
EUA,SAS,Services,2021-06-01,122.05
EUA,SAS,Services,2021-07-01,122.468
EUA,SAS,Services,2021-08-01,122.544
EUA,SAS,Services,2021-09-01,122.774
EUA,SAS,Services,2021-10-01,123.362
EUA,SAS,Services,2021-11-01,123.754
EUA,SAS,Services,2021-12-01,124.037
EUA,SAS,Services,2022-01-01,124.867
EUA,SAS,Services,2022-02-01,125.581
EUA,SAS,Services,2022-03-01,126.403
EUA,SAS,Services,2022-04-01,127.35
EUA,SAS,Services,2022-05-01,128.37
EUA,SAS,Services,2022-06-01,129.643
EUA,SAS,Services,2022-07-01,130.119
EUA,SAS,Services,2022-08-01,130.889
EUA,SAS,Services,2022-09-01,131.817
EUA,SAS,Services,2022-10-01,132.288
EUA,SAS,Services,2022-11-01,132.692
EUA,SAS,Services,2022-12-01,133.362
EUA,SAS,Services,2023-01-01,134.385
EUA,SAS,Services,2023-02-01,135.123
EUA,SAS,Services,2023-03-01,135.573
EUA,SAS,Services,2023-04-01,136.019
EUA,SAS,Services,2023-05-01,136.462
EUA,SAS,Services,2023-06-01,137.083
EUA,SAS,Services,2023-07-01,137.533
EUA,SAS,Services,2023-08-01,137.95
EUA,SAS,Services,2023-09-01,138.619
EUA,SAS,Services,2023-10-01,138.978
EUA,SAS,Services,2023-11-01,139.547
EUA,SAS,Services,2023-12-01,139.964
EUA,SAS,Services,2024-01-01,141.028
EUA,SAS,Services,2024-02-01,141.815
EUA,SAS,Services,2024-03-01,142.717
EUA,SAS,Services,2024-04-01,143.17
EUA,SAS,Services,2024-05-01,143.591
EUA,SAS,Services,2024-06-01,143.963
EUA,SAS,Services,2024-07-01,144.243
EUA,SAS,Services,2024-08-01,144.617
EUA,SAS,Services,2024-09-01,145.102
EUA,SAS,Services,2024-10-01,145.55
EUA,SAS,Services,2024-11-01,145.791
EUA,SAS,Services,2024-12-01,146.056
